Company,Normalized name,Bonus %,Cash %,Total %,Book Close,Fiscal Year,Status
ACLBSL,Aarambha Chautari Laghubitta Bittiya Sanstha Limited,21%,0%,21%,2022-03-31,2077/2078,Closed
ACLBSL,Aarambha Chautari Laghubitta Bittiya Sanstha Limited,8.85%,0%,8.85%,2021-03-31,2076/2077,Closed
ADBL,Agriculture Development Bank Limited,3%,7.53%,10.53%,2024-12-31,2080/2081,Closed
ADBL,Agriculture Development Bank Limited,2%,11%,13%,2023-03-14,2078/2079,Closed
ADBL,Agriculture Development Bank Limited,20%,1.05%,21.05%,2021-12-31,2077/2078,Closed
ADBL,Agriculture Development Bank Limited,15%,0.79%,15.79%,2020-12-30,2076/2077,Closed
ADBL,Agriculture Development Bank Limited,6%,24%,30%,2019-12-29,2075/2076,Closed
ADBL,Agriculture Development Bank Limited,6%,15.05%,21.05%,2019-02-28,2074/2075,Closed
ADBL,Agriculture Development Bank Limited,20%,1.05%,21.05%,2018-01-29,2073/2074,Closed
ADBL,Agriculture Development Bank Limited,20%,1.05%,21.05%,2017-04-03,2072/2073,Closed
ADBL,Agriculture Development Bank Limited,15%,0.79%,15.79%,2016-04-11,2071/2072,Closed
ADBL,Agriculture Development Bank Limited,7%,8%,15%,2015-04-19,2070/2071,Closed
ADBL,Agriculture Development Bank Limited,0%,31.58%,31.58%,2014-05-02,2069/2070,Closed
ADLB,Adarsha Laghubitta Bittiya Sanstha Limited,20%,1.05%,21.05%,2023-02-28,2078/2079,Closed
AHPC,Arun Valley Hydropower Development Co. Ltd.,3%,0.16%,3.16%,2024-10-21,2080/2081,Closed
AHPC,Arun Valley Hydropower Development Co. Ltd.,8%,0.42%,8.42%,2023-02-01,2078/2079,Closed
AHPC,Arun Valley Hydropower Development Co. Ltd.,10%,0.53%,10.53%,2021-09-27,2077/2078,Closed
AHPC,Arun Valley Hydropower Development Co. Ltd.,5%,0.26%,5.26%,2020-12-11,2076/2077,Closed
AHPC,Arun Valley Hydropower Development Co. Ltd.,7%,0.37%,7.37%,2019-12-26,2075/2076,Closed
AHPC,Arun Valley Hydropower Development Co. Ltd.,10%,0.53%,10.53%,2017-08-25,2073/2074,Closed
AHPC,Arun Valley Hydropower Development Co. Ltd.,10%,0.53%,10.53%,2016-08-15,2072/2073,Closed
AHPC,Arun Valley Hydropower Development Co. Ltd.,0%,11%,11%,2015-08-27,2071/2072,Closed
AHPC,Arun Valley Hydropower Development Co. Ltd.,10%,0.53%,10.53%,2014-08-22,2070/2071,Closed
AHPC,Arun Valley Hydropower Development Co. Ltd.,15%,0.75%,15.75%,2013-08-09,2069/2070,Closed
AKBSL,Adhikhola Laghubitta Bittiya Sanstha Limited,30%,1.58%,31.58%,2023-01-17,2078/2079,Closed
AKBSL,Adhikhola Laghubitta Bittiya Sanstha Limited,19%,1%,20%,2022-01-02,2077/2078,Closed
AKPL,Arun Kabeli Power Ltd.,10%,0.53%,10.53%,2022-11-04,2078/2079,Closed
AKPL,Arun Kabeli Power Ltd.,17%,0.89%,17.89%,2021-08-31,2077/2078,Closed
AKPL,Arun Kabeli Power Ltd.,5.71%,0.29%,6%,2020-11-27,2076/2077,Closed
ALBSL,Asha Laghubitta Bittiya Sanstha Ltd,14.25%,0.75%,15%,2024-11-10,2080/2081,Closed
ALBSL,Asha Laghubitta Bittiya Sanstha Ltd,14.29%,0.71%,15%,2023-03-10,2078/2079,Closed
ALBSL,Asha Laghubitta Bittiya Sanstha Ltd,25%,1.32%,26.32%,2021-10-29,2077/2078,Closed
ALBSL,Asha Laghubitta Bittiya Sanstha Ltd,15%,0.79%,15.79%,2020-12-27,2076/2077,Closed
ALBSL,Asha Laghubitta Bittiya Sanstha Ltd,12%,0.63%,12.63%,2019-10-02,2075/2076,Closed
ALICL,Asian Life Insurance Co. Limited,3.60%,0%,3.60%,2025-07-04,2080/2081,Closed
ALICL,Asian Life Insurance Co. Limited,7.75%,0.41%,8.16%,2024-02-20,2079/2080,Closed
ALICL,Asian Life Insurance Co. Limited,8.50%,0.45%,8.95%,2023-04-21,2078/2079,Closed
ALICL,Asian Life Insurance Co. Limited,14.50%,0.76%,15.26%,2022-09-20,2077/2078,Closed
ALICL,Asian Life Insurance Co. Limited,25%,2%,27%,2022-01-26,2076/2077,Closed
ALICL,Asian Life Insurance Co. Limited,4%,0.21%,4.21%,2018-05-18,2073/2074,Closed
ALICL,Asian Life Insurance Co. Limited,20%,1.05%,21.05%,2017-03-16,2072/2073,Closed
ALICL,Asian Life Insurance Co. Limited,28.50%,1.50%,30%,2015-05-24,2070/2071,Closed
AMFI,Arambha Microfinance Bittiya Sanstha Ltd.,7.38%,0%,7.38%,2019-12-15,2075/2076,Closed
ANLB,Aatmanirbhar Laghubitta Bittiya Sanstha Limited,14.25%,0.75%,15%,2024-12-31,2080/2081,Closed
ANLB,Aatmanirbhar Laghubitta Bittiya Sanstha Limited,10%,5%,15%,2024-01-01,2079/2080,Closed
API,Api Power Company Ltd.,5%,0.26%,5.26%,2024-10-18,2080/2081,Closed
API,Api Power Company Ltd.,7.50%,0.39%,7.89%,2023-02-16,2078/2079,Closed
API,Api Power Company Ltd.,10.50%,0.55%,11.05%,2021-09-03,2077/2078,Closed
API,Api Power Company Ltd.,9%,0.47%,9.47%,2020-11-16,2076/2077,Closed
API,Api Power Company Ltd.,5%,0.26%,5.26%,2020-03-14,2075/2076,Closed
API,Api Power Company Ltd.,5%,0%,5%,2018-12-30,2074/2075,Closed
API,Api Power Company Ltd.,8%,0%,8%,2018-01-05,2073/2074,Closed
API,Api Power Company Ltd.,5%,0%,5%,2016-08-17,2072/2073,Closed
BARUN,Barun Hydropower Co. Ltd.,5%,0.26%,5.26%,2020-12-31,2076/2077,Closed
BARUN,Barun Hydropower Co. Ltd.,5%,0.26%,5.26%,2017-10-04,2073/2074,Closed
BBC,Bishal Bazar Company Limited,0%,14%,14%,2025-02-21,2075/2076,Closed
BGWT,Bhagawati Hydropower Development Company Limited,4%,10.74%,14.74%,2024-09-18,2080/2081,Closed
BGWT,Bhagawati Hydropower Development Company Limited,0%,10.53%,10.53%,2023-12-21,2079/2080,Closed
BHBL,Bhargav Bikash Bank Ltd.,0%,6%,6%,2019-05-04,2074/2075,Closed
BHBL,Bhargav Bikash Bank Ltd.,5.55%,0.29%,5.84%,2018-05-10,2073/2074,Closed
BHBL,Bhargav Bikash Bank Ltd.,20%,1.05%,21.05%,2016-12-25,2072/2073,Closed
BHBL,Bhargav Bikash Bank Ltd.,20%,1.05%,21.05%,2016-06-29,2071/2072,Closed
BHDC,Bindhyabasini Hydropower Development Company Limited,8%,0%,8%,2024-11-13,2080/2081,Closed
BHDC,Bindhyabasini Hydropower Development Company Limited,0%,5.26%,5.26%,2024-01-02,2079/2080,Closed
BHDC,Bindhyabasini Hydropower Development Company Limited,5%,0.03%,5.03%,2022-12-28,2078/2079,Closed
BNL,Bottlers Nepal (Balaju) Limited,0%,20%,20%,2023-01-04,2078/2079,Closed
BNL,Bottlers Nepal (Balaju) Limited,0%,20%,20%,2018-09-17,2074/2075,Closed
BNL,Bottlers Nepal (Balaju) Limited,0%,60%,60%,2013-11-26,2069/2070,Closed
BNT,Bottlers Nepal (Terai) Limited,0%,50%,50%,2025-01-03,2080/2081,Closed
BNT,Bottlers Nepal (Terai) Limited,0%,60%,60%,2024-01-05,2079/2080,Closed
BNT,Bottlers Nepal (Terai) Limited,0%,60%,60%,2023-01-04,2078/2079,Closed
BNT,Bottlers Nepal (Terai) Limited,0%,40%,40%,2019-10-31,2075/2076,Closed
BNT,Bottlers Nepal (Terai) Limited,0%,40%,40%,2018-09-18,2074/2075,Closed
BNT,Bottlers Nepal (Terai) Limited,0%,25%,25%,2017-11-27,2073/2074,Closed
BNT,Bottlers Nepal (Terai) Limited,0%,25%,25%,2015-12-28,2071/2072,Closed
BNT,Bottlers Nepal (Terai) Limited,0%,22%,22%,2014-12-28,2070/2071,Closed
BOKL,Bank of Kathmandu Ltd.,6%,14.95%,20.95%,2022-11-25,2078/2079,Closed
BOKL,Bank of Kathmandu Ltd.,10%,4%,14%,2021-11-26,2077/2078,Closed
BOKL,Bank of Kathmandu Ltd.,13%,3%,16%,2020-11-13,2076/2077,Closed
BOKL,Bank of Kathmandu Ltd.,6%,11%,17%,2019-10-03,2075/2076,Closed
BOKL,Bank of Kathmandu Ltd.,14%,11%,25%,2019-01-14,2074/2075,Closed
BOKL,Bank of Kathmandu Ltd.,13.25%,0%,13.25%,2018-06-22,2073/2074,Closed
BOKL,Bank of Kathmandu Ltd.,23%,0%,23%,2017-02-26,2072/2073,Closed
BPCL,Butwal Power Company Limited,0%,5%,5%,2025-01-02,2080/2081,Closed
BPCL,Butwal Power Company Limited,0%,5%,5%,2024-01-04,2079/2080,Closed
BPCL,Butwal Power Company Limited,5%,7.50%,12.50%,2023-01-02,2078/2079,Closed
BPCL,Butwal Power Company Limited,10%,10%,20%,2021-12-26,2077/2078,Closed
BPCL,Butwal Power Company Limited,10%,15%,25%,2021-01-01,2076/2077,Closed
BPCL,Butwal Power Company Limited,10%,18%,28%,2019-12-25,2075/2076,Closed
BPCL,Butwal Power Company Limited,10%,18%,28%,2018-12-21,2074/2075,Closed
BPCL,Butwal Power Company Limited,0%,20%,20%,2018-05-10,2073/2074,Closed
BPCL,Butwal Power Company Limited,7%,20%,27%,2016-12-05,2072/2073,Closed
BPCL,Butwal Power Company Limited,0%,20%,20%,2015-12-02,2071/2072,Closed
BPCL,Butwal Power Company Limited,0%,15%,15%,2014-12-29,2070/2071,Closed
BPCL,Butwal Power Company Limited,0%,18%,18%,2014-02-05,2069/2070,Closed
C30MF,Citizens Super 30 Mutual Fund,0%,12.75%,12.75%,2025-08-29,2081/2082,Closed
C30MF,Citizens Super 30 Mutual Fund,0%,10%,10%,2024-10-09,2080/2081,Closed
CBBL,Chhimek Laghubitta Bikas Bank Limited,8%,7%,15%,2024-12-31,2080/2081,Closed
CBBL,Chhimek Laghubitta Bikas Bank Limited,5%,10%,15%,2024-01-02,2079/2080,Closed
CBBL,Chhimek Laghubitta Bikas Bank Limited,22%,3.26%,25.26%,2023-03-09,2078/2079,Closed
CBBL,Chhimek Laghubitta Bikas Bank Limited,27%,3%,30%,2021-12-22,2077/2078,Closed
CBBL,Chhimek Laghubitta Bikas Bank Limited,22%,7%,29%,2020-12-30,2076/2077,Closed
CBBL,Chhimek Laghubitta Bikas Bank Limited,27.11%,17.21%,44.32%,2019-12-02,2075/2076,Closed
CBBL,Chhimek Laghubitta Bikas Bank Limited,18%,22%,40%,2019-04-29,2074/2075,Closed
CBBL,Chhimek Laghubitta Bikas Bank Limited,19.89%,25.11%,45%,2017-10-23,2073/2074,Closed
CBBL,Chhimek Laghubitta Bikas Bank Limited,40%,12.70%,52.70%,2016-12-11,2072/2073,Closed
CBBL,Chhimek Laghubitta Bikas Bank Limited,40%,12.70%,52.70%,2015-12-11,2071/2072,Closed
CBBL,Chhimek Laghubitta Bikas Bank Limited,35%,10%,45%,2014-11-21,2070/2071,Closed
CBBL,Chhimek Laghubitta Bikas Bank Limited,33.23%,15%,48.23%,2013-12-08,2069/2070,Closed
CBL,Civil Bank Ltd,5%,0.26%,5.26%,2023-01-03,2078/2079,Closed
CBL,Civil Bank Ltd,5%,0.26%,5.26%,2022-01-04,2077/2078,Closed
CBL,Civil Bank Ltd,8%,0.42%,8.42%,2021-02-05,2076/2077,Closed
CBL,Civil Bank Ltd,0%,6.57%,6.57%,2019-12-09,2075/2076,Closed
CBL,Civil Bank Ltd,0%,4.05%,4.05%,2019-04-23,2074/2075,Closed
CBL,Civil Bank Ltd,10.25%,0.54%,10.79%,2019-04-23,2073/2074,Closed
CBL,Civil Bank Ltd,2.88%,0.15%,3.03%,2017-05-04,2072/2073,Closed
CBL,Civil Bank Ltd,6.75%,0.35%,7.10%,2016-01-06,2071/2072,Closed
CBL,Civil Bank Ltd,7%,1.50%,8.50%,2015-01-06,2070/2071,Closed
CBL,Civil Bank Ltd,0%,5.75%,5.75%,2013-10-08,2069/2070,Closed
CCBL,Century Commercial Bank Ltd.,4.75%,0.25%,5%,2022-12-19,2078/2079,Closed
CCBL,Century Commercial Bank Ltd.,5.75%,0.30%,6.05%,2022-01-03,2077/2078,Closed
CCBL,Century Commercial Bank Ltd.,5.25%,2.25%,7.50%,2020-12-31,2076/2077,Closed
CCBL,Century Commercial Bank Ltd.,2%,4.75%,6.75%,2020-03-13,2075/2076,Closed
CCBL,Century Commercial Bank Ltd.,2%,4.50%,6.50%,2019-04-12,2074/2075,Closed
CCBL,Century Commercial Bank Ltd.,5%,5%,10%,2018-02-23,2073/2074,Closed
CCBL,Century Commercial Bank Ltd.,10%,0%,10%,2017-03-31,2072/2073,Closed
CCBL,Century Commercial Bank Ltd.,9%,0.47%,9.47%,2016-01-22,2071/2072,Closed
CCBL,Century Commercial Bank Ltd.,6%,3.47%,9.47%,2015-02-11,2070/2071,Closed
CFCL,Central Finance Co. Ltd.,0%,5%,5%,2023-01-01,2078/2079,Closed
CFCL,Central Finance Co. Ltd.,7.70%,3.30%,11%,2022-01-02,2077/2078,Closed
CFCL,Central Finance Co. Ltd.,7%,3%,10%,2021-01-25,2076/2077,Closed
CFCL,Central Finance Co. Ltd.,0%,7%,7%,2020-02-11,2075/2076,Closed
CFCL,Central Finance Co. Ltd.,0%,7%,7%,2019-03-07,2074/2075,Closed
CFCL,Central Finance Co. Ltd.,8.77%,0%,8.77%,2018-10-31,2073/2074,Closed
CFCL,Central Finance Co. Ltd.,22.50%,1.74%,24.24%,2017-06-15,2072/2073,Closed
CFCL,Central Finance Co. Ltd.,33%,1.74%,34.74%,2016-01-03,2071/2072,Closed
CFCL,Central Finance Co. Ltd.,10%,0%,10%,2014-07-03,2069/2070,Closed
CHCL,Chilime Hydropower Company Limited,10%,2%,12%,2024-12-31,2080/2081,Closed
CHCL,Chilime Hydropower Company Limited,10%,5%,15%,2023-12-24,2079/2080,Closed
CHCL,Chilime Hydropower Company Limited,7.50%,7.50%,15%,2022-12-18,2078/2079,Closed
CHCL,Chilime Hydropower Company Limited,7.50%,7.50%,15%,2021-12-30,2077/2078,Closed
CHCL,Chilime Hydropower Company Limited,10%,10%,20%,2020-12-14,2076/2077,Closed
CHCL,Chilime Hydropower Company Limited,20%,5%,25%,2019-11-13,2075/2076,Closed
CHCL,Chilime Hydropower Company Limited,20%,5%,25%,2019-01-03,2074/2075,Closed
CHCL,Chilime Hydropower Company Limited,15%,10%,25%,2017-10-23,2073/2074,Closed
CHCL,Chilime Hydropower Company Limited,10%,10%,20%,2016-12-23,2072/2073,Closed
CHCL,Chilime Hydropower Company Limited,15%,12%,27%,2015-12-18,2071/2072,Closed
CHCL,Chilime Hydropower Company Limited,20%,15%,35%,2014-09-23,2070/2071,Closed
CHCL,Chilime Hydropower Company Limited,30%,10%,40%,2013-09-13,2069/2070,Closed
CHDC,CEDB Holdings Limited,11%,0%,11%,2024-09-23,2080/2081,Closed
CHDC,CEDB Holdings Limited,11%,0.58%,11.58%,2024-05-01,2078/2079,Closed
CHL,Chhyangdi Hydropower Ltd.,5%,0.26%,5.26%,2021-01-01,2076/2077,Closed
CHL,Chhyangdi Hydropower Ltd.,5%,0.26%,5.26%,2019-12-31,2075/2076,Closed
CIT,Citizen Investment Trust,7%,6%,13%,2025-01-06,2080/2081,Closed
CIT,Citizen Investment Trust,14%,0.74%,14.74%,2024-07-04,2079/2080,Closed
CIT,Citizen Investment Trust,25%,1.32%,26.32%,2023-07-04,2078/2079,Closed
CIT,Citizen Investment Trust,30%,1.58%,31.58%,2022-08-10,2077/2078,Closed
CIT,Citizen Investment Trust,9%,8.89%,17.89%,2021-06-22,2076/2077,Closed
CIT,Citizen Investment Trust,22%,1.16%,23.16%,2020-06-24,2075/2076,Closed
CIT,Citizen Investment Trust,22%,1.16%,23.16%,2019-09-05,2074/2075,Closed
CIT,Citizen Investment Trust,22.06%,1.16%,23.22%,2018-12-02,2073/2074,Closed
CIT,Citizen Investment Trust,22%,1.16%,23.16%,2018-04-05,2072/2073,Closed
CIT,Citizen Investment Trust,21.85%,1.15%,23%,2017-08-11,2071/2072,Closed
CIT,Citizen Investment Trust,35%,6.84%,41.84%,2016-02-28,2070/2071,Closed
CIT,Citizen Investment Trust,50%,2.63%,52.63%,2014-07-02,2069/2070,Closed
CLI,Citizen Life Insurance Company Limited,26.98%,1.42%,28.40%,2025-03-12,2080/2081,Closed
CLI,Citizen Life Insurance Company Limited,5%,0.26%,5.26%,2024-01-14,2079/2080,Closed
CMF1,Citizens Mutual Fund -1,0%,9%,9%,2024-10-09,2080/2081,Closed
CMF1,Citizens Mutual Fund -1,0%,40%,40%,2021-09-09,2077/2078,Closed
CMF1,Citizens Mutual Fund -1,0%,15%,15%,2020-10-01,2076/2077,Closed
CMF1,Citizens Mutual Fund -1,0%,7%,7%,2020-09-22,2075/2076,Closed
CMF2,CITIZENS MUTUAL FUND 2,0%,8.25%,8.25%,2025-08-29,2081/2082,Closed
CMF2,CITIZENS MUTUAL FUND 2,0%,6.50%,6.50%,2024-10-09,2080/2081,Closed
CMF2,CITIZENS MUTUAL FUND 2,0%,8%,8%,2023-09-05,2079/2080,Closed
CMF2,CITIZENS MUTUAL FUND 2,0%,40%,40%,2021-09-09,2077/2078,Closed
CMF2,CITIZENS MUTUAL FUND 2,0%,10%,10%,2020-10-01,2076/2077,Closed
CORBL,Corporate Development Bank Limited,5%,0.26%,5.26%,2023-02-22,2078/2079,Closed
CYCL,CYC Nepal Laghubitta Bittiya Sanstha Limited,30%,1.58%,31.58%,2023-01-03,2078/2079,Closed
CZBIL,Citizen Bank International Limited,4%,0.21%,4.21%,2024-10-15,2080/2081,Closed
CZBIL,Citizen Bank International Limited,0%,5.79%,5.79%,2023-10-02,2079/2080,Closed
CZBIL,Citizen Bank International Limited,0%,9%,9%,2022-10-14,2078/2079,Closed
CZBIL,Citizen Bank International Limited,12.91%,3.09%,16%,2021-10-08,2077/2078,Closed
CZBIL,Citizen Bank International Limited,8%,3%,11%,2020-11-26,2076/2077,Closed
CZBIL,Citizen Bank International Limited,3%,12%,15%,2019-09-17,2075/2076,Closed
CZBIL,Citizen Bank International Limited,3.63%,1.64%,5.26%,2019-01-01,2074/2075,Closed
CZBIL,Citizen Bank International Limited,16%,1%,17%,2017-08-28,2073/2074,Closed
CZBIL,Citizen Bank International Limited,15.80%,0.83%,16.63%,2016-09-22,2072/2073,Closed
CZBIL,Citizen Bank International Limited,20%,1.05%,21.05%,2015-09-28,2071/2072,Closed
CZBIL,Citizen Bank International Limited,13%,5.95%,18.95%,2014-09-14,2070/2071,Closed
CZBIL,Citizen Bank International Limited,0%,15%,15%,2013-09-20,2069/2070,Closed
DBBL,Deva Bikas Bank Limited,8.55%,0%,8.55%,2020-05-18,2075/2076,Closed
DBBL,Deva Bikas Bank Limited,5.50%,0%,5.50%,2019-06-21,2074/2075,Closed
DBBL,Deva Bikas Bank Limited,17.10%,0.90%,18%,2017-09-11,2073/2074,Closed
DBBL,Deva Bikas Bank Limited,14%,0%,14%,2017-02-01,2072/2073,Closed
DBBL,Deva Bikas Bank Limited,7.69%,0.40%,8.09%,2016-02-17,2071/2072,Closed
DDBL,Deprosc Laghubitta Bittiya Sanstha Limited,9.50%,0.50%,10%,2025-01-01,2080/2081,Closed
DDBL,Deprosc Laghubitta Bittiya Sanstha Limited,10%,0.53%,10.53%,2024-03-28,2079/2080,Closed
DDBL,Deprosc Laghubitta Bittiya Sanstha Limited,10%,11.05%,21.05%,2023-03-03,2078/2079,Closed
DDBL,Deprosc Laghubitta Bittiya Sanstha Limited,20%,1.05%,21.05%,2021-09-28,2077/2078,Closed
DDBL,Deprosc Laghubitta Bittiya Sanstha Limited,15%,5%,20%,2021-03-23,2076/2077,Closed
DDBL,Deprosc Laghubitta Bittiya Sanstha Limited,30%,15%,45%,2020-01-27,2075/2076,Closed
DDBL,Deprosc Laghubitta Bittiya Sanstha Limited,10%,10%,20%,2019-01-10,2074/2075,Closed
DDBL,Deprosc Laghubitta Bittiya Sanstha Limited,16%,15%,31%,2017-12-29,2073/2074,Closed
DDBL,Deprosc Laghubitta Bittiya Sanstha Limited,35%,17.63%,52.63%,2017-02-13,2072/2073,Closed
DDBL,Deprosc Laghubitta Bittiya Sanstha Limited,50%,2.63%,52.63%,2015-12-13,2071/2072,Closed
DDBL,Deprosc Laghubitta Bittiya Sanstha Limited,35%,15%,50%,2014-12-02,2070/2071,Closed
DDBL,Deprosc Laghubitta Bittiya Sanstha Limited,20%,15%,35%,2013-12-27,2069/2070,Closed
EBL,Everest Bank Limited,10%,5.53%,15.53%,2024-09-24,2080/2081,Closed
EBL,Everest Bank Limited,10%,10.53%,20.53%,2023-10-03,2079/2080,Closed
EBL,Everest Bank Limited,13%,7.68%,20.68%,2022-11-29,2078/2079,Closed
EBL,Everest Bank Limited,6%,4.32%,10.32%,2021-12-03,2077/2078,Closed
EBL,Everest Bank Limited,5%,5.53%,10.53%,2020-12-25,2076/2077,Closed
EBL,Everest Bank Limited,5%,20%,25%,2019-12-20,2075/2076,Closed
EBL,Everest Bank Limited,0%,20%,20%,2018-12-12,2074/2075,Closed
EBL,Everest Bank Limited,33%,1.74%,34.74%,2017-12-28,2073/2074,Closed
EBL,Everest Bank Limited,70%,3.68%,73.68%,2016-12-21,2072/2073,Closed
EBL,Everest Bank Limited,30%,6.57%,36.57%,2015-12-01,2071/2072,Closed
EBL,Everest Bank Limited,12%,50%,62%,2014-09-03,2070/2071,Closed
EBL,Everest Bank Limited,10%,50.53%,60.53%,2013-09-18,2069/2070,Closed
EDBL,Excel Development Bank Ltd.,8.50%,0.45%,8.95%,2022-07-12,2077/2078,Closed
EDBL,Excel Development Bank Ltd.,12%,0.63%,12.63%,2021-09-17,2076/2077,Closed
EDBL,Excel Development Bank Ltd.,17.10%,0.90%,18%,2020-03-20,2075/2076,Closed
EDBL,Excel Development Bank Ltd.,0%,17%,17%,2019-03-11,2074/2075,Closed
EDBL,Excel Development Bank Ltd.,30.12%,1.58%,31.70%,2017-11-21,2073/2074,Closed
EDBL,Excel Development Bank Ltd.,25%,1.31%,26.31%,2017-03-20,2072/2073,Closed
EDBL,Excel Development Bank Ltd.,26%,1.36%,27.36%,2016-03-29,2071/2072,Closed
EDBL,Excel Development Bank Ltd.,35%,1.84%,36.84%,2014-12-26,2070/2071,Closed
EDBL,Excel Development Bank Ltd.,50%,2.64%,52.64%,2013-12-31,2069/2070,Closed
EIC,Everest Insurance Co. Ltd.,6%,0.32%,6.32%,2022-04-25,2077/2078,Closed
EIC,Everest Insurance Co. Ltd.,8%,0.42%,8.42%,2021-05-12,2076/2077,Closed
EIC,Everest Insurance Co. Ltd.,10%,0%,10%,2018-04-09,2073/2074,Closed
EIC,Everest Insurance Co. Ltd.,20%,0%,20%,2017-06-23,2072/2073,Closed
ENL,Emerging Nepal Limited,0%,8.42%,8.42%,2023-11-22,2079/2080,Closed
FMDBL,First Micro Finance Laghubitta Bittiya Sanstha Limited,9%,0.47%,9.47%,2024-12-08,2080/2081,Closed
FMDBL,First Micro Finance Laghubitta Bittiya Sanstha Limited,7.50%,7.50%,15%,2023-12-28,2079/2080,Closed
FMDBL,First Micro Finance Laghubitta Bittiya Sanstha Limited,19%,1%,20%,2023-01-01,2078/2079,Closed
FMDBL,First Micro Finance Laghubitta Bittiya Sanstha Limited,10%,0.53%,10.53%,2021-11-21,2077/2078,Closed
FMDBL,First Micro Finance Laghubitta Bittiya Sanstha Limited,9.50%,4.18%,13.68%,2020-11-20,2076/2077,Closed
FMDBL,First Micro Finance Laghubitta Bittiya Sanstha Limited,17%,0.89%,17.89%,2019-10-01,2075/2076,Closed
FMDBL,First Micro Finance Laghubitta Bittiya Sanstha Limited,0%,12.63%,12.63%,2018-10-03,2074/2075,Closed
FMDBL,First Micro Finance Laghubitta Bittiya Sanstha Limited,15%,0.79%,15.79%,2017-09-12,2073/2074,Closed
FMDBL,First Micro Finance Laghubitta Bittiya Sanstha Limited,15%,0.79%,15.79%,2016-09-21,2072/2073,Closed
FMDBL,First Micro Finance Laghubitta Bittiya Sanstha Limited,15%,0.79%,15.79%,2015-11-01,2071/2072,Closed
FMDBL,First Micro Finance Laghubitta Bittiya Sanstha Limited,0%,15.79%,15.79%,2014-09-01,2070/2071,Closed
FMDBL,First Micro Finance Laghubitta Bittiya Sanstha Limited,0%,15%,15%,2013-09-23,2069/2070,Closed
FOWAD,Forward Microfinance Bittiya Sanstha Ltd.,13.30%,0.30%,13.60%,2024-11-29,2080/2081,Closed
FOWAD,Forward Microfinance Bittiya Sanstha Ltd.,25%,5%,30%,2023-01-01,2078/2079,Closed
FOWAD,Forward Microfinance Bittiya Sanstha Ltd.,35%,7%,42%,2021-12-31,2077/2078,Closed
FOWAD,Forward Microfinance Bittiya Sanstha Ltd.,25%,6.58%,31.58%,2021-02-17,2076/2077,Closed
FOWAD,Forward Microfinance Bittiya Sanstha Ltd.,32.50%,12.50%,45%,2019-12-31,2075/2076,Closed
FOWAD,Forward Microfinance Bittiya Sanstha Ltd.,25%,20%,45%,2018-12-30,2074/2075,Closed
FOWAD,Forward Microfinance Bittiya Sanstha Ltd.,50%,15%,65%,2018-03-01,2073/2074,Closed
GBBL,Garima Bikas Bank Limited,0%,5%,5%,2025-01-02,2080/2081,Closed
GBBL,Garima Bikas Bank Limited,9.50%,0.50%,10%,2024-01-02,2079/2080,Closed
GBBL,Garima Bikas Bank Limited,13%,1.50%,14.50%,2022-12-23,2078/2079,Closed
GBBL,Garima Bikas Bank Limited,16%,0%,16%,2022-03-18,2077/2078,Closed
GBBL,Garima Bikas Bank Limited,13.50%,0.71%,14.21%,2021-01-25,2076/2077,Closed
GBBL,Garima Bikas Bank Limited,16.15%,0.85%,17%,2019-11-29,2075/2076,Closed
GBBL,Garima Bikas Bank Limited,10%,3.75%,13.75%,2018-09-28,2074/2075,Closed
GBBL,Garima Bikas Bank Limited,15%,0%,15%,2017-12-29,2073/2074,Closed
GBBL,Garima Bikas Bank Limited,20%,0%,20%,2017-02-03,2072/2073,Closed
GBBL,Garima Bikas Bank Limited,20%,0%,20%,2015-12-29,2071/2072,Closed
GBBL,Garima Bikas Bank Limited,20%,1.05%,21.05%,2014-11-11,2070/2071,Closed
GBBL,Garima Bikas Bank Limited,20%,5%,25%,2013-09-19,2069/2070,Closed
GBIME,Global IME Bank Limited,5.50%,0%,5.50%,2024-11-24,2080/2081,Closed
GBIME,Global IME Bank Limited,1%,8%,9%,2023-11-29,2079/2080,Closed
GBIME,Global IME Bank Limited,3%,10.60%,13.60%,2022-11-23,2078/2079,Closed
GBIME,Global IME Bank Limited,10%,3.50%,13.50%,2021-11-29,2077/2078,Closed
GBIME,Global IME Bank Limited,14%,2%,16%,2020-12-30,2076/2077,Closed
GBIME,Global IME Bank Limited,12.75%,12.75%,25.50%,2019-11-07,2075/2076,Closed
GBIME,Global IME Bank Limited,16%,0%,16%,2018-12-28,2074/2075,Closed
GBIME,Global IME Bank Limited,10%,10%,20%,2017-10-25,2073/2074,Closed
GBIME,Global IME Bank Limited,16%,0%,16%,2017-03-20,2072/2073,Closed
GBIME,Global IME Bank Limited,23%,0%,23%,2015-10-29,2071/2072,Closed
GBIME,Global IME Bank Limited,21%,4%,25%,2014-09-26,2070/2071,Closed
GBIME,Global IME Bank Limited,15%,0%,15%,2013-12-18,2069/2070,Closed
GCIL,Ghorahi Cement Industry Limited,15%,0%,15%,2024-01-01,2079/2080,Closed
GDBL,Gandaki Bikas Bank Limited,0%,17.32%,17.32%,2019-09-26,2075/2076,Closed
GDBL,Gandaki Bikas Bank Limited,0%,14.20%,14.20%,2018-12-26,2074/2075,Closed
GDBL,Gandaki Bikas Bank Limited,19.31%,0%,19.31%,2018-05-22,2073/2074,Closed
GDBL,Gandaki Bikas Bank Limited,19.75%,1.03%,20.78%,2016-12-12,2072/2073,Closed
GDBL,Gandaki Bikas Bank Limited,23%,1.21%,24.21%,2015-04-11,2071/2072,Closed
GDBL,Gandaki Bikas Bank Limited,10%,10%,20%,2014-06-10,2070/2071,Closed
GFCL,Goodwill Finance Limited,9.10%,3.90%,13%,2021-12-31,2077/2078,Closed
GFCL,Goodwill Finance Limited,8.40%,3.60%,12%,2021-01-01,2076/2077,Closed
GFCL,Goodwill Finance Limited,0%,10%,10%,2020-01-01,2075/2076,Closed
GFCL,Goodwill Finance Limited,0%,5.26%,5.26%,2019-02-10,2074/2075,Closed
GFCL,Goodwill Finance Limited,10.19%,0.54%,10.73%,2017-12-11,2073/2074,Closed
GFCL,Goodwill Finance Limited,25%,1.32%,26.32%,2016-09-27,2072/2073,Closed
GFCL,Goodwill Finance Limited,10%,0%,10%,2016-01-01,2071/2072,Closed
GFCL,Goodwill Finance Limited,6.28%,7.72%,14%,2014-12-12,2070/2071,Closed
GFCL,Goodwill Finance Limited,0%,7.37%,7.37%,2013-12-29,2069/2070,Closed
GIBF1,Global IME Balanced Fund-1,0%,12%,12%,2025-09-12,2081/2082,--
GIBF1,Global IME Balanced Fund-1,0%,5%,5%,2024-09-27,2080/2081,Closed
GIBF1,Global IME Balanced Fund-1,0%,5%,5%,2023-10-12,2079/2080,Closed
GILB,Global IME Laghubitta Bittiya Sanstha Ltd.,0%,10%,10%,2024-01-04,2079/2080,Closed
GILB,Global IME Laghubitta Bittiya Sanstha Ltd.,12%,8%,20%,2023-02-28,2078/2079,Closed
GILB,Global IME Laghubitta Bittiya Sanstha Ltd.,28%,0%,28%,2021-11-30,2077/2078,Closed
GILB,Global IME Laghubitta Bittiya Sanstha Ltd.,27.47%,1.45%,28.92%,2020-12-30,2076/2077,Closed
GILB,Global IME Laghubitta Bittiya Sanstha Ltd.,17.50%,0.92%,18.42%,2019-11-11,2075/2076,Closed
GILB,Global IME Laghubitta Bittiya Sanstha Ltd.,15%,0.79%,15.79%,2018-11-02,2074/2075,Closed
GILB,Global IME Laghubitta Bittiya Sanstha Ltd.,20%,1.05%,21.05%,2017-09-26,2073/2074,Closed
GILB,Global IME Laghubitta Bittiya Sanstha Ltd.,0%,20%,20%,2016-11-22,2072/2073,Closed
GILB,Global IME Laghubitta Bittiya Sanstha Ltd.,13%,0.68%,13.68%,2015-12-22,2071/2072,Closed
GIMES1,Global IME Samunnat Scheme-1,0%,100%,100%,2021-12-08,2077/2078,Closed
GIMES1,Global IME Samunnat Scheme-1,0%,4%,4%,2020-09-25,2076/2077,Closed
GLBSL,Gurans Laghubitta Bittiya Sanstha Limited,14.25%,0.75%,15%,2024-10-02,2080/2081,Closed
GLBSL,Gurans Laghubitta Bittiya Sanstha Limited,4%,0.21%,4.21%,2023-01-04,2078/2079,Closed
GLBSL,Gurans Laghubitta Bittiya Sanstha Limited,16.91%,0.89%,17.80%,2021-10-25,2077/2078,Closed
GLBSL,Gurans Laghubitta Bittiya Sanstha Limited,7.61%,0.40%,8.01%,2019-11-13,2075/2076,Closed
GLICL,Gurans Life Insurance Company Ltd.,13.27%,0%,13.27%,2023-04-06,2077/2078,Closed
GLICL,Gurans Life Insurance Company Ltd.,7.44%,0.39%,7.83%,2022-10-12,2076/2077,Closed
GLICL,Gurans Life Insurance Company Ltd.,5.50%,0.29%,5.79%,2021-11-09,2075/2076,Closed
GLICL,Gurans Life Insurance Company Ltd.,5.25%,0%,5.25%,2020-11-05,2074/2075,Closed
GLICL,Gurans Life Insurance Company Ltd.,8%,0.42%,8.42%,2019-03-20,2073/2074,Closed
GLICL,Gurans Life Insurance Company Ltd.,8%,0.42%,8.42%,2017-06-12,2072/2073,Closed
GLICL,Gurans Life Insurance Company Ltd.,10%,0.52%,10.52%,2016-01-28,2071/2072,Closed
GMFBS,Ganapati Laghubitta Bittiya Sanstha Limited,19%,1%,20%,2021-12-22,2077/2078,Closed
GMFBS,Ganapati Laghubitta Bittiya Sanstha Limited,15%,0.79%,15.79%,2021-02-26,2076/2077,Closed
GMFBS,Ganapati Laghubitta Bittiya Sanstha Limited,7%,0.36%,7.36%,2019-12-04,2075/2076,Closed
GMFIL,Guheshowori Merchant Bank & Finance Co. Ltd.,6.50%,0.34%,6.84%,2023-02-03,2078/2079,Closed
GMFIL,Guheshowori Merchant Bank & Finance Co. Ltd.,10%,0.53%,10.53%,2022-01-06,2077/2078,Closed
GMFIL,Guheshowori Merchant Bank & Finance Co. Ltd.,8%,3.40%,11.40%,2021-01-05,2076/2077,Closed
GMFIL,Guheshowori Merchant Bank & Finance Co. Ltd.,0%,6.50%,6.50%,2020-07-01,2075/2076,Closed
GMFIL,Guheshowori Merchant Bank & Finance Co. Ltd.,0%,5.26%,5.26%,2018-10-26,2074/2075,Closed
GMFIL,Guheshowori Merchant Bank & Finance Co. Ltd.,15.80%,0%,15.80%,2018-01-03,2073/2074,Closed
GMFIL,Guheshowori Merchant Bank & Finance Co. Ltd.,12%,0.63%,12.63%,2016-12-22,2072/2073,Closed
GMFIL,Guheshowori Merchant Bank & Finance Co. Ltd.,15%,0.79%,15.79%,2015-12-29,2071/2072,Closed
GMFIL,Guheshowori Merchant Bank & Finance Co. Ltd.,23.75%,1.25%,25%,2014-12-21,2070/2071,Closed
GMFIL,Guheshowori Merchant Bank & Finance Co. Ltd.,15%,2%,17%,2013-12-12,2069/2070,Closed
GRDBL,Green Development Bank Ltd.,5.75%,0.30%,6.05%,2025-03-28,2080/2081,Closed
GRDBL,Green Development Bank Ltd.,3.80%,0.20%,4%,2024-03-22,2078/2079,Closed
GRDBL,Green Development Bank Ltd.,3.80%,0.20%,4%,2021-03-30,2076/2077,Closed
GSY,Garima Samriddhi Yojana,0%,5.10%,5.10%,2025-08-12,2081/2082,Closed
GUFL,Gurkhas Finance Ltd.,7%,0%,7%,2015-05-27,2071/2072,Closed
GVL,Green Ventures Limited,10%,0.53%,10.53%,2024-12-29,2080/2081,Closed
H8020,Himalayan 80-20,0%,16.16%,16.16%,2025-09-12,2081/2082,--
H8020,Himalayan 80-20,0%,6%,6%,2024-10-25,2080/2081,Closed
HAMRO,Hamro Bikas Bank Ltd.,2.40%,7.91%,10.31%,2018-07-16,2074/2075,Closed
HAMRO,Hamro Bikas Bank Ltd.,7.30%,0.38%,7.68%,2018-03-05,2073/2074,Closed
HAMRO,Hamro Bikas Bank Ltd.,25%,0%,25%,2016-12-23,2072/2073,Closed
HAMRO,Hamro Bikas Bank Ltd.,15%,0.79%,15.79%,2015-03-12,2071/2072,Closed
HAMRO,Hamro Bikas Bank Ltd.,7%,20%,27%,2014-10-26,2070/2071,Closed
HATHY,Hathway Investment Nepal Limited,12%,0.63%,12.63%,2025-08-29,2081/2082,Closed
HATHY,Hathway Investment Nepal Limited,10%,0.53%,10.53%,2024-10-23,2080/2081,Closed
HATHY,Hathway Investment Nepal Limited,10%,0.53%,10.53%,2023-12-28,2079/2080,Closed
HBL,Himalayan Bank Limited,8%,11.11%,19.11%,2023-01-02,2078/2079,Closed
HBL,Himalayan Bank Limited,21.38%,4.62%,26%,2022-01-03,2077/2078,Closed
HBL,Himalayan Bank Limited,14%,6%,20%,2020-12-29,2076/2077,Closed
HBL,Himalayan Bank Limited,10%,12%,22%,2020-01-27,2075/2076,Closed
HBL,Himalayan Bank Limited,5%,10.78%,15.78%,2018-12-31,2074/2075,Closed
HBL,Himalayan Bank Limited,25%,1.32%,26.32%,2017-12-26,2073/2074,Closed
HBL,Himalayan Bank Limited,30%,1.57%,31.57%,2016-12-21,2072/2073,Closed
HBL,Himalayan Bank Limited,35%,7.10%,42.10%,2015-12-04,2071/2072,Closed
HBL,Himalayan Bank Limited,15%,6.05%,21.05%,2014-11-26,2070/2071,Closed
HBL,Himalayan Bank Limited,5%,10%,15%,2014-03-06,2069/2070,Closed
HDL,Himalayan Distillery Limited,15%,5%,20%,2025-01-03,2080/2081,Closed
HDL,Himalayan Distillery Limited,10%,15%,25%,2023-12-29,2079/2080,Closed
HDL,Himalayan Distillery Limited,60%,10%,70%,2023-01-04,2078/2079,Closed
HDL,Himalayan Distillery Limited,75%,25%,100%,2021-12-31,2077/2078,Closed
HDL,Himalayan Distillery Limited,50%,50%,100%,2021-01-01,2076/2077,Closed
HDL,Himalayan Distillery Limited,50%,52.63%,102.63%,2019-12-01,2075/2076,Closed
HDL,Himalayan Distillery Limited,0%,68.42%,68.42%,2019-05-31,2074/2075,Closed
HDL,Himalayan Distillery Limited,0%,21.05%,21.05%,2018-12-19,2074/2075,Closed
HDL,Himalayan Distillery Limited,0%,21.05%,21.05%,2017-12-01,2073/2074,Closed
HDL,Himalayan Distillery Limited,0%,20%,20%,2016-11-17,2072/2073,Closed
HDL,Himalayan Distillery Limited,0%,20%,20%,2015-11-17,2071/2072,Closed
HDL,Himalayan Distillery Limited,0%,10.52%,10.52%,2014-11-10,2070/2071,Closed
HEI,Himalayan Everest Insurance Limited,0%,8.75%,8.75%,2025-02-27,2080/2081,Closed
HEI,Himalayan Everest Insurance Limited,8.63%,6.37%,15%,2024-01-28,2079/2080,Closed
HEI,Himalayan Everest Insurance Limited,2.75%,0.14%,2.89%,2023-03-17,2078/2079,Closed
HGI,Himalayan General Insurance Co. Ltd,6.65%,0.35%,7%,2022-02-28,2077/2078,Closed
HGI,Himalayan General Insurance Co. Ltd,3%,3.75%,6.75%,2021-05-27,2076/2077,Closed
HGI,Himalayan General Insurance Co. Ltd,4%,3.75%,7.75%,2020-06-26,2075/2076,Closed
HGI,Himalayan General Insurance Co. Ltd,0%,15%,15%,2017-12-29,2073/2074,Closed
HGI,Himalayan General Insurance Co. Ltd,20%,1.05%,21.05%,2016-12-28,2072/2073,Closed
HGI,Himalayan General Insurance Co. Ltd,20%,1.05%,21.05%,2016-06-09,2071/2072,Closed
HGI,Himalayan General Insurance Co. Ltd,7%,3.25%,10.25%,2015-03-25,2070/2071,Closed
HIDCL,Hydorelectricity Investment and Development Company Ltd,0%,5.25%,5.25%,2024-12-27,2080/2081,Closed
HIDCL,Hydorelectricity Investment and Development Company Ltd,0%,5.26%,5.26%,2024-01-03,2079/2080,Closed
HIDCL,Hydorelectricity Investment and Development Company Ltd,5%,0.26%,5.26%,2022-12-29,2078/2079,Closed
HIDCL,Hydorelectricity Investment and Development Company Ltd,8%,0.42%,8.42%,2021-12-20,2077/2078,Closed
HIDCL,Hydorelectricity Investment and Development Company Ltd,0%,12%,12%,2020-01-02,2075/2076,Closed
HIDCL,Hydorelectricity Investment and Development Company Ltd,10%,0%,10%,2019-01-01,2074/2075,Closed
HIDCL,Hydorelectricity Investment and Development Company Ltd,0%,5%,5%,2017-12-27,2073/2074,Closed
HIDCL,Hydorelectricity Investment and Development Company Ltd,0%,5%,5%,2017-01-01,2072/2073,Closed
HIDCLP,Hydorelectricity Investment and Development Company Limited Promoter,0%,5.26%,5.26%,2024-01-03,2079/2080,Closed
HLI,Himalayan Life Insurance Limited,0%,8%,8%,2025-06-11,2080/2081,Closed
HLI,Himalayan Life Insurance Limited,14%,0%,14%,2025-02-07,2079/2080,Closed
HRL,Himalayan Reinsurance Limited,4.50%,0.24%,4.74%,2025-05-25,2080/2081,Closed
HRL,Himalayan Reinsurance Limited,4%,0.21%,4.21%,2024-02-19,2079/2080,Closed
ICFC,ICFC Finance Limited,0%,5.26%,5.26%,2025-01-01,2080/2081,Closed
ICFC,ICFC Finance Limited,0%,6.50%,6.50%,2023-12-29,2079/2080,Closed
ICFC,ICFC Finance Limited,5%,5%,10%,2023-01-03,2078/2079,Closed
ICFC,ICFC Finance Limited,10%,4%,14%,2021-12-09,2077/2078,Closed
ICFC,ICFC Finance Limited,10.50%,4.50%,15%,2021-01-03,2076/2077,Closed
ICFC,ICFC Finance Limited,5%,8%,13%,2019-12-31,2075/2076,Closed
ICFC,ICFC Finance Limited,0%,8%,8%,2018-12-09,2074/2075,Closed
ICFC,ICFC Finance Limited,10%,11.05%,21.05%,2017-11-10,2073/2074,Closed
ICFC,ICFC Finance Limited,17%,0.89%,17.89%,2016-09-29,2072/2073,Closed
ICFC,ICFC Finance Limited,10.50%,0.55%,11.05%,2016-03-28,2071/2072,Closed
ICFC,ICFC Finance Limited,14%,0.74%,14.74%,2014-11-16,2070/2071,Closed
ICFC,ICFC Finance Limited,5%,10.79%,15.79%,2013-09-25,2069/2070,Closed
IGI,IGI Prudential insurance Limited,0%,9.74%,9.74%,2025-02-24,2080/2081,Closed
IGI,IGI Prudential insurance Limited,6.50%,0.34%,6.84%,2023-01-11,2078/2079,Closed
IGI,IGI Prudential insurance Limited,7%,0.37%,7.37%,2022-04-08,2077/2078,Closed
IGI,IGI Prudential insurance Limited,7%,0.37%,7.37%,2021-04-15,2076/2077,Closed
IGI,IGI Prudential insurance Limited,6%,0.31%,6.31%,2020-02-24,2075/2076,Closed
IGI,IGI Prudential insurance Limited,5%,0%,5%,2019-06-30,2074/2075,Closed
ILBS,Infinity Laghubitta Bittiya Sanstha Limited,20%,0%,20%,2023-02-14,2078/2079,Closed
ILBS,Infinity Laghubitta Bittiya Sanstha Limited,27.70%,1.46%,29.16%,2021-12-30,2077/2078,Closed
ILBS,Infinity Laghubitta Bittiya Sanstha Limited,14.25%,0.75%,15%,2021-01-22,2076/2077,Closed
ILBS,Infinity Laghubitta Bittiya Sanstha Limited,10%,5%,15%,2019-12-20,2075/2076,Closed
ILI,IME Life Insurance Company Limited,0%,21.05%,21.05%,2025-02-27,2080/2081,Closed
ILI,IME Life Insurance Company Limited,25%,1.32%,26.32%,2024-05-27,2079/2080,Closed
JALPA,Jalpa Samudayik Laghubitta Bittiya Sanstha Limited,14.25%,0.75%,15%,2023-06-06,2078/2079,Closed
JBBL,Jyoti Bikas Bank Limited,3%,3.80%,6.80%,2023-02-12,2078/2079,Closed
JBBL,Jyoti Bikas Bank Limited,11%,4.50%,15.50%,2021-12-24,2077/2078,Closed
JBBL,Jyoti Bikas Bank Limited,10%,0%,10%,2021-01-13,2076/2077,Closed
JBBL,Jyoti Bikas Bank Limited,12.75%,0%,12.75%,2020-01-01,2075/2076,Closed
JBBL,Jyoti Bikas Bank Limited,0%,8.40%,8.40%,2018-10-15,2074/2075,Closed
JBBL,Jyoti Bikas Bank Limited,10%,0%,10%,2017-12-31,2073/2074,Closed
JBBL,Jyoti Bikas Bank Limited,11.70%,0%,11.70%,2016-12-29,2072/2073,Closed
JBBL,Jyoti Bikas Bank Limited,9%,0%,9%,2015-10-19,2071/2072,Closed
JBBL,Jyoti Bikas Bank Limited,7%,0%,7%,2015-04-12,2070/2071,Closed
JBBL,Jyoti Bikas Bank Limited,7%,5.60%,12.60%,2014-07-02,2069/2070,Closed
JBLB,Jeevan Bikas Laghubitta  Bittya Sanstha Ltd,14%,0.74%,14.74%,2024-12-31,2080/2081,Closed
JBLB,Jeevan Bikas Laghubitta  Bittya Sanstha Ltd,14%,0.74%,14.74%,2024-01-03,2079/2080,Closed
JBLB,Jeevan Bikas Laghubitta  Bittya Sanstha Ltd,14.29%,0.71%,15%,2023-03-31,2078/2079,Closed
JBLB,Jeevan Bikas Laghubitta  Bittya Sanstha Ltd,70%,3.68%,73.68%,2022-03-26,2077/2078,Closed
JBNL,Janata Bank Nepal Ltd.,6%,6%,12%,2019-10-31,2075/2076,Closed
JBNL,Janata Bank Nepal Ltd.,0%,8.50%,8.50%,2018-12-31,2074/2075,Closed
JBNL,Janata Bank Nepal Ltd.,14.40%,0%,14.40%,2017-12-26,2073/2074,Closed
JBNL,Janata Bank Nepal Ltd.,12%,0.63%,12.63%,2017-01-22,2072/2073,Closed
JBNL,Janata Bank Nepal Ltd.,3%,5.52%,8.52%,2013-01-12,2069/2070,Closed
JEFL,Jebils Finance Ltd.,1.24%,0%,1.24%,2019-04-18,2074/2075,Closed
JEFL,Jebils Finance Ltd.,12.50%,0.65%,13.15%,2016-12-27,2072/2073,Closed
JEFL,Jebils Finance Ltd.,16.75%,0.88%,17.63%,2015-12-29,2071/2072,Closed
JEFL,Jebils Finance Ltd.,10%,4.74%,14.74%,2014-12-17,2070/2071,Closed
JFL,Janaki Finance Ltd.,15%,0.79%,15.79%,2022-02-07,2077/2078,Closed
JFL,Janaki Finance Ltd.,22%,1.16%,23.16%,2019-12-30,2075/2076,Closed
JFL,Janaki Finance Ltd.,22%,1.16%,23.16%,2018-02-10,2074/2075,Closed
JFL,Janaki Finance Ltd.,18%,0%,18%,2018-03-01,2073/2074,Closed
JFL,Janaki Finance Ltd.,10%,0%,10%,2016-12-28,2072/2073,Closed
JFL,Janaki Finance Ltd.,25%,0%,25%,2015-10-27,2071/2072,Closed
JFL,Janaki Finance Ltd.,70%,7%,77%,2014-11-17,2070/2071,Closed
JLI,Jyoti Life Insurance Company Limited,10%,0.53%,10.53%,2022-02-07,2076/2077,Closed
JSLBB,Janautthan Samudayic Laghubitta Bikas Bank Ltd.,15%,0.79%,15.79%,2023-03-24,2078/2079,Closed
JSLBB,Janautthan Samudayic Laghubitta Bikas Bank Ltd.,25%,1.32%,26.32%,2022-01-05,2077/2078,Closed
JSLBB,Janautthan Samudayic Laghubitta Bikas Bank Ltd.,49.40%,2.60%,52%,2021-05-06,2076/2077,Closed
JSLBB,Janautthan Samudayic Laghubitta Bikas Bank Ltd.,25%,1.32%,26.32%,2020-03-27,2075/2076,Closed
JSLBB,Janautthan Samudayic Laghubitta Bikas Bank Ltd.,20%,1.05%,21.05%,2019-07-03,2074/2075,Closed
JSLBB,Janautthan Samudayic Laghubitta Bikas Bank Ltd.,20%,1.05%,21.05%,2018-01-02,2073/2074,Closed
JSLBB,Janautthan Samudayic Laghubitta Bikas Bank Ltd.,20%,0%,20%,2016-11-30,2072/2073,Closed
KADBL,Kasthamandap Development Bank Limited,10%,6%,16%,2019-12-31,2075/2076,Closed
KADBL,Kasthamandap Development Bank Limited,5%,6.29%,11.29%,2018-12-27,2074/2075,Closed
KADBL,Kasthamandap Development Bank Limited,12.33%,0.64%,12.97%,2018-05-01,2073/2074,Closed
KADBL,Kasthamandap Development Bank Limited,25%,1.31%,26.31%,2016-12-15,2072/2073,Closed
KADBL,Kasthamandap Development Bank Limited,25%,1.31%,26.31%,2015-11-12,2071/2072,Closed
KADBL,Kasthamandap Development Bank Limited,20%,1.05%,21.05%,2014-12-26,2070/2071,Closed
KADBL,Kasthamandap Development Bank Limited,10%,5.78%,15.78%,2013-12-27,2069/2070,Closed
KBL,Kumari Bank Limited,0%,12.50%,12.50%,2022-10-31,2078/2079,Closed
KBL,Kumari Bank Limited,6%,2.67%,8.67%,2021-10-25,2077/2078,Closed
KBL,Kumari Bank Limited,10.85%,3.15%,14%,2020-11-30,2076/2077,Closed
KBL,Kumari Bank Limited,10%,0.52%,10.52%,2019-09-15,2075/2076,Closed
KBL,Kumari Bank Limited,8.50%,0%,8.50%,2019-04-19,2074/2075,Closed
KBL,Kumari Bank Limited,12.75%,0%,12.75%,2019-04-19,2073/2074,Closed
KBL,Kumari Bank Limited,21%,1.10%,22.10%,2017-03-03,2072/2073,Closed
KBL,Kumari Bank Limited,11%,0.58%,11.58%,2016-01-14,2071/2072,Closed
KBL,Kumari Bank Limited,33%,1.74%,34.74%,2014-10-22,2070/2071,Closed
KBL,Kumari Bank Limited,14%,0%,14%,2014-04-09,2069/2070,Closed
KBSH,Kutheli Bukhari Small Hydropower Limited,10%,0%,10%,2024-12-26,2080/2081,Closed
KDBY,Kumari Dhanabriddhi Yojana,0%,10.50%,10.50%,2025-08-25,2081/2082,Closed
KDBY,Kumari Dhanabriddhi Yojana,0%,9.50%,9.50%,2024-09-04,2080/2081,Closed
KDBY,Kumari Dhanabriddhi Yojana,0%,6%,6%,2023-09-04,2079/2080,Closed
KEBL,Kailash Bikas Bank Ltd.,35%,0%,35%,2018-12-28,2074/2075,Closed
KEBL,Kailash Bikas Bank Ltd.,20%,0%,20%,2017-04-26,2072/2073,Closed
KEBL,Kailash Bikas Bank Ltd.,20%,0%,20%,2016-05-27,2071/2072,Closed
KEBL,Kailash Bikas Bank Ltd.,20%,0%,20%,2014-12-26,2070/2071,Closed
KEBL,Kailash Bikas Bank Ltd.,20%,0%,20%,2013-12-20,2069/2070,Closed
KEF,Kumari Equity Fund,0%,11.50%,11.50%,2025-08-25,2081/2082,Closed
KEF,Kumari Equity Fund,0%,9.50%,9.50%,2024-09-04,2080/2081,Closed
KEF,Kumari Equity Fund,0%,10%,10%,2023-09-04,2079/2080,Closed
KEF,Kumari Equity Fund,0%,5%,5%,2021-08-09,2077/2078,Closed
KLBSL,Kisan Lagubitta Bittiya Sanstha Limited,7%,0.37%,7.37%,2023-04-03,2078/2079,Closed
KLBSL,Kisan Lagubitta Bittiya Sanstha Limited,20%,0%,20%,2022-06-03,2077/2078,Closed
KMCDB,Kalika Laghubitta Bittiya Sanstha Ltd,9.50%,0.50%,10%,2025-01-03,2080/2081,Closed
KMCDB,Kalika Laghubitta Bittiya Sanstha Ltd,19%,1%,20%,2023-03-30,2078/2079,Closed
KMCDB,Kalika Laghubitta Bittiya Sanstha Ltd,13%,0%,13%,2022-01-05,2077/2078,Closed
KMCDB,Kalika Laghubitta Bittiya Sanstha Ltd,10%,0%,10%,2021-04-04,2076/2077,Closed
KMCDB,Kalika Laghubitta Bittiya Sanstha Ltd,8%,0.42%,8.42%,2019-01-13,2074/2075,Closed
KMCDB,Kalika Laghubitta Bittiya Sanstha Ltd,21.21%,0%,21.21%,2018-02-18,2073/2074,Closed
KMCDB,Kalika Laghubitta Bittiya Sanstha Ltd,65%,0%,65%,2017-04-17,2072/2073,Closed
KMFL,Kisan Lagubitta Bittiya Sanstha Limited,23.95%,1.14%,25.09%,2019-12-31,2075/2076,Closed
KMFL,Kisan Lagubitta Bittiya Sanstha Limited,29%,1.53%,30.53%,2018-12-15,2074/2075,Closed
KMFL,Kisan Lagubitta Bittiya Sanstha Limited,20.13%,0%,20.13%,2017-12-26,2073/2074,Closed
KMFL,Kisan Lagubitta Bittiya Sanstha Limited,61%,3.21%,64.21%,2016-02-12,2072/2073,Closed
KNBL,Kankai Bikas Bank Ltd.,3%,6.50%,9.50%,2018-11-14,2074/2075,Closed
KNBL,Kankai Bikas Bank Ltd.,6.15%,0.32%,6.47%,2018-01-16,2073/2074,Closed
KNBL,Kankai Bikas Bank Ltd.,20%,0%,20%,2016-11-25,2072/2073,Closed
KNBL,Kankai Bikas Bank Ltd.,25%,1.32%,26.32%,2015-03-12,2071/2072,Closed
KNBL,Kankai Bikas Bank Ltd.,0%,10.52%,10.52%,2014-09-12,2070/2071,Closed
KNBL,Kankai Bikas Bank Ltd.,0%,8%,8%,2013-04-12,2069/2070,Closed
KPCL,Kalika power Company Ltd,7%,0.37%,7.37%,2025-01-03,2080/2081,Closed
KPCL,Kalika power Company Ltd,10%,0.53%,10.53%,2024-01-03,2079/2080,Closed
KPCL,Kalika power Company Ltd,15%,0.79%,15.79%,2023-01-01,2078/2079,Closed
KPCL,Kalika power Company Ltd,15%,0.79%,15.79%,2022-01-03,2077/2078,Closed
KRBL,Karnali Development Bank Limited,8%,5%,13%,2017-04-26,2072/2073,Closed
KRBL,Karnali Development Bank Limited,11%,5%,16%,2016-02-17,2071/2072,Closed
KRBL,Karnali Development Bank Limited,25%,0%,25%,2015-03-04,2070/2071,Closed
KSBBL,Kamana Sewa Bikas Bank Limited,7%,5%,12%,2024-10-01,2080/2081,Closed
KSBBL,Kamana Sewa Bikas Bank Limited,4.41%,0.23%,4.64%,2023-04-28,2078/2079,Closed
KSBBL,Kamana Sewa Bikas Bank Limited,18.50%,0.97%,19.47%,2021-10-27,2077/2078,Closed
KSBBL,Kamana Sewa Bikas Bank Limited,4.40%,0.23%,4.63%,2020-12-31,2076/2077,Closed
KSBBL,Kamana Sewa Bikas Bank Limited,0%,6.80%,6.80%,2019-12-16,2075/2076,Closed
KSBBL,Kamana Sewa Bikas Bank Limited,1.50%,8%,9.50%,2019-06-14,2074/2075,Closed
KSBBL,Kamana Sewa Bikas Bank Limited,5.50%,6.50%,12%,2018-07-02,2073/2074,Closed
KSY,Kumari Sabal Yojana,0%,9%,9%,2025-08-14,2081/2082,Closed
LBBL,Lumbini Bikas Bank Ltd.,3%,4%,7%,2025-01-03,2080/2081,Closed
LBBL,Lumbini Bikas Bank Ltd.,4%,4.50%,8.50%,2024-01-02,2079/2080,Closed
LBBL,Lumbini Bikas Bank Ltd.,3%,9%,12%,2022-12-28,2078/2079,Closed
LBBL,Lumbini Bikas Bank Ltd.,13%,0.68%,13.68%,2021-12-13,2077/2078,Closed
LBBL,Lumbini Bikas Bank Ltd.,7%,3%,10%,2020-12-29,2076/2077,Closed
LBBL,Lumbini Bikas Bank Ltd.,5%,15%,20%,2020-01-08,2075/2076,Closed
LBBL,Lumbini Bikas Bank Ltd.,17.07%,0%,17.07%,2019-08-07,2074/2075,Closed
LBL,Laxmi Bank Limited,8%,3.50%,11.50%,2021-12-10,2077/2078,Closed
LBL,Laxmi Bank Limited,9%,2.50%,11.50%,2021-01-01,2076/2077,Closed
LBL,Laxmi Bank Limited,10%,5%,15%,2019-12-09,2075/2076,Closed
LBL,Laxmi Bank Limited,8.50%,0.45%,8.95%,2019-01-28,2074/2075,Closed
LBL,Laxmi Bank Limited,10%,0.53%,10.53%,2017-11-27,2073/2074,Closed
LBL,Laxmi Bank Limited,18.29%,0%,18.29%,2017-06-16,2072/2073,Closed
LBL,Laxmi Bank Limited,20%,1.05%,21.05%,2014-10-27,2070/2071,Closed
LBL,Laxmi Bank Limited,15%,0%,15%,2014-03-13,2069/2070,Closed
LEMF,Laxmi Equity Fund,0%,8%,8%,2023-08-17,2079/2080,Closed
LEMF,Laxmi Equity Fund,0%,5%,5%,2022-08-23,2078/2079,Closed
LEMF,Laxmi Equity Fund,0%,35%,35%,2021-07-30,2077/2078,Closed
LEMF,Laxmi Equity Fund,0%,4.25%,4.25%,2020-09-08,2076/2077,Closed
LGIL,Lumbini General Insurance Co. Ltd.,6.99%,0.37%,7.36%,2023-02-10,2078/2079,Closed
LGIL,Lumbini General Insurance Co. Ltd.,9.52%,0.48%,10%,2022-06-29,2077/2078,Closed
LGIL,Lumbini General Insurance Co. Ltd.,5%,5%,10%,2021-05-28,2076/2077,Closed
LGIL,Lumbini General Insurance Co. Ltd.,8.13%,0.41%,8.53%,2020-06-22,2075/2076,Closed
LGIL,Lumbini General Insurance Co. Ltd.,12.82%,0.67%,13.49%,2017-12-15,2073/2074,Closed
LGIL,Lumbini General Insurance Co. Ltd.,18.18%,0.96%,19.14%,2016-11-30,2072/2073,Closed
LGIL,Lumbini General Insurance Co. Ltd.,13.06%,0%,13.06%,2016-12-02,2071/2072,Closed
LGIL,Lumbini General Insurance Co. Ltd.,10.53%,0%,10.53%,2015-02-23,2070/2071,Closed
LGIL,Lumbini General Insurance Co. Ltd.,10.52%,0%,10.52%,2014-03-27,2069/2070,Closed
LICN,Life Insurance Co. Nepal,10%,0.53%,10.53%,2025-06-30,2080/2081,Closed
LICN,Life Insurance Co. Nepal,20%,1.05%,21.05%,2022-02-07,2076/2077,Closed
LICN,Life Insurance Co. Nepal,10%,0.52%,10.52%,2021-02-19,2075/2076,Closed
LICN,Life Insurance Co. Nepal,34.46%,35.53%,69.99%,2019-07-25,2074/2075,Closed
LICN,Life Insurance Co. Nepal,12%,0.63%,12.63%,2019-03-05,2073/2074,Closed
LICN,Life Insurance Co. Nepal,24.80%,1.30%,26.10%,2017-05-19,2072/2073,Closed
LICN,Life Insurance Co. Nepal,25%,1.32%,26.32%,2016-05-12,2071/2072,Closed
LICN,Life Insurance Co. Nepal,30%,0%,30%,2015-02-13,2070/2071,Closed
LICN,Life Insurance Co. Nepal,30%,1.57%,31.57%,2014-02-14,2069/2070,Closed
LLBS,Laxmi Laghubitta Bittiya Sanstha Ltd.,15%,5%,20%,2023-03-01,2078/2079,Closed
LLBS,Laxmi Laghubitta Bittiya Sanstha Ltd.,20%,7.37%,27.37%,2021-11-16,2077/2078,Closed
LLBS,Laxmi Laghubitta Bittiya Sanstha Ltd.,15%,8.16%,23.16%,2021-01-01,2076/2077,Closed
LLBS,Laxmi Laghubitta Bittiya Sanstha Ltd.,15%,11.32%,26.32%,2019-11-27,2075/2076,Closed
LLBS,Laxmi Laghubitta Bittiya Sanstha Ltd.,0%,26.32%,26.32%,2018-12-05,2074/2075,Closed
LLBS,Laxmi Laghubitta Bittiya Sanstha Ltd.,10%,16.32%,26.32%,2017-11-09,2073/2074,Closed
LLBS,Laxmi Laghubitta Bittiya Sanstha Ltd.,0%,10.53%,10.53%,2016-12-29,2072/2073,Closed
LLBS,Laxmi Laghubitta Bittiya Sanstha Ltd.,10%,0.53%,10.53%,2015-12-25,2071/2072,Closed
LSL,Laxmi Sunrise Bank Limited,5%,0.26%,5.26%,2025-01-01,2080/2081,Closed
LSL,Laxmi Sunrise Bank Limited,7%,0.37%,7.37%,2024-01-04,2079/2080,Closed
LUK,Laxmi Unnati Kosh,0%,20%,20%,2025-08-19,2081/2082,Closed
LUK,Laxmi Unnati Kosh,0%,7.50%,7.50%,2024-08-15,2080/2081,Closed
LUK,Laxmi Unnati Kosh,0%,9.50%,9.50%,2023-08-17,2079/2080,Closed
LUK,Laxmi Unnati Kosh,0%,5%,5%,2022-08-23,2078/2079,Closed
LUK,Laxmi Unnati Kosh,0%,25%,25%,2021-07-28,2077/2078,Closed
LVF1,Laxmi Value Fund-1,0%,15%,15%,2019-08-13,2075/2076,Closed
LVF1,Laxmi Value Fund-1,0%,25%,25%,2017-09-08,2073/2074,Closed
LVF1,Laxmi Value Fund-1,0%,25%,25%,2016-08-17,2072/2073,Closed
LVF2,Laxmi Value Fund 2,0%,15%,15%,2025-08-11,2081/2082,Closed
LVF2,Laxmi Value Fund 2,0%,4.50%,4.50%,2024-08-15,2080/2081,Closed
MANDU,Mandu Hydropower Limited,0%,12%,12%,2024-09-16,2080/2081,Closed
MANDU,Mandu Hydropower Limited,0%,10%,10%,2023-11-20,2079/2080,Closed
MBL,Machhapuchhre Bank Limited,4%,4%,8%,2025-09-12,2081/2082,--
MBL,Machhapuchhre Bank Limited,13.30%,0.70%,14%,2023-09-25,2079/2080,Closed
MBL,Machhapuchhre Bank Limited,13.30%,0.70%,14%,2021-10-24,2077/2078,Closed
MBL,Machhapuchhre Bank Limited,7.03%,3.37%,10.40%,2020-10-08,2076/2077,Closed
MBL,Machhapuchhre Bank Limited,5%,11%,16%,2019-09-27,2075/2076,Closed
MBL,Machhapuchhre Bank Limited,0%,10%,10%,2018-12-21,2074/2075,Closed
MBL,Machhapuchhre Bank Limited,9%,6%,15%,2017-11-17,2073/2074,Closed
MBL,Machhapuchhre Bank Limited,20.75%,1.09%,21.84%,2016-12-16,2072/2073,Closed
MBL,Machhapuchhre Bank Limited,16%,0.84%,16.84%,2016-04-19,2071/2072,Closed
MBL,Machhapuchhre Bank Limited,12%,0.63%,12.63%,2014-11-19,2070/2071,Closed
MDB,Miteri Development Bank Limited,9.51%,0.50%,10.01%,2024-12-31,2080/2081,Closed
MDB,Miteri Development Bank Limited,9.50%,0.50%,10%,2023-12-14,2079/2080,Closed
MDB,Miteri Development Bank Limited,12.35%,0.65%,13%,2022-12-29,2078/2079,Closed
MDB,Miteri Development Bank Limited,13.30%,0.70%,14%,2021-12-29,2077/2078,Closed
MDB,Miteri Development Bank Limited,15%,0.79%,15.79%,2020-12-29,2076/2077,Closed
MDB,Miteri Development Bank Limited,18.53%,0.98%,19.50%,2020-03-10,2075/2076,Closed
MDB,Miteri Development Bank Limited,17%,0.89%,17.89%,2019-02-27,2074/2075,Closed
MDB,Miteri Development Bank Limited,31.48%,1.66%,33.14%,2017-12-19,2073/2074,Closed
MDB,Miteri Development Bank Limited,30%,1.58%,31.58%,2016-11-03,2072/2073,Closed
MDB,Miteri Development Bank Limited,30%,1.58%,31.58%,2015-12-21,2071/2072,Closed
MDB,Miteri Development Bank Limited,25%,1.32%,26.32%,2014-12-31,2070/2071,Closed
MDB,Miteri Development Bank Limited,20%,5%,25%,2013-10-03,2069/2070,Closed
MEGA,Mega  Bank Nepal Ltd.,4%,3.83%,7.83%,2022-12-09,2078/2079,Closed
MEGA,Mega  Bank Nepal Ltd.,10%,2.07%,12.07%,2021-11-30,2077/2078,Closed
MEGA,Mega  Bank Nepal Ltd.,10%,3.05%,13.05%,2021-01-01,2076/2077,Closed
MEGA,Mega  Bank Nepal Ltd.,0%,11.75%,11.75%,2019-10-31,2075/2076,Closed
MEGA,Mega  Bank Nepal Ltd.,1%,6.85%,7.85%,2018-12-31,2074/2075,Closed
MEGA,Mega  Bank Nepal Ltd.,10.75%,0%,10.75%,2018-06-28,2073/2074,Closed
MEGA,Mega  Bank Nepal Ltd.,13.25%,0.70%,13.95%,2017-02-28,2072/2073,Closed
MEGA,Mega  Bank Nepal Ltd.,10%,0.53%,10.53%,2015-01-29,2071/2072,Closed
MEGA,Mega  Bank Nepal Ltd.,12%,0.63%,12.63%,2014-12-31,2070/2071,Closed
MEGA,Mega  Bank Nepal Ltd.,0%,9%,9%,2013-12-30,2069/2070,Closed
MEN,Mountain Energy Nepal Limited,15%,0.79%,15.79%,2024-12-26,2080/2081,Closed
MEN,Mountain Energy Nepal Limited,15%,0.79%,15.79%,2024-03-13,2079/2080,Closed
MEN,Mountain Energy Nepal Limited,0%,10.53%,10.53%,2022-12-13,2078/2079,Closed
MERO,Mero Microfinance Bittiya Sanstha Ltd.,7.50%,0.39%,7.89%,2025-01-03,2080/2081,Closed
MERO,Mero Microfinance Bittiya Sanstha Ltd.,10%,10%,20%,2023-01-08,2078/2079,Closed
MERO,Mero Microfinance Bittiya Sanstha Ltd.,20%,1.05%,21.05%,2021-11-25,2077/2078,Closed
MERO,Mero Microfinance Bittiya Sanstha Ltd.,16.94%,0.89%,17.83%,2021-01-01,2076/2077,Closed
MERO,Mero Microfinance Bittiya Sanstha Ltd.,30%,1.58%,31.58%,2019-11-06,2075/2076,Closed
MERO,Mero Microfinance Bittiya Sanstha Ltd.,15%,11.32%,26.32%,2018-10-03,2074/2075,Closed
MERO,Mero Microfinance Bittiya Sanstha Ltd.,30%,12.11%,42.11%,2017-09-18,2073/2074,Closed
MERO,Mero Microfinance Bittiya Sanstha Ltd.,10%,10%,20%,2016-12-19,2072/2073,Closed
MFIL,Manjushree Finance Ltd.,0%,6.35%,6.35%,2024-12-26,2080/2081,Closed
MFIL,Manjushree Finance Ltd.,0%,5.26%,5.26%,2023-12-27,2079/2080,Closed
MFIL,Manjushree Finance Ltd.,40%,6%,46%,2021-12-30,2077/2078,Closed
MFIL,Manjushree Finance Ltd.,18%,5.50%,23.50%,2020-12-30,2076/2077,Closed
MFIL,Manjushree Finance Ltd.,1.75%,9.80%,11.55%,2019-12-31,2075/2076,Closed
MFIL,Manjushree Finance Ltd.,0%,2.90%,2.90%,2018-12-18,2074/2075,Closed
MFIL,Manjushree Finance Ltd.,5.71%,0.32%,6.03%,2018-06-18,2073/2074,Closed
MFIL,Manjushree Finance Ltd.,14%,0.74%,14.74%,2016-12-24,2072/2073,Closed
MFIL,Manjushree Finance Ltd.,11.40%,0.60%,12%,2016-01-01,2071/2072,Closed
MFIL,Manjushree Finance Ltd.,0%,7.50%,7.50%,2014-09-10,2070/2071,Closed
MHL,Mandakini Hydropower Limited,5%,0.26%,5.26%,2024-11-13,2080/2081,Closed
MHL,Mandakini Hydropower Limited,4.75%,0.25%,5%,2024-01-05,2079/2080,Closed
MHL,Mandakini Hydropower Limited,0%,5%,5%,2023-01-05,2078/2079,Closed
MKJC,Mailung Khola Jal Vidhyut Company Limited,2.22%,0.12%,2.34%,2024-03-29,2079/2080,Closed
MKLB,Manakamana Smart Laghubitta Bittiya Sanstha Limited,4.75%,0.25%,5%,2023-03-15,2078/2079,Closed
MKLB,Manakamana Smart Laghubitta Bittiya Sanstha Limited,17%,0%,17%,2021-12-19,2077/2078,Closed
MLBBL,Mithila LaghuBitta Bittiya Sanstha Limited,14.29%,0.71%,15%,2024-12-26,2080/2081,Closed
MLBBL,Mithila LaghuBitta Bittiya Sanstha Limited,15%,0.79%,15.79%,2023-02-17,2078/2079,Closed
MLBBL,Mithila LaghuBitta Bittiya Sanstha Limited,25%,1.32%,26.32%,2022-01-03,2077/2078,Closed
MLBBL,Mithila LaghuBitta Bittiya Sanstha Limited,12%,0.63%,12.63%,2021-03-30,2076/2077,Closed
MLBBL,Mithila LaghuBitta Bittiya Sanstha Limited,15%,0.78%,15.78%,2019-12-31,2075/2076,Closed
MLBBL,Mithila LaghuBitta Bittiya Sanstha Limited,10.45%,0.54%,10.99%,2019-03-25,2074/2075,Closed
MLBBL,Mithila LaghuBitta Bittiya Sanstha Limited,15%,0.78%,15.78%,2017-12-29,2073/2074,Closed
MLBBL,Mithila LaghuBitta Bittiya Sanstha Limited,12.66%,0.66%,13.32%,2016-12-23,2072/2073,Closed
MLBBL,Mithila LaghuBitta Bittiya Sanstha Limited,20%,0%,20%,2015-12-25,2071/2072,Closed
MLBBL,Mithila LaghuBitta Bittiya Sanstha Limited,20%,1.05%,21.05%,2014-11-23,2070/2071,Closed
MLBL,Mahalaxmi Bikas Bank Ltd.,3%,4%,7%,2024-12-31,2080/2081,Closed
MLBL,Mahalaxmi Bikas Bank Ltd.,0%,6.40%,6.40%,2024-01-04,2079/2080,Closed
MLBL,Mahalaxmi Bikas Bank Ltd.,4%,6.47%,10.47%,2023-01-02,2078/2079,Closed
MLBL,Mahalaxmi Bikas Bank Ltd.,20%,1.05%,21.05%,2021-12-28,2077/2078,Closed
MLBL,Mahalaxmi Bikas Bank Ltd.,8.80%,0.46%,9.26%,2021-03-16,2076/2077,Closed
MLBL,Mahalaxmi Bikas Bank Ltd.,8%,9.89%,17.89%,2019-11-06,2075/2076,Closed
MLBL,Mahalaxmi Bikas Bank Ltd.,8%,7%,15%,2018-09-30,2074/2075,Closed
MLBL,Mahalaxmi Bikas Bank Ltd.,0%,9%,9%,2018-04-20,2073/2074,Closed
MLBL,Mahalaxmi Bikas Bank Ltd.,8%,0%,8%,2017-04-20,2072/2073,Closed
MLBSL,Mahila Lagubitta Bittiya Sanstha Limited,47.50%,2.50%,50%,2023-02-17,2078/2079,Closed
MLBSL,Mahila Lagubitta Bittiya Sanstha Limited,47.50%,2.50%,50%,2021-12-02,2077/2078,Closed
MMFDB,Mirmire Microfinance Development Bank Ltd.,23%,0%,23%,2023-01-04,2078/2079,Closed
MMFDB,Mirmire Microfinance Development Bank Ltd.,20%,0%,20%,2022-01-03,2077/2078,Closed
MMFDB,Mirmire Microfinance Development Bank Ltd.,9.20%,0.48%,9.68%,2021-03-21,2076/2077,Closed
MMFDB,Mirmire Microfinance Development Bank Ltd.,45%,2.36%,47.36%,2020-01-04,2075/2076,Closed
MMFDB,Mirmire Microfinance Development Bank Ltd.,24%,1.26%,25.26%,2018-12-25,2074/2075,Closed
MMFDB,Mirmire Microfinance Development Bank Ltd.,30.80%,0%,30.80%,2018-05-16,2073/2074,Closed
MMFDB,Mirmire Microfinance Development Bank Ltd.,50%,2.63%,52.63%,2016-12-12,2072/2073,Closed
MNBBL,Muktinath Bikas Bank Ltd.,9.75%,0.51%,10.26%,2024-01-04,2079/2080,Closed
MNBBL,Muktinath Bikas Bank Ltd.,13.50%,0.71%,14.21%,2023-01-04,2078/2079,Closed
MNBBL,Muktinath Bikas Bank Ltd.,17.58%,0.93%,18.50%,2021-12-01,2077/2078,Closed
MNBBL,Muktinath Bikas Bank Ltd.,11.25%,4.26%,15.51%,2020-12-28,2076/2077,Closed
MNBBL,Muktinath Bikas Bank Ltd.,17.60%,0.93%,18.53%,2019-12-09,2075/2076,Closed
MNBBL,Muktinath Bikas Bank Ltd.,18.25%,0.96%,19.21%,2018-12-04,2074/2075,Closed
MNBBL,Muktinath Bikas Bank Ltd.,20%,1.05%,21.05%,2017-12-22,2073/2074,Closed
MNBBL,Muktinath Bikas Bank Ltd.,34%,0%,34%,2016-09-11,2072/2073,Closed
MNBBL,Muktinath Bikas Bank Ltd.,31%,1.63%,32.63%,2015-12-28,2071/2072,Closed
MNBBL,Muktinath Bikas Bank Ltd.,38%,2%,40%,2014-11-14,2070/2071,Closed
MNBBL,Muktinath Bikas Bank Ltd.,20%,7.50%,27.50%,2013-11-15,2069/2070,Closed
MNMF1,Muktinath Mutual Fund 1,0%,3.80%,3.80%,2025-08-15,2081/2082,Closed
MPFL,Multipurpose Finance Company  Limited,13%,0.68%,13.68%,2022-01-05,2077/2078,Closed
MPFL,Multipurpose Finance Company  Limited,12%,0%,12%,2017-06-21,2072/2073,Closed
MPFL,Multipurpose Finance Company  Limited,15%,0%,15%,2016-03-28,2071/2072,Closed
MSLB,Mahuli Laghubitta Bittiya Sanstha Limited,14.25%,0.75%,15%,2023-04-12,2078/2079,Closed
MSLB,Mahuli Laghubitta Bittiya Sanstha Limited,26%,0%,26%,2021-12-27,2077/2078,Closed
MSLB,Mahuli Laghubitta Bittiya Sanstha Limited,20%,1.05%,21.05%,2021-03-23,2076/2077,Closed
MSLB,Mahuli Laghubitta Bittiya Sanstha Limited,20%,11.58%,31.58%,2019-12-30,2075/2076,Closed
MSLB,Mahuli Laghubitta Bittiya Sanstha Limited,20%,1.05%,21.05%,2018-12-31,2074/2075,Closed
MSLB,Mahuli Laghubitta Bittiya Sanstha Limited,50%,10%,60%,2017-11-12,2073/2074,Closed
MSMBS,Mahila Sahayatra Microfinance Bittiya Sanstha Ltd.,10%,0.53%,10.53%,2021-03-14,2076/2077,Closed
MSMBS,Mahila Sahayatra Microfinance Bittiya Sanstha Ltd.,10%,7.50%,17.50%,2020-03-17,2075/2076,Closed
MSMBS,Mahila Sahayatra Microfinance Bittiya Sanstha Ltd.,0%,8%,8%,2019-01-01,2074/2075,Closed
MSMBS,Mahila Sahayatra Microfinance Bittiya Sanstha Ltd.,0%,5%,5%,2017-12-25,2073/2074,Closed
MSMBS,Mahila Sahayatra Microfinance Bittiya Sanstha Ltd.,10%,0.52%,10.52%,2016-12-14,2072/2073,Closed
NABIL,Nabil Bank Limited,0%,10%,10%,2024-11-25,2080/2081,Closed
NABIL,Nabil Bank Limited,0%,11%,11%,2023-12-15,2079/2080,Closed
NABIL,Nabil Bank Limited,18.50%,11.50%,30%,2023-01-02,2078/2079,Closed
NABIL,Nabil Bank Limited,33.60%,4.40%,38%,2021-12-31,2077/2078,Closed
NABIL,Nabil Bank Limited,33.50%,1.76%,35.26%,2020-12-30,2076/2077,Closed
NABIL,Nabil Bank Limited,12%,22%,34%,2019-12-24,2075/2076,Closed
NABIL,Nabil Bank Limited,12%,22%,34%,2019-02-26,2074/2075,Closed
NABIL,Nabil Bank Limited,30%,18%,48%,2017-09-12,2073/2074,Closed
NABIL,Nabil Bank Limited,30%,15%,45%,2016-09-21,2072/2073,Closed
NABIL,Nabil Bank Limited,30%,6.84%,36.84%,2015-12-06,2071/2072,Closed
NABIL,Nabil Bank Limited,20%,45%,65%,2014-11-13,2070/2071,Closed
NABIL,Nabil Bank Limited,25%,40%,65%,2013-12-09,2069/2070,Closed
NABILP,NABIL Bank Limited Promotor Share,30%,18%,48%,2017-12-09,2073/2074,Closed
NABILP,NABIL Bank Limited Promotor Share,30%,15%,45%,2016-09-21,2072/2073,Closed
NABILP,NABIL Bank Limited Promotor Share,30%,6.84%,36.84%,2015-06-12,2071/2072,Closed
NABILP,NABIL Bank Limited Promotor Share,20%,45%,65%,2014-11-13,2070/2071,Closed
NABILP,NABIL Bank Limited Promotor Share,25%,40%,65%,2013-09-12,2069/2070,Closed
NADEP,Nadep Laghubittiya bittya Sanstha Ltd.,20%,1.05%,21.05%,2022-01-17,2077/2078,Closed
NADEP,Nadep Laghubittiya bittya Sanstha Ltd.,10%,0%,10%,2020-09-30,2075/2076,Closed
NADEP,Nadep Laghubittiya bittya Sanstha Ltd.,15%,1.58%,16.58%,2019-04-22,2074/2075,Closed
NAGRO,Nepal Agro Laghubitta Bittiya Sanstha Limited,14%,0%,14%,2021-06-22,2076/2077,Closed
NAGRO,Nepal Agro Laghubitta Bittiya Sanstha Limited,15%,0%,15%,2019-12-17,2075/2076,Closed
NBB,Nepal Bangladesh Bank Limited,12%,3.50%,15.50%,2021-11-01,2077/2078,Closed
NBB,Nepal Bangladesh Bank Limited,6%,2.42%,8.42%,2020-12-25,2076/2077,Closed
NBB,Nepal Bangladesh Bank Limited,5%,7%,12%,2019-12-11,2075/2076,Closed
NBB,Nepal Bangladesh Bank Limited,0%,10.53%,10.53%,2018-12-30,2074/2075,Closed
NBB,Nepal Bangladesh Bank Limited,12%,3.79%,15.79%,2017-10-30,2073/2074,Closed
NBB,Nepal Bangladesh Bank Limited,32%,1.68%,33.68%,2016-10-05,2072/2073,Closed
NBB,Nepal Bangladesh Bank Limited,25%,1.32%,26.32%,2015-11-06,2071/2072,Closed
NBB,Nepal Bangladesh Bank Limited,10%,12%,22%,2014-12-01,2070/2071,Closed
NBB,Nepal Bangladesh Bank Limited,10%,7.89%,17.89%,2014-06-29,2069/2070,Closed
NBBL,NagBeli LaghuBitta Bikas Bank Ltd.,26%,1.37%,27.37%,2020-01-27,2075/2076,Closed
NBBL,NagBeli LaghuBitta Bikas Bank Ltd.,9.38%,0.49%,9.87%,2019-03-13,2074/2075,Closed
NBBL,NagBeli LaghuBitta Bikas Bank Ltd.,45.60%,2.40%,48%,2017-11-29,2073/2074,Closed
NBBL,NagBeli LaghuBitta Bikas Bank Ltd.,60%,20%,80%,2016-12-28,2072/2073,Closed
NBBL,NagBeli LaghuBitta Bikas Bank Ltd.,39.86%,20%,59.86%,2014-12-31,2070/2071,Closed
NBF2,NABIL BALANCED FUND-2,0%,13%,13%,2025-09-07,2081/2082,--
NBF2,NABIL BALANCED FUND-2,0%,8%,8%,2024-09-27,2080/2081,Closed
NBF2,NABIL BALANCED FUND-2,0%,9.60%,9.60%,2023-10-13,2079/2080,Closed
NBF2,NABIL BALANCED FUND-2,0%,7%,7%,2022-11-04,2078/2079,Closed
NBF2,NABIL BALANCED FUND-2,0%,35%,35%,2021-09-27,2077/2078,Closed
NBF2,NABIL BALANCED FUND-2,0%,9%,9%,2020-09-10,2076/2077,Closed
NBF3,Nabil Balanced Fund-3,0%,13%,13%,2025-09-07,2081/2082,--
NBL,Nepal Bank Limited,2%,10%,12%,2022-12-29,2078/2079,Closed
NBL,Nepal Bank Limited,14%,3%,17%,2021-12-07,2077/2078,Closed
NBL,Nepal Bank Limited,12%,4%,16%,2020-12-31,2076/2077,Closed
NBL,Nepal Bank Limited,15%,10%,25%,2019-12-29,2075/2076,Closed
NCCB,Nepal Credit And Commercial Bank Limited,3.37%,7.63%,11%,2022-11-01,2078/2079,Closed
NCCB,Nepal Credit And Commercial Bank Limited,8%,0.42%,8.42%,2021-12-27,2077/2078,Closed
NCCB,Nepal Credit And Commercial Bank Limited,10.27%,0.54%,10.81%,2021-01-05,2076/2077,Closed
NCCB,Nepal Credit And Commercial Bank Limited,15%,0.78%,15.78%,2020-01-21,2075/2076,Closed
NCCB,Nepal Credit And Commercial Bank Limited,15.89%,0.83%,16.72%,2019-08-11,2074/2075,Closed
NCCB,Nepal Credit And Commercial Bank Limited,16%,0%,16%,2015-11-29,2071/2072,Closed
NCCB,Nepal Credit And Commercial Bank Limited,38%,2%,40%,2015-07-01,2070/2071,Closed
NCDB,Nepal Consumer Development Bank Ltd.,1%,6.42%,7.42%,2019-01-01,2074/2075,Closed
NCDB,Nepal Consumer Development Bank Ltd.,8.61%,0.45%,9.06%,2018-11-05,2073/2074,Closed
NCDB,Nepal Consumer Development Bank Ltd.,5.15%,0.27%,5.42%,2017-05-26,2072/2073,Closed
NCDB,Nepal Consumer Development Bank Ltd.,9.50%,0.50%,10%,2015-02-10,2071/2072,Closed
NEF,Nabil Equity Fund,0%,5%,5%,2022-11-04,2078/2079,Closed
NEF,Nabil Equity Fund,0%,40%,40%,2021-09-27,2077/2078,Closed
NEF,Nabil Equity Fund,0%,6%,6%,2020-09-10,2076/2077,Closed
NESDO,NESDO Sambridha Laghubitta Bittiya Sanstha Limited,14.25%,0.75%,15%,2025-03-12,2080/2081,Closed
NESDO,NESDO Sambridha Laghubitta Bittiya Sanstha Limited,0%,17.93%,17.93%,2023-10-05,2078/2079,Closed
NGPL,Ngadi Group Power Ltd.,4.75%,0.25%,5%,2023-02-22,2078/2079,Closed
NGPL,Ngadi Group Power Ltd.,20%,1.05%,21.05%,2021-09-03,2077/2078,Closed
NGPL,Ngadi Group Power Ltd.,10%,0.53%,10.53%,2020-12-30,2076/2077,Closed
NGPL,Ngadi Group Power Ltd.,0%,10%,10%,2020-02-27,2075/2076,Closed
NGPL,Ngadi Group Power Ltd.,0%,10%,10%,2018-08-30,2074/2075,Closed
NGPL,Ngadi Group Power Ltd.,10%,0.53%,10.53%,2017-09-07,2073/2074,Closed
NGPL,Ngadi Group Power Ltd.,0%,5%,5%,2016-10-27,2072/2073,Closed
NHDL,Ngadi Group Power Ltd.,8%,0.42%,8.42%,2024-12-23,2080/2081,Closed
NHDL,Ngadi Group Power Ltd.,7%,0.37%,7.37%,2023-12-11,2079/2080,Closed
NHDL,Ngadi Group Power Ltd.,5%,0.26%,5.26%,2022-12-26,2078/2079,Closed
NHDL,Ngadi Group Power Ltd.,7%,0.37%,7.37%,2021-12-28,2077/2078,Closed
NHDL,Ngadi Group Power Ltd.,15%,0.79%,15.79%,2021-03-16,2076/2077,Closed
NHPC,Nepal Hydro Developers Ltd.,18.53%,0.98%,19.50%,2022-02-25,2077/2078,Closed
NIB,National Hydro Power Company Limited,4%,7%,11%,2022-12-07,2078/2079,Closed
NIB,National Hydro Power Company Limited,12.61%,3.39%,16%,2021-11-22,2077/2078,Closed
NIB,National Hydro Power Company Limited,13%,5.50%,18.50%,2021-01-06,2076/2077,Closed
NIB,National Hydro Power Company Limited,10.50%,8.50%,19%,2019-12-30,2075/2076,Closed
NIB,National Hydro Power Company Limited,18%,22%,40%,2018-12-26,2074/2075,Closed
NIB,National Hydro Power Company Limited,15%,25%,40%,2017-10-04,2073/2074,Closed
NIB,National Hydro Power Company Limited,20%,21%,41%,2016-09-06,2072/2073,Closed
NIB,National Hydro Power Company Limited,33%,1.74%,34.74%,2015-10-30,2071/2072,Closed
NIB,National Hydro Power Company Limited,15%,25%,40%,2014-10-09,2070/2071,Closed
NIB,National Hydro Power Company Limited,10%,25%,35%,2013-12-11,2069/2070,Closed
NIBLGF,Nepal Investment Bank Limited,0%,6.35%,6.35%,2024-10-02,2080/2081,Closed
NIBLPF,NIBL Growth Fund,0%,6.80%,6.80%,2023-09-19,2079/2080,Closed
NIBLPF,NIBL Growth Fund,0%,4.20%,4.20%,2022-09-14,2078/2079,Closed
NIBLPF,NIBL Growth Fund,0%,50%,50%,2021-08-13,2077/2078,Closed
NIBLSF,NIBL Pragati Fund,0%,7%,7%,2025-07-22,2081/2082,Closed
NIBLSF,NIBL Pragati Fund,0%,4%,4%,2023-07-27,2079/2080,Closed
NIBLSF,NIBL Pragati Fund,0%,7.20%,7.20%,2022-08-25,2078/2079,Closed
NIBLSF,NIBL Pragati Fund,0%,50%,50%,2021-07-29,2077/2078,Closed
NIBLSF,NIBL Pragati Fund,0%,8.25%,8.25%,2020-08-07,2076/2077,Closed
NIBPO,Nepal Investment Bank Ltd. Promoter Share,13%,5.50%,18.50%,2021-01-06,2076/2077,Closed
NIBPO,Nepal Investment Bank Ltd. Promoter Share,15%,25%,40%,2017-04-10,2073/2074,Closed
NIBPO,Nepal Investment Bank Ltd. Promoter Share,20%,21%,41%,2016-06-09,2072/2073,Closed
NIBPO,Nepal Investment Bank Ltd. Promoter Share,33%,1.74%,34.74%,2015-10-30,2071/2072,Closed
NIBPO,Nepal Investment Bank Ltd. Promoter Share,15%,25%,40%,2014-09-10,2070/2071,Closed
NIBPO,Nepal Investment Bank Ltd. Promoter Share,10%,25%,35%,2013-11-12,2069/2070,Closed
NIBSF1,NIBL Samriddhi Fund 1,0%,35%,35%,2021-08-13,2077/2078,Closed
NIBSF1,NIBL Samriddhi Fund 1,0%,12%,12%,2020-08-21,2076/2077,Closed
NIBSF1,NIBL Samriddhi Fund 1,0%,6.50%,6.50%,2019-09-23,2075/2076,Closed
NIBSF1,NIBL Samriddhi Fund 1,0%,12%,12%,2018-09-07,2074/2075,Closed
NIBSF1,NIBL Samriddhi Fund 1,0%,18%,18%,2017-08-28,2073/2074,Closed
NIBSF1,NIBL Samriddhi Fund 1,0%,15%,15%,2016-08-31,2072/2073,Closed
NICA,NIC Asia Bank Ltd.,29%,1.50%,30.50%,2023-10-03,2079/2080,Closed
NICA,NIC Asia Bank Ltd.,19%,1%,20%,2020-11-25,2076/2077,Closed
NICA,NIC Asia Bank Ltd.,10%,11.05%,21.05%,2019-09-15,2075/2076,Closed
NICA,NIC Asia Bank Ltd.,10%,0.53%,10.53%,2018-12-05,2074/2075,Closed
NICA,NIC Asia Bank Ltd.,20%,1.05%,21.05%,2017-09-01,2073/2074,Closed
NICA,NIC Asia Bank Ltd.,26%,1.37%,27.37%,2016-09-21,2072/2073,Closed
NICA,NIC Asia Bank Ltd.,39%,2.05%,41.05%,2016-01-10,2071/2072,Closed
NICA,NIC Asia Bank Ltd.,15%,15%,30%,2014-12-15,2070/2071,Closed
NICA,NIC Asia Bank Ltd.,0%,20%,20%,2014-02-05,2069/2070,Closed
NICBF,NIC Asia Balanced Fund,0%,9.90%,9.90%,2025-08-14,2081/2082,Closed
NICBF,NIC Asia Balanced Fund,0%,9.25%,9.25%,2024-09-13,2080/2081,Closed
NICBF,NIC Asia Balanced Fund,0%,13%,13%,2022-11-01,2078/2079,Closed
NICBF,NIC Asia Balanced Fund,0%,30%,30%,2021-09-12,2077/2078,Closed
NICBF,NIC Asia Balanced Fund,0%,8%,8%,2020-09-10,2076/2077,Closed
NICFC,NIC Asia Flexi CAP Fund,0%,10.10%,10.10%,2025-08-14,2081/2082,Closed
NICFC,NIC Asia Flexi CAP Fund,0%,10.50%,10.50%,2024-09-13,2080/2081,Closed
NICGF,NIC Asia Growth Fund,0%,9.50%,9.50%,2024-09-13,2080/2081,Closed
NICGF,NIC Asia Growth Fund,0%,10.50%,10.50%,2023-11-08,2079/2080,Closed
NICGF,NIC Asia Growth Fund,0%,13%,13%,2022-11-01,2078/2079,Closed
NICGF,NIC Asia Growth Fund,0%,30%,30%,2021-09-12,2077/2078,Closed
NICGF,NIC Asia Growth Fund,0%,12%,12%,2020-09-10,2076/2077,Closed
NICGF,NIC Asia Growth Fund,0%,10%,10%,2019-08-30,2075/2076,Closed
NICL,Nepal Insurance Co. Ltd.,15%,0.79%,15.79%,2025-03-20,2080/2081,Closed
NICL,Nepal Insurance Co. Ltd.,10%,0.53%,10.53%,2023-12-14,2079/2080,Closed
NICL,Nepal Insurance Co. Ltd.,8%,0.42%,8.42%,2022-12-23,2078/2079,Closed
NICL,Nepal Insurance Co. Ltd.,11%,0.58%,11.58%,2022-05-31,2077/2078,Closed
NICL,Nepal Insurance Co. Ltd.,8%,2%,10%,2021-03-30,2076/2077,Closed
NICL,Nepal Insurance Co. Ltd.,5%,2.89%,7.89%,2020-03-17,2075/2076,Closed
NICL,Nepal Insurance Co. Ltd.,7.50%,0%,7.50%,2019-08-09,2074/2075,Closed
NICL,Nepal Insurance Co. Ltd.,4.52%,0%,4.52%,2018-04-20,2073/2074,Closed
NICL,Nepal Insurance Co. Ltd.,5%,0%,5%,2017-09-01,2072/2073,Closed
NICL,Nepal Insurance Co. Ltd.,9%,0.47%,9.47%,2015-10-12,2070/2071,Closed
NICLBSL,NIC ASIA Laghubitta Bittiya Sanstha Limited,0%,15%,15%,2023-12-11,2079/2080,Closed
NICLBSL,NIC ASIA Laghubitta Bittiya Sanstha Limited,0%,14.75%,14.75%,2023-04-14,2078/2079,Closed
NICLBSL,NIC ASIA Laghubitta Bittiya Sanstha Limited,0%,5.41%,5.41%,2021-11-09,2077/2078,Closed
NICSF,NIC Asia Select Fund 30,0%,8.65%,8.65%,2025-08-14,2081/2082,Closed
NICSF,NIC Asia Select Fund 30,0%,14%,14%,2024-09-13,2080/2081,Closed
NIFRA,Nepal Infrastructure Bank Limited,0%,4.21%,4.21%,2023-12-22,2079/2080,Closed
NIFRA,Nepal Infrastructure Bank Limited,0%,4.21%,4.21%,2022-11-17,2078/2079,Closed
NIFRA,Nepal Infrastructure Bank Limited,8%,0.42%,8.42%,2021-11-25,2077/2078,Closed
NIL,Neco Insurance Co. Ltd.,7%,0.37%,7.37%,2025-05-13,2080/2081,Closed
NIL,Neco Insurance Co. Ltd.,15%,0.79%,15.79%,2023-01-17,2078/2079,Closed
NIL,Neco Insurance Co. Ltd.,15%,0.79%,15.79%,2022-03-15,2077/2078,Closed
NIL,Neco Insurance Co. Ltd.,15.50%,0.82%,16.32%,2021-07-02,2076/2077,Closed
NIL,Neco Insurance Co. Ltd.,0%,8.16%,8.16%,2020-04-06,2075/2076,Closed
NIL,Neco Insurance Co. Ltd.,12%,0.63%,12.63%,2019-08-20,2074/2075,Closed
NIL,Neco Insurance Co. Ltd.,10%,0.52%,10.52%,2017-09-14,2073/2074,Closed
NIL,Neco Insurance Co. Ltd.,20%,1.05%,21.05%,2016-12-29,2072/2073,Closed
NIL,Neco Insurance Co. Ltd.,15%,0.78%,15.78%,2016-03-11,2071/2072,Closed
NIL,Neco Insurance Co. Ltd.,12.71%,0.67%,13.38%,2015-09-17,2070/2071,Closed
NLBBL,Nerude Laghubita Bikas Bank Limited,22%,1.16%,23.16%,2023-01-31,2078/2079,Closed
NLBBL,Nerude Laghubita Bikas Bank Limited,21.49%,1.13%,22.62%,2021-12-12,2077/2078,Closed
NLBBL,Nerude Laghubita Bikas Bank Limited,8%,0.42%,8.42%,2021-02-19,2076/2077,Closed
NLBBL,Nerude Laghubita Bikas Bank Limited,15%,5.79%,20.79%,2019-12-29,2075/2076,Closed
NLBBL,Nerude Laghubita Bikas Bank Limited,15%,5.79%,20.79%,2018-12-20,2074/2075,Closed
NLBBL,Nerude Laghubita Bikas Bank Limited,13%,7.68%,20.68%,2017-12-24,2073/2074,Closed
NLBBL,Nerude Laghubita Bikas Bank Limited,20%,11.05%,31.05%,2017-03-13,2072/2073,Closed
NLBBL,Nerude Laghubita Bikas Bank Limited,44%,2.32%,46.32%,2015-12-29,2071/2072,Closed
NLBBL,Nerude Laghubita Bikas Bank Limited,25%,20%,45%,2014-11-25,2070/2071,Closed
NLBBL,Nerude Laghubita Bikas Bank Limited,55%,0%,55%,2013-12-13,2069/2070,Closed
NLG,NLG Insurance Company Ltd.,2.50%,0.13%,2.63%,2025-06-05,2080/2081,Closed
NLG,NLG Insurance Company Ltd.,5.50%,0.29%,5.79%,2024-02-08,2079/2080,Closed
NLG,NLG Insurance Company Ltd.,10%,0.53%,10.53%,2023-03-27,2078/2079,Closed
NLG,NLG Insurance Company Ltd.,10%,0.53%,10.53%,2022-03-20,2077/2078,Closed
NLG,NLG Insurance Company Ltd.,10%,0.53%,10.53%,2021-07-29,2076/2077,Closed
NLG,NLG Insurance Company Ltd.,7%,0.37%,7.37%,2020-11-10,2075/2076,Closed
NLG,NLG Insurance Company Ltd.,25%,1.32%,26.32%,2018-02-01,2073/2074,Closed
NLG,NLG Insurance Company Ltd.,25%,1.31%,26.31%,2016-12-30,2072/2073,Closed
NLG,NLG Insurance Company Ltd.,20%,0%,20%,2015-12-31,2071/2072,Closed
NLG,NLG Insurance Company Ltd.,15%,6.05%,21.05%,2015-01-01,2070/2071,Closed
NLG,NLG Insurance Company Ltd.,10%,11.05%,21.05%,2014-01-24,2069/2070,Closed
NLIC,Nepal Life Insurance Co. Ltd.,10%,11.05%,21.05%,2025-01-23,2080/2081,Closed
NLIC,Nepal Life Insurance Co. Ltd.,0%,21.05%,21.05%,2024-06-18,2079/2080,Closed
NLIC,Nepal Life Insurance Co. Ltd.,0%,15.79%,15.79%,2022-11-04,2077/2078,Closed
NLIC,Nepal Life Insurance Co. Ltd.,14%,0.74%,14.74%,2022-03-21,2076/2077,Closed
NLIC,Nepal Life Insurance Co. Ltd.,31%,20%,51%,2021-01-27,2075/2076,Closed
NLIC,Nepal Life Insurance Co. Ltd.,25%,23.50%,48.50%,2019-05-02,2074/2075,Closed
NLIC,Nepal Life Insurance Co. Ltd.,42%,28.50%,70.50%,2018-03-28,2073/2074,Closed
NLIC,Nepal Life Insurance Co. Ltd.,25%,1.31%,26.31%,2017-03-10,2072/2073,Closed
NLIC,Nepal Life Insurance Co. Ltd.,25%,1.31%,26.31%,2016-04-28,2071/2072,Closed
NLIC,Nepal Life Insurance Co. Ltd.,60%,8%,68%,2015-05-26,2070/2071,Closed
NLIC,Nepal Life Insurance Co. Ltd.,70%,28.50%,98.50%,2014-05-04,2069/2070,Closed
NLICL,National Life Insurance Co. Ltd.,5%,10%,15%,2025-06-05,2080/2081,Closed
NLICL,National Life Insurance Co. Ltd.,4%,10%,14%,2024-08-08,2079/2080,Closed
NLICL,National Life Insurance Co. Ltd.,8%,6.50%,14.50%,2023-05-25,2078/2079,Closed
NLICL,National Life Insurance Co. Ltd.,15%,0.79%,15.79%,2022-11-24,2077/2078,Closed
NLICL,National Life Insurance Co. Ltd.,19%,1%,20%,2022-03-06,2076/2077,Closed
NLICL,National Life Insurance Co. Ltd.,10%,0.53%,10.53%,2021-01-15,2075/2076,Closed
NLICL,National Life Insurance Co. Ltd.,2.50%,12%,14.50%,2019-10-27,2074/2075,Closed
NLICL,National Life Insurance Co. Ltd.,13.50%,0%,13.50%,2019-03-15,2073/2074,Closed
NLICL,National Life Insurance Co. Ltd.,25%,1.32%,26.32%,2017-07-23,2072/2073,Closed
NLICL,National Life Insurance Co. Ltd.,30%,1.58%,31.58%,2016-11-24,2071/2072,Closed
NLICL,National Life Insurance Co. Ltd.,30%,8%,38%,2015-04-24,2070/2071,Closed
NLICL,National Life Insurance Co. Ltd.,55%,17.50%,72.50%,2014-05-26,2069/2070,Closed
NLO,Nepal Lube Oil Limited,20%,5%,25%,2024-09-20,2080/2081,Closed
NLO,Nepal Lube Oil Limited,25%,5%,30%,2023-12-26,2079/2080,Closed
NLO,Nepal Lube Oil Limited,25%,5%,30%,2022-09-30,2078/2079,Closed
NLO,Nepal Lube Oil Limited,30%,5%,35%,2021-09-21,2077/2078,Closed
NLO,Nepal Lube Oil Limited,0%,10%,10%,2020-10-08,2076/2077,Closed
NLO,Nepal Lube Oil Limited,0%,30%,30%,2019-12-26,2075/2076,Closed
NLO,Nepal Lube Oil Limited,10%,30%,40%,2018-12-14,2074/2075,Closed
NLO,Nepal Lube Oil Limited,0%,25%,25%,2017-12-20,2073/2074,Closed
NLO,Nepal Lube Oil Limited,10%,10%,20%,2016-12-22,2072/2073,Closed
NLO,Nepal Lube Oil Limited,0%,10%,10%,2015-12-24,2071/2072,Closed
NLO,Nepal Lube Oil Limited,0%,20%,20%,2014-12-29,2070/2071,Closed
NLO,Nepal Lube Oil Limited,20%,20%,40%,2014-02-01,2069/2070,Closed
NMB,NMB Bank Limited,0%,8.25%,8.25%,2022-12-26,2078/2079,Closed
NMB,NMB Bank Limited,12.50%,3.30%,15.80%,2021-12-22,2077/2078,Closed
NMB,NMB Bank Limited,13%,3.20%,16.20%,2020-12-31,2076/2077,Closed
NMB,NMB Bank Limited,21%,14%,35%,2019-12-20,2075/2076,Closed
NMB,NMB Bank Limited,10%,20%,30%,2018-12-25,2074/2075,Closed
NMB,NMB Bank Limited,15%,0.79%,15.79%,2018-08-02,2073/2074,Closed
NMB,NMB Bank Limited,19%,1%,20%,2016-12-22,2072/2073,Closed
NMB,NMB Bank Limited,8%,0.42%,8.42%,2016-01-26,2071/2072,Closed
NMB,NMB Bank Limited,20%,1.05%,21.05%,2014-11-13,2070/2071,Closed
NMB,NMB Bank Limited,0%,10%,10%,2013-12-01,2069/2070,Closed
NMB50,NMB 50,0%,15%,15%,2025-08-29,2081/2082,Closed
NMB50,NMB 50,0%,15%,15%,2024-09-27,2080/2081,Closed
NMB50,NMB 50,0%,15%,15%,2023-09-29,2079/2080,Closed
NMB50,NMB 50,0%,15%,15%,2023-09-19,2079/2080,Closed
NMB50,NMB 50,0%,21.05%,21.05%,2022-08-16,2078/2079,Closed
NMB50,NMB 50,0%,30%,30%,2021-09-03,2077/2078,Closed
NMB50,NMB 50,0%,5%,5%,2020-10-02,2076/2077,Closed
NMBHF1,NMB Hybrid Fund L-1,0%,15%,15%,2023-09-29,2079/2080,Closed
NMBHF1,NMB Hybrid Fund L-1,0%,21.05%,21.05%,2022-08-16,2078/2079,Closed
NMBHF1,NMB Hybrid Fund L-1,0%,20%,20%,2021-09-03,2077/2078,Closed
NMBHF1,NMB Hybrid Fund L-1,0%,8%,8%,2020-10-02,2076/2077,Closed
NMBHF1,NMB Hybrid Fund L-1,0%,10%,10%,2019-09-12,2075/2076,Closed
NMBMF,NMB  Microfinance Bittiya Sanstha Ltd.,10%,0.53%,10.53%,2023-03-31,2078/2079,Closed
NMBMF,NMB  Microfinance Bittiya Sanstha Ltd.,21.50%,1.13%,22.63%,2021-12-24,2077/2078,Closed
NMBMF,NMB  Microfinance Bittiya Sanstha Ltd.,19%,1%,20%,2020-12-29,2076/2077,Closed
NMBMF,NMB  Microfinance Bittiya Sanstha Ltd.,12%,0.63%,12.63%,2020-03-23,2075/2076,Closed
NMBMF,NMB  Microfinance Bittiya Sanstha Ltd.,15%,0.78%,15.78%,2018-12-30,2074/2075,Closed
NMBMF,NMB  Microfinance Bittiya Sanstha Ltd.,25%,1.32%,26.32%,2017-11-10,2073/2074,Closed
NMBMF,NMB  Microfinance Bittiya Sanstha Ltd.,25%,1.31%,26.31%,2016-11-03,2072/2073,Closed
NMBMF,NMB  Microfinance Bittiya Sanstha Ltd.,15%,0%,15%,2016-04-28,2071/2072,Closed
NMFBS,National Laghubitta Bittiya Sanstha Limited,14.25%,0.75%,15%,2024-12-03,2080/2081,Closed
NMFBS,National Laghubitta Bittiya Sanstha Limited,7.50%,7.50%,15%,2024-03-13,2079/2080,Closed
NMFBS,National Laghubitta Bittiya Sanstha Limited,15%,0%,15%,2023-04-17,2078/2079,Closed
NMFBS,National Laghubitta Bittiya Sanstha Limited,40%,5%,45%,2022-01-11,2077/2078,Closed
NMFBS,National Laghubitta Bittiya Sanstha Limited,21%,6%,27%,2021-02-26,2076/2077,Closed
NMFBS,National Laghubitta Bittiya Sanstha Limited,75%,5%,80%,2019-12-02,2075/2076,Closed
NMFBS,National Laghubitta Bittiya Sanstha Limited,25%,15%,40%,2018-12-01,2074/2075,Closed
NMFBS,National Laghubitta Bittiya Sanstha Limited,20%,15%,35%,2017-12-01,2073/2074,Closed
NRIC,Nepal Reinsurance Company Limited,4.75%,0.25%,5%,2024-05-19,2079/2080,Closed
NRIC,Nepal Reinsurance Company Limited,4.75%,0.25%,5%,2023-06-22,2078/2079,Closed
NRIC,Nepal Reinsurance Company Limited,5%,0.26%,5.26%,2022-09-04,2077/2078,Closed
NRIC,Nepal Reinsurance Company Limited,16.50%,2.50%,19%,2021-12-29,2076/2077,Closed
NRN,NRN Infrastructure and Development Limited,5%,0.26%,5.26%,2024-12-06,2080/2081,Closed
NRN,NRN Infrastructure and Development Limited,0%,5.26%,5.26%,2022-12-20,2078/2079,Closed
NRN,NRN Infrastructure and Development Limited,5%,0.26%,5.26%,2021-12-30,2077/2078,Closed
NRN,NRN Infrastructure and Development Limited,2.85%,0.15%,3%,2021-01-25,2076/2077,Closed
NSIF2,NMB Sulav Investment Fund - 2,0%,15%,15%,2025-08-29,2081/2082,Closed
NSIF2,NMB Sulav Investment Fund - 2,0%,10%,10%,2024-09-27,2080/2081,Closed
NSLB,Naya Sarathi Laghubitta Bittiya Sanstha Limited,19%,1%,20%,2023-03-29,2078/2079,Closed
NSLB,Naya Sarathi Laghubitta Bittiya Sanstha Limited,19%,1%,20%,2022-04-06,2077/2078,Closed
NTC,Nepal Doorsanchar Comapany Limited,0%,30%,30%,2025-01-02,2080/2081,Closed
NTC,Nepal Doorsanchar Comapany Limited,0%,40%,40%,2024-01-04,2079/2080,Closed
NTC,Nepal Doorsanchar Comapany Limited,0%,40%,40%,2023-01-02,2078/2079,Closed
NTC,Nepal Doorsanchar Comapany Limited,20%,20%,40%,2022-03-25,2077/2078,Closed
NTC,Nepal Doorsanchar Comapany Limited,0%,40%,40%,2021-03-12,2076/2077,Closed
NTC,Nepal Doorsanchar Comapany Limited,0%,45%,45%,2019-12-31,2075/2076,Closed
NTC,Nepal Doorsanchar Comapany Limited,0%,55%,55%,2018-12-30,2074/2075,Closed
NTC,Nepal Doorsanchar Comapany Limited,0%,55%,55%,2017-12-27,2073/2074,Closed
NTC,Nepal Doorsanchar Comapany Limited,0%,51%,51%,2017-02-26,2072/2073,Closed
NTC,Nepal Doorsanchar Comapany Limited,0%,50%,50%,2016-04-17,2071/2072,Closed
NTC,Nepal Doorsanchar Comapany Limited,0%,47%,47%,2015-03-26,2070/2071,Closed
NTC,Nepal Doorsanchar Comapany Limited,0%,46%,46%,2014-06-13,2069/2070,Closed
NUBL,Nirdhan Utthan Laghubitta Bittiya Sanstha Limited,19%,1%,20%,2023-02-14,2078/2079,Closed
NUBL,Nirdhan Utthan Laghubitta Bittiya Sanstha Limited,29.50%,1.55%,31.05%,2021-12-28,2077/2078,Closed
NUBL,Nirdhan Utthan Laghubitta Bittiya Sanstha Limited,13%,0.68%,13.68%,2021-02-23,2076/2077,Closed
NUBL,Nirdhan Utthan Laghubitta Bittiya Sanstha Limited,25%,15.53%,40.53%,2019-12-16,2075/2076,Closed
NUBL,Nirdhan Utthan Laghubitta Bittiya Sanstha Limited,20%,22.11%,42.11%,2018-11-27,2074/2075,Closed
NUBL,Nirdhan Utthan Laghubitta Bittiya Sanstha Limited,66.67%,14.04%,80.71%,2017-12-29,2073/2074,Closed
NUBL,Nirdhan Utthan Laghubitta Bittiya Sanstha Limited,20%,11.58%,31.58%,2016-11-15,2072/2073,Closed
NUBL,Nirdhan Utthan Laghubitta Bittiya Sanstha Limited,48.81%,13.10%,61.91%,2015-12-09,2071/2072,Closed
NUBL,Nirdhan Utthan Laghubitta Bittiya Sanstha Limited,40%,12.63%,52.63%,2014-12-10,2070/2071,Closed
NUBL,Nirdhan Utthan Laghubitta Bittiya Sanstha Limited,20%,11.58%,31.58%,2013-12-23,2069/2070,Closed
ODBL,Om Development Bank Ltd.,17.69%,0%,17.69%,2018-02-26,2073/2074,Closed
ODBL,Om Development Bank Ltd.,29.20%,0%,29.20%,2016-06-12,2072/2073,Closed
OHL,Oriental Hotels Limited,5%,0.26%,5.26%,2024-09-23,2080/2081,Closed
OHL,Oriental Hotels Limited,0%,5.26%,5.26%,2023-09-29,2079/2080,Closed
OHL,Oriental Hotels Limited,5%,10.79%,15.79%,2019-10-15,2075/2076,Closed
OHL,Oriental Hotels Limited,15%,11.32%,26.32%,2018-10-05,2074/2075,Closed
OHL,Oriental Hotels Limited,18%,6.21%,24.21%,2017-10-26,2073/2074,Closed
OHL,Oriental Hotels Limited,20%,6.32%,26.32%,2016-09-22,2072/2073,Closed
OHL,Oriental Hotels Limited,20%,0%,20%,2015-11-15,2071/2072,Closed
OHL,Oriental Hotels Limited,10%,0%,10%,2014-09-18,2070/2071,Closed
PCBL,Prime Commercial Bank Ltd.,0%,5%,5%,2024-11-24,2080/2081,Closed
PCBL,Prime Commercial Bank Ltd.,4%,4.95%,8.95%,2022-12-29,2078/2079,Closed
PCBL,Prime Commercial Bank Ltd.,16%,0.63%,16.63%,2021-12-08,2077/2078,Closed
PCBL,Prime Commercial Bank Ltd.,15%,0%,15%,2021-01-04,2076/2077,Closed
PCBL,Prime Commercial Bank Ltd.,16%,0%,16%,2019-12-30,2075/2076,Closed
PCBL,Prime Commercial Bank Ltd.,16%,0%,16%,2019-05-23,2074/2075,Closed
PCBL,Prime Commercial Bank Ltd.,27%,0%,27%,2017-12-20,2073/2074,Closed
PCBL,Prime Commercial Bank Ltd.,17.25%,1.21%,18.46%,2017-01-12,2072/2073,Closed
PCBL,Prime Commercial Bank Ltd.,18%,0.95%,18.95%,2015-12-30,2071/2072,Closed
PCBL,Prime Commercial Bank Ltd.,19%,1%,20%,2014-12-28,2070/2071,Closed
PCBL,Prime Commercial Bank Ltd.,10%,5%,15%,2013-12-27,2069/2070,Closed
PFL,Pokhara Finance Ltd.,4%,0.21%,4.21%,2023-01-03,2078/2079,Closed
PFL,Pokhara Finance Ltd.,8.08%,0.43%,8.50%,2022-01-05,2077/2078,Closed
PFL,Pokhara Finance Ltd.,5%,0.26%,5.26%,2021-01-01,2076/2077,Closed
PFL,Pokhara Finance Ltd.,7%,7.20%,14.20%,2019-12-20,2075/2076,Closed
PFL,Pokhara Finance Ltd.,5%,8.68%,13.68%,2018-10-29,2074/2075,Closed
PFL,Pokhara Finance Ltd.,8.26%,0.44%,8.70%,2018-06-10,2073/2074,Closed
PFL,Pokhara Finance Ltd.,13.50%,0.71%,14.21%,2016-10-03,2072/2073,Closed
PFL,Pokhara Finance Ltd.,48.50%,2.55%,51.05%,2015-10-25,2071/2072,Closed
PFL,Pokhara Finance Ltd.,6%,10%,16%,2014-11-01,2070/2071,Closed
PIC,Premier Insurance Co. Ltd.,14.25%,0.75%,15%,2023-01-06,2078/2079,Closed
PIC,Premier Insurance Co. Ltd.,14.25%,0.75%,15%,2022-01-19,2077/2078,Closed
PIC,Premier Insurance Co. Ltd.,0%,11.05%,11.05%,2021-03-24,2076/2077,Closed
PIC,Premier Insurance Co. Ltd.,84%,0%,84%,2019-07-05,2074/2075,Closed
PIC,Premier Insurance Co. Ltd.,13.52%,0%,13.52%,2018-03-22,2073/2074,Closed
PIC,Premier Insurance Co. Ltd.,20%,1.05%,21.05%,2016-12-22,2072/2073,Closed
PIC,Premier Insurance Co. Ltd.,30%,1.02%,31.02%,2016-03-17,2071/2072,Closed
PIC,Premier Insurance Co. Ltd.,14%,0%,14%,2015-07-02,2070/2071,Closed
PICL,Prudential Insurance Co. Ltd.,3.33%,0.18%,3.50%,2023-03-17,2078/2079,Closed
PICL,Prudential Insurance Co. Ltd.,7%,0.37%,7.37%,2022-04-07,2077/2078,Closed
PICL,Prudential Insurance Co. Ltd.,8%,0.42%,8.42%,2021-05-02,2076/2077,Closed
PICL,Prudential Insurance Co. Ltd.,20%,1.05%,21.05%,2017-11-03,2073/2074,Closed
PICL,Prudential Insurance Co. Ltd.,20%,1.05%,21.05%,2017-02-14,2072/2073,Closed
PICL,Prudential Insurance Co. Ltd.,10%,0%,10%,2016-05-31,2071/2072,Closed
PICL,Prudential Insurance Co. Ltd.,8%,0%,8%,2014-05-15,2069/2070,Closed
PLIC,Prime Life Insurance Company Limited,13%,0.68%,13.68%,2022-12-23,2077/2078,Closed
PLIC,Prime Life Insurance Company Limited,15%,0.79%,15.79%,2021-11-26,2076/2077,Closed
PLIC,Prime Life Insurance Company Limited,7%,8%,15%,2021-01-01,2075/2076,Closed
PLIC,Prime Life Insurance Company Limited,12.50%,0%,12.50%,2020-03-07,2074/2075,Closed
PLIC,Prime Life Insurance Company Limited,12.50%,0.66%,13.16%,2019-09-17,2073/2074,Closed
PLIC,Prime Life Insurance Company Limited,25%,0%,25%,2017-08-30,2072/2073,Closed
PMLI,Prabhu Mahalaxmi Life Insurance Limited,8%,0.42%,8.42%,2025-05-30,2080/2081,Closed
PMLI,Prabhu Mahalaxmi Life Insurance Limited,10%,0.53%,10.53%,2024-10-02,2079/2080,Closed
PPCL,Panchthar Power Compant Limited,0%,7%,7%,2022-12-22,2078/2079,Closed
PRIN,Prabhu Insurance Ltd.,18%,0.95%,18.95%,2025-07-18,2080/2081,Closed
PRIN,Prabhu Insurance Ltd.,4.75%,0.25%,5%,2024-04-19,2079/2080,Closed
PRIN,Prabhu Insurance Ltd.,6.70%,0.35%,7.05%,2023-02-24,2078/2079,Closed
PRIN,Prabhu Insurance Ltd.,11%,0.58%,11.58%,2022-03-31,2077/2078,Closed
PRIN,Prabhu Insurance Ltd.,10%,0.53%,10.53%,2021-05-09,2076/2077,Closed
PRIN,Prabhu Insurance Ltd.,5%,11.32%,16.32%,2020-01-24,2075/2076,Closed
PRIN,Prabhu Insurance Ltd.,19.20%,1.01%,20.21%,2017-10-24,2073/2074,Closed
PRIN,Prabhu Insurance Ltd.,17%,0%,17%,2016-10-18,2072/2073,Closed
PRIN,Prabhu Insurance Ltd.,12%,0%,12%,2015-12-03,2071/2072,Closed
PROFL,ProgressiveFinance Limited,6%,0.32%,6.32%,2022-01-03,2077/2078,Closed
PRSF,Prabhu Smart Fund,0%,10%,10%,2025-08-31,2081/2082,Closed
PRSF,Prabhu Smart Fund,0%,8.50%,8.50%,2024-09-30,2080/2081,Closed
PRVU,Prabhu  Bank Limited,6.50%,1.50%,8%,2022-12-16,2078/2079,Closed
PRVU,Prabhu  Bank Limited,12%,0.63%,12.63%,2021-12-19,2077/2078,Closed
PRVU,Prabhu  Bank Limited,10%,0.53%,10.53%,2020-12-25,2076/2077,Closed
PRVU,Prabhu  Bank Limited,16%,0.84%,16.84%,2019-11-12,2075/2076,Closed
PRVU,Prabhu  Bank Limited,8%,0.42%,8.42%,2019-02-18,2074/2075,Closed
PSF,Prabhu Select Fund,0%,12%,12%,2025-08-31,2081/2082,Closed
PSF,Prabhu Select Fund,0%,10%,10%,2024-09-30,2080/2081,Closed
PSF,Prabhu Select Fund,0%,9.50%,9.50%,2023-09-29,2079/2080,Closed
PURBL,Pathibhara Bikas Bank Limited,5%,6.37%,11.37%,2018-12-31,2074/2075,Closed
PURBL,Pathibhara Bikas Bank Limited,19.19%,1.01%,20.20%,2017-12-29,2073/2074,Closed
PURBL,Pathibhara Bikas Bank Limited,24.70%,1.30%,26%,2016-12-23,2072/2073,Closed
PURBL,Pathibhara Bikas Bank Limited,23.27%,1.22%,24.49%,2015-12-29,2071/2072,Closed
PURBL,Pathibhara Bikas Bank Limited,23.75%,0%,23.75%,2014-11-27,2070/2071,Closed
RADHI,Radhi Bidyut Company Ltd,4.75%,0.25%,5%,2024-12-19,2080/2081,Closed
RADHI,Radhi Bidyut Company Ltd,4.75%,0.25%,5%,2023-12-31,2079/2080,Closed
RADHI,Radhi Bidyut Company Ltd,4.75%,0.25%,5%,2022-12-28,2078/2079,Closed
RADHI,Radhi Bidyut Company Ltd,36.50%,0%,36.50%,2021-06-29,2076/2077,Closed
RADHI,Radhi Bidyut Company Ltd,5%,5%,10%,2019-06-24,2074/2075,Closed
RADHI,Radhi Bidyut Company Ltd,10%,0.60%,10.60%,2018-06-19,2073/2074,Closed
RIDI,Ridi Power Company Limited,40%,2.10%,42.10%,2023-02-01,2078/2079,Closed
RLFL,Reliance Finance Ltd.,6.50%,0.34%,6.84%,2023-07-05,2078/2079,Closed
RLFL,Reliance Finance Ltd.,15%,0.79%,15.79%,2022-01-04,2077/2078,Closed
RLFL,Reliance Finance Ltd.,10%,0.53%,10.53%,2021-04-23,2076/2077,Closed
RLFL,Reliance Finance Ltd.,0%,6.58%,6.58%,2020-11-02,2075/2076,Closed
RLFL,Reliance Finance Ltd.,12%,2.63%,14.63%,2019-05-27,2074/2075,Closed
RLFL,Reliance Finance Ltd.,12%,0.63%,12.63%,2019-05-27,2073/2074,Closed
RLFL,Reliance Finance Ltd.,15%,0.79%,15.79%,2016-12-26,2072/2073,Closed
RLFL,Reliance Finance Ltd.,20%,1.05%,21.05%,2016-05-22,2071/2072,Closed
RLI,Reliance Life Insurance Limited,0%,5.26%,5.26%,2021-12-12,2076/2077,Closed
RMDC,RMDC Laghubitta Bittiya Sanstha Ltd.,26%,1.37%,27.37%,2023-03-15,2078/2079,Closed
RMDC,RMDC Laghubitta Bittiya Sanstha Ltd.,20%,5%,25%,2022-01-02,2077/2078,Closed
RMDC,RMDC Laghubitta Bittiya Sanstha Ltd.,15%,5%,20%,2020-11-23,2076/2077,Closed
RMDC,RMDC Laghubitta Bittiya Sanstha Ltd.,12.50%,12.50%,25%,2019-12-27,2075/2076,Closed
RMDC,RMDC Laghubitta Bittiya Sanstha Ltd.,10%,10%,20%,2018-12-19,2074/2075,Closed
RMDC,RMDC Laghubitta Bittiya Sanstha Ltd.,5%,15%,20%,2017-12-22,2073/2074,Closed
RMDC,RMDC Laghubitta Bittiya Sanstha Ltd.,10%,10%,20%,2016-12-27,2072/2073,Closed
RMDC,RMDC Laghubitta Bittiya Sanstha Ltd.,10%,16.32%,26.32%,2015-12-27,2071/2072,Closed
RMDC,RMDC Laghubitta Bittiya Sanstha Ltd.,10%,21.58%,31.58%,2014-12-23,2070/2071,Closed
RMDC,RMDC Laghubitta Bittiya Sanstha Ltd.,0%,15%,15%,2013-12-27,2069/2070,Closed
RMF1,RBB Mutual Fund 1,0%,20%,20%,2025-08-25,2081/2082,Closed
RMF1,RBB Mutual Fund 1,0%,3.81%,3.81%,2024-09-16,2080/2081,Closed
RMF2,RBB Mutual Fund 2,0%,13%,13%,2025-08-25,2081/2082,Closed
RMF2,RBB Mutual Fund 2,0%,8.74%,8.74%,2024-09-16,2080/2081,Closed
RNLI,Reliable Nepal Life Insurance Limited,12%,0.63%,12.63%,2025-06-09,2080/2081,Closed
RNLI,Reliable Nepal Life Insurance Limited,16%,0.84%,16.84%,2024-01-29,2079/2080,Closed
RRHP,Rairang Hydropower Development Company Ltd.,0%,12.60%,12.60%,2021-10-21,2077/2078,Closed
RSDC,RSDC Laghubitta Bittiya Sanstha Ltd.,9.50%,0.50%,10%,2024-12-26,2080/2081,Closed
RSDC,RSDC Laghubitta Bittiya Sanstha Ltd.,8.60%,0.45%,9.05%,2023-11-23,2079/2080,Closed
RSDC,RSDC Laghubitta Bittiya Sanstha Ltd.,8%,3%,11%,2022-12-30,2078/2079,Closed
RSDC,RSDC Laghubitta Bittiya Sanstha Ltd.,10%,0.53%,10.53%,2021-11-16,2077/2078,Closed
RSDC,RSDC Laghubitta Bittiya Sanstha Ltd.,9%,3.63%,12.63%,2020-12-25,2076/2077,Closed
RSDC,RSDC Laghubitta Bittiya Sanstha Ltd.,6%,10%,16%,2019-11-15,2075/2076,Closed
RSDC,RSDC Laghubitta Bittiya Sanstha Ltd.,10%,0.53%,10.53%,2018-12-30,2074/2075,Closed
RSDC,RSDC Laghubitta Bittiya Sanstha Ltd.,13%,0.68%,13.68%,2017-11-10,2073/2074,Closed
RSDC,RSDC Laghubitta Bittiya Sanstha Ltd.,15%,0.79%,15.79%,2017-03-14,2072/2073,Closed
RURU,Ru Ru Jalbidhyut Pariyojana Limited,15%,0.79%,15.79%,2024-10-16,2080/2081,Closed
RURU,Ru Ru Jalbidhyut Pariyojana Limited,0%,10.53%,10.53%,2024-01-02,2079/2080,Closed
RURU,Ru Ru Jalbidhyut Pariyojana Limited,10%,0.53%,10.53%,2022-10-13,2078/2079,Closed
RURU,Ru Ru Jalbidhyut Pariyojana Limited,10%,0.53%,10.53%,2021-09-23,2077/2078,Closed
RURU,Ru Ru Jalbidhyut Pariyojana Limited,0%,10.53%,10.53%,2021-09-23,2076/2077,Closed
SABSL,Sabaiko Laghubitta Bittiya Sanstha Limited,18%,0.95%,18.95%,2023-02-26,2078/2079,Closed
SABSL,Sabaiko Laghubitta Bittiya Sanstha Limited,31.05%,1.63%,32.68%,2021-12-03,2077/2078,Closed
SABSL,Sabaiko Laghubitta Bittiya Sanstha Limited,10.50%,0.55%,11.05%,2021-03-12,2076/2077,Closed
SABSL,Sabaiko Laghubitta Bittiya Sanstha Limited,13%,0.68%,13.68%,2019-11-21,2075/2076,Closed
SADBL,Shangrila Development Bank Ltd.,3.65%,0.19%,3.84%,2025-01-01,2080/2081,Closed
SADBL,Shangrila Development Bank Ltd.,5%,0.26%,5.26%,2023-11-27,2079/2080,Closed
SADBL,Shangrila Development Bank Ltd.,8.53%,0.45%,8.98%,2023-03-12,2078/2079,Closed
SADBL,Shangrila Development Bank Ltd.,10%,0.53%,10.53%,2021-10-22,2077/2078,Closed
SADBL,Shangrila Development Bank Ltd.,5%,0.26%,5.26%,2021-03-23,2076/2077,Closed
SADBL,Shangrila Development Bank Ltd.,0%,8.96%,8.96%,2019-12-31,2075/2076,Closed
SADBL,Shangrila Development Bank Ltd.,4%,5.45%,9.45%,2019-01-01,2074/2075,Closed
SADBL,Shangrila Development Bank Ltd.,2.50%,9.30%,11.80%,2018-06-18,2073/2074,Closed
SADBL,Shangrila Development Bank Ltd.,16.07%,0.85%,16.92%,2017-05-18,2072/2073,Closed
SADBL,Shangrila Development Bank Ltd.,20.85%,0%,20.85%,2016-02-04,2071/2072,Closed
SADBL,Shangrila Development Bank Ltd.,15%,6.30%,21.30%,2015-03-28,2070/2071,Closed
SADBL,Shangrila Development Bank Ltd.,0%,19.17%,19.17%,2013-02-26,2069/2070,Closed
SAEF,Sanima Equity Fund,0%,15%,15%,2024-09-11,2080/2081,Closed
SAEF,Sanima Equity Fund,0%,18%,18%,2023-10-01,2079/2080,Closed
SAEF,Sanima Equity Fund,0%,22%,22%,2022-09-25,2078/2079,Closed
SAEF,Sanima Equity Fund,0%,33%,33%,2021-09-17,2077/2078,Closed
SAEF,Sanima Equity Fund,0%,7%,7%,2020-10-30,2076/2077,Closed
SAEF,Sanima Equity Fund,0%,10%,10%,2019-09-06,2075/2076,Closed
SAGF,Sanima Growth Fund,0%,15.79%,15.79%,2025-08-22,2081/2082,Closed
SAGF,Sanima Growth Fund,0%,10%,10%,2024-09-11,2080/2081,Closed
SAHAS,Sahas Urja Limited,8%,0.42%,8.42%,2024-09-29,2080/2081,Closed
SALICO,Sagarmatha Lumbini Insurance Co. Limited,0%,15%,15%,2025-04-30,2080/2081,Closed
SALICO,Sagarmatha Lumbini Insurance Co. Limited,0%,5%,5%,2024-03-24,2079/2080,Closed
SAMAJ,Samaj Laghubittya Bittiya Sanstha Limited,14.25%,0.75%,15%,2023-08-06,2078/2079,Closed
SANIMA,Sanima Bank Limited,0%,5.26%,5.26%,2024-11-10,2080/2081,Closed
SANIMA,Sanima Bank Limited,9%,5.70%,14.70%,2023-10-09,2079/2080,Closed
SANIMA,Sanima Bank Limited,10%,0.98%,10.98%,2022-12-05,2078/2079,Closed
SANIMA,Sanima Bank Limited,17%,0.89%,17.89%,2021-10-24,2077/2078,Closed
SANIMA,Sanima Bank Limited,10%,3.60%,13.60%,2020-11-02,2076/2077,Closed
SANIMA,Sanima Bank Limited,10%,11.05%,21.05%,2019-09-30,2075/2076,Closed
SANIMA,Sanima Bank Limited,0%,14%,14%,2018-11-30,2074/2075,Closed
SANIMA,Sanima Bank Limited,16%,0%,16%,2017-09-22,2073/2074,Closed
SANIMA,Sanima Bank Limited,15%,0.79%,15.79%,2016-09-29,2072/2073,Closed
SANIMA,Sanima Bank Limited,20%,1.05%,21.05%,2015-10-01,2071/2072,Closed
SANIMA,Sanima Bank Limited,15%,0.79%,15.79%,2014-09-28,2070/2071,Closed
SANIMA,Sanima Bank Limited,10%,0.53%,10.53%,2013-09-27,2069/2070,Closed
SAPDBL,Saptakoshi Development Bank Ltd,6%,0%,6%,2020-03-23,2075/2076,Closed
SAPDBL,Saptakoshi Development Bank Ltd,3%,5.03%,8.03%,2018-12-23,2073/2074,Closed
SAPDBL,Saptakoshi Development Bank Ltd,4.78%,0.25%,5.03%,2018-01-07,2073/2074,Closed
SAPDBL,Saptakoshi Development Bank Ltd,11%,0.58%,11.58%,2016-12-26,2072/2073,Closed
SARBTM,Sarbottam Cement Limited,7%,3%,10%,2024-12-27,2080/2081,Closed
SARBTM,Sarbottam Cement Limited,0%,15%,15%,2024-04-12,2079/2080,Closed
SBBLJ,Sahayogi Bikas Bank Limited,0%,18.72%,18.72%,2020-11-03,2075/2076,Closed
SBBLJ,Sahayogi Bikas Bank Limited,0%,17%,17%,2019-02-25,2074/2075,Closed
SBBLJ,Sahayogi Bikas Bank Limited,20%,4.50%,24.50%,2017-12-14,2073/2074,Closed
SBBLJ,Sahayogi Bikas Bank Limited,22%,1.16%,23.16%,2016-04-11,2072/2073,Closed
SBBLJ,Sahayogi Bikas Bank Limited,28%,1.47%,29.47%,2015-12-24,2071/2072,Closed
SBBLJ,Sahayogi Bikas Bank Limited,26%,10%,36%,2014-12-24,2070/2071,Closed
SBBLJ,Sahayogi Bikas Bank Limited,26%,8.50%,34.50%,2013-03-12,2069/2070,Closed
SBCF,Sunrise Bluechip Fund,0%,19%,19%,2025-08-11,2081/2082,Closed
SBI,Nepal SBI Bank Limited,3.80%,6.85%,10.65%,2024-12-22,2080/2081,Closed
SBI,Nepal SBI Bank Limited,3.75%,6.80%,10.55%,2023-12-15,2079/2080,Closed
SBI,Nepal SBI Bank Limited,3%,7.53%,10.53%,2022-12-28,2078/2079,Closed
SBI,Nepal SBI Bank Limited,3.50%,1.81%,5.31%,2021-12-22,2077/2078,Closed
SBI,Nepal SBI Bank Limited,6%,3.47%,9.47%,2020-12-30,2076/2077,Closed
SBI,Nepal SBI Bank Limited,6%,10.84%,16.84%,2019-11-29,2075/2076,Closed
SBI,Nepal SBI Bank Limited,5%,10.79%,15.79%,2019-01-02,2074/2075,Closed
SBI,Nepal SBI Bank Limited,15.42%,0.81%,16.23%,2017-12-15,2073/2074,Closed
SBI,Nepal SBI Bank Limited,28%,1.53%,29.53%,2017-02-05,2072/2073,Closed
SBI,Nepal SBI Bank Limited,27%,1.42%,28.42%,2016-01-19,2071/2072,Closed
SBI,Nepal SBI Bank Limited,15%,7%,22%,2015-01-01,2070/2071,Closed
SBI,Nepal SBI Bank Limited,12.50%,7.50%,20%,2013-09-25,2069/2070,Closed
SBL,Siddhartha Bank Limited,0%,4%,4%,2024-12-29,2080/2081,Closed
SBL,Siddhartha Bank Limited,0%,4.21%,4.21%,2023-11-07,2079/2080,Closed
SBL,Siddhartha Bank Limited,12.50%,0.66%,13.16%,2022-12-28,2078/2079,Closed
SBL,Siddhartha Bank Limited,14.25%,0.75%,15%,2022-01-02,2077/2078,Closed
SBL,Siddhartha Bank Limited,12%,3%,15%,2021-01-12,2076/2077,Closed
SBL,Siddhartha Bank Limited,10%,15.26%,25.26%,2019-10-16,2075/2076,Closed
SBL,Siddhartha Bank Limited,5%,8.16%,13.16%,2018-12-24,2074/2075,Closed
SBL,Siddhartha Bank Limited,14%,0%,14%,2018-03-04,2073/2074,Closed
SBL,Siddhartha Bank Limited,39%,0%,39%,2017-02-02,2072/2073,Closed
SBL,Siddhartha Bank Limited,20%,1.05%,21.05%,2015-12-16,2071/2072,Closed
SBL,Siddhartha Bank Limited,12%,11.16%,23.16%,2014-10-20,2070/2071,Closed
SBL,Siddhartha Bank Limited,12%,10.11%,22.11%,2014-01-02,2069/2070,Closed
SCB,Standard Chartered Bank Limited,6.50%,19%,25.50%,2024-11-27,2080/2081,Closed
SCB,Standard Chartered Bank Limited,0%,19%,19%,2023-11-23,2079/2080,Closed
SCB,Standard Chartered Bank Limited,0%,16.51%,16.51%,2022-11-23,2078/2079,Closed
SCB,Standard Chartered Bank Limited,10%,3.06%,13.06%,2021-11-26,2077/2078,Closed
SCB,Standard Chartered Bank Limited,7%,4.84%,11.84%,2020-12-24,2076/2077,Closed
SCB,Standard Chartered Bank Limited,0%,22.50%,22.50%,2019-11-25,2075/2076,Closed
SCB,Standard Chartered Bank Limited,0%,17.50%,17.50%,2019-01-13,2074/2075,Closed
SCB,Standard Chartered Bank Limited,100%,5.26%,105.26%,2017-12-31,2073/2074,Closed
SCB,Standard Chartered Bank Limited,33.33%,1.75%,35.08%,2016-12-07,2072/2073,Closed
SCB,Standard Chartered Bank Limited,25%,19.21%,44.21%,2016-04-30,2071/2072,Closed
SCB,Standard Chartered Bank Limited,10%,41.50%,51.50%,2014-10-31,2070/2071,Closed
SCB,Standard Chartered Bank Limited,10%,40%,50%,2013-10-30,2069/2070,Closed
SDESI,Swadeshi Laghubitta Bittiya Sanstha Ltd.,20%,15%,35%,2019-11-22,2075/2076,Closed
SDESI,Swadeshi Laghubitta Bittiya Sanstha Ltd.,15%,0%,15%,2017-11-10,2073/2074,Closed
SDLBSL,Sadhana Laghubitta Bittiya Sanstha Limited,19%,1%,20%,2023-01-04,2078/2079,Closed
SDLBSL,Sadhana Laghubitta Bittiya Sanstha Limited,25%,1.32%,26.32%,2021-10-20,2077/2078,Closed
SDLBSL,Sadhana Laghubitta Bittiya Sanstha Limited,18%,0.95%,18.95%,2020-12-31,2076/2077,Closed
SEF,Siddhartha Equity Fund,0%,20%,20%,2025-08-22,2081/2082,Closed
SEF,Siddhartha Equity Fund,0%,5%,5%,2023-08-30,2079/2080,Closed
SEF,Siddhartha Equity Fund,0%,9%,9%,2022-08-23,2078/2079,Closed
SEF,Siddhartha Equity Fund,0%,30%,30%,2021-08-16,2077/2078,Closed
SEF,Siddhartha Equity Fund,0%,7.50%,7.50%,2020-08-16,2076/2077,Closed
SEF,Siddhartha Equity Fund,0%,11%,11%,2019-08-18,2075/2076,Closed
SEOS,Siddhartha Equity Orineted Scheme,0%,12%,12%,2018-08-20,2074/2075,Closed
SEOS,Siddhartha Equity Orineted Scheme,0%,25%,25%,2017-08-28,2073/2074,Closed
SEOS,Siddhartha Equity Orineted Scheme,0%,16%,16%,2016-09-09,2072/2073,Closed
SFEF,Sunrise Focused Equity Fund,0%,13.50%,13.50%,2025-08-19,2081/2082,Closed
SFEF,Sunrise Focused Equity Fund,0%,4.50%,4.50%,2024-08-23,2080/2081,Closed
SFFIL,Shrijana Finance  (Bittaya Sanstha),13.59%,0.68%,14.27%,2021-03-14,2076/2077,Closed
SFFIL,Shrijana Finance  (Bittaya Sanstha),15%,0.79%,15.79%,2020-01-17,2075/2076,Closed
SFFIL,Shrijana Finance  (Bittaya Sanstha),15%,9.50%,24.50%,2018-12-28,2074/2075,Closed
SFFIL,Shrijana Finance  (Bittaya Sanstha),32.50%,1.71%,34.21%,2017-12-23,2073/2074,Closed
SFFIL,Shrijana Finance  (Bittaya Sanstha),50%,2.63%,52.63%,2016-12-02,2072/2073,Closed
SFFIL,Shrijana Finance  (Bittaya Sanstha),60%,3.15%,63.15%,2014-12-25,2070/2071,Closed
SFMF,Sunrise First Mutual Fund,0%,14%,14%,2025-08-19,2081/2082,Closed
SFMF,Sunrise First Mutual Fund,0%,12.50%,12.50%,2024-08-25,2080/2081,Closed
SFMF,Sunrise First Mutual Fund,0%,16%,16%,2023-10-01,2079/2080,Closed
SFMF,Sunrise First Mutual Fund,0%,12%,12%,2022-09-14,2078/2079,Closed
SFMF,Sunrise First Mutual Fund,0%,50%,50%,2021-09-01,2077/2078,Closed
SFMF,Sunrise First Mutual Fund,0%,7%,7%,2020-09-27,2076/2077,Closed
SGIC,Sanima GIC Insurance Limited,7.50%,0.39%,7.89%,2025-03-21,2080/2081,Closed
SHBL,Sahara Bikas Bank Ltd.,18%,0%,18%,2017-01-02,2072/2073,Closed
SHBL,Sahara Bikas Bank Ltd.,35%,0%,35%,2016-05-20,2071/2072,Closed
SHBL,Sahara Bikas Bank Ltd.,18%,0%,18%,2015-03-29,2070/2071,Closed
SHINE,Shine Resunga Development Bank Ltd.,3%,5%,8%,2024-12-18,2080/2081,Closed
SHINE,Shine Resunga Development Bank Ltd.,10.50%,0.55%,11.05%,2023-11-27,2079/2080,Closed
SHINE,Shine Resunga Development Bank Ltd.,13.30%,0.70%,14%,2022-12-27,2078/2079,Closed
SHINE,Shine Resunga Development Bank Ltd.,10.93%,0.57%,11.50%,2021-12-03,2077/2078,Closed
SHINE,Shine Resunga Development Bank Ltd.,13%,0%,13%,2020-12-31,2076/2077,Closed
SHINE,Shine Resunga Development Bank Ltd.,15%,0%,15%,2020-06-15,2075/2076,Closed
SHINE,Shine Resunga Development Bank Ltd.,17.70%,0.93%,18.63%,2018-10-02,2074/2075,Closed
SHINE,Shine Resunga Development Bank Ltd.,25%,0%,25%,2017-12-25,2073/2074,Closed
SHINE,Shine Resunga Development Bank Ltd.,27%,0%,27%,2016-11-30,2072/2073,Closed
SHINE,Shine Resunga Development Bank Ltd.,27%,1.42%,28.42%,2015-10-12,2071/2072,Closed
SHINE,Shine Resunga Development Bank Ltd.,10%,12%,22%,2014-11-07,2070/2071,Closed
SHINE,Shine Resunga Development Bank Ltd.,20%,0%,20%,2013-10-17,2069/2070,Closed
SHIVM,SHIVAM CEMENTS LTD,8.55%,0.45%,9%,2025-01-01,2080/2081,Closed
SHIVM,SHIVAM CEMENTS LTD,14.25%,0.75%,15%,2024-01-04,2079/2080,Closed
SHIVM,SHIVAM CEMENTS LTD,0%,10.53%,10.53%,2023-01-04,2078/2079,Closed
SHIVM,SHIVAM CEMENTS LTD,0%,29%,29%,2021-10-25,2077/2078,Closed
SHIVM,SHIVAM CEMENTS LTD,0%,24.21%,24.21%,2020-10-29,2076/2077,Closed
SHIVM,SHIVAM CEMENTS LTD,0%,15.78%,15.78%,2019-10-16,2075/2076,Closed
SHIVM,SHIVAM CEMENTS LTD,0%,15.78%,15.78%,2019-04-09,2074/2075,Closed
SHL,Soaltee Hotel Limited,10%,26.50%,36.50%,2024-11-28,2080/2081,Closed
SHL,Soaltee Hotel Limited,5%,26.58%,31.58%,2023-12-21,2079/2080,Closed
SHL,Soaltee Hotel Limited,5%,21.32%,26.32%,2022-12-22,2078/2079,Closed
SHL,Soaltee Hotel Limited,15%,11.31%,26.31%,2019-12-11,2075/2076,Closed
SHL,Soaltee Hotel Limited,10%,16.31%,26.31%,2018-12-12,2074/2075,Closed
SHL,Soaltee Hotel Limited,15%,6.05%,21.05%,2017-11-20,2073/2074,Closed
SHL,Soaltee Hotel Limited,10%,11.05%,21.05%,2016-12-12,2072/2073,Closed
SHL,Soaltee Hotel Limited,25%,6.57%,31.57%,2015-12-16,2071/2072,Closed
SHL,Soaltee Hotel Limited,40%,17.89%,57.89%,2014-12-14,2070/2071,Closed
SHL,Soaltee Hotel Limited,40%,12.63%,52.63%,2013-11-17,2069/2070,Closed
SHPC,Sanima Mai Hydropower Ltd.,10%,0.53%,10.53%,2024-12-24,2080/2081,Closed
SHPC,Sanima Mai Hydropower Ltd.,10%,0.53%,10.53%,2023-10-11,2079/2080,Closed
SHPC,Sanima Mai Hydropower Ltd.,0%,5.26%,5.26%,2022-09-28,2078/2079,Closed
SHPC,Sanima Mai Hydropower Ltd.,10%,0.53%,10.53%,2021-10-04,2077/2078,Closed
SHPC,Sanima Mai Hydropower Ltd.,10%,5%,15%,2020-12-28,2076/2077,Closed
SHPC,Sanima Mai Hydropower Ltd.,10%,0.53%,10.53%,2019-12-25,2075/2076,Closed
SHPC,Sanima Mai Hydropower Ltd.,10%,5%,15%,2018-10-11,2074/2075,Closed
SIC,Sagarmatha Insurance Co. Ltd.,12.40%,0.65%,13.05%,2023-02-10,2078/2079,Closed
SIC,Sagarmatha Insurance Co. Ltd.,20%,1.05%,21.05%,2022-04-29,2077/2078,Closed
SIC,Sagarmatha Insurance Co. Ltd.,11%,0.58%,11.58%,2021-07-01,2076/2077,Closed
SIC,Sagarmatha Insurance Co. Ltd.,86%,0%,86%,2019-06-16,2074/2075,Closed
SIC,Sagarmatha Insurance Co. Ltd.,22%,1.15%,23.15%,2016-12-28,2072/2073,Closed
SIC,Sagarmatha Insurance Co. Ltd.,23.75%,1.25%,25%,2016-06-30,2071/2072,Closed
SIC,Sagarmatha Insurance Co. Ltd.,15%,0.79%,15.79%,2015-07-01,2070/2071,Closed
SIC,Sagarmatha Insurance Co. Ltd.,20%,22.10%,42.10%,2014-06-05,2069/2070,Closed
SICL,Shikhar Insurance Co. Ltd.,10%,0.53%,10.53%,2025-02-12,2080/2081,Closed
SICL,Shikhar Insurance Co. Ltd.,16%,0.84%,16.84%,2023-01-31,2078/2079,Closed
SICL,Shikhar Insurance Co. Ltd.,27.77%,1.46%,29.23%,2021-03-10,2076/2077,Closed
SICL,Shikhar Insurance Co. Ltd.,29%,1.53%,30.53%,2017-12-08,2073/2074,Closed
SICL,Shikhar Insurance Co. Ltd.,60%,3.15%,63.15%,2016-12-09,2072/2073,Closed
SICL,Shikhar Insurance Co. Ltd.,24%,1.26%,25.26%,2016-03-03,2071/2072,Closed
SICL,Shikhar Insurance Co. Ltd.,20%,1.05%,21.05%,2015-02-20,2070/2071,Closed
SICL,Shikhar Insurance Co. Ltd.,20%,0%,20%,2014-06-06,2069/2070,Closed
SIFC,Shree Investment Finance Co. Ltd.,1.87%,0.10%,1.96%,2025-01-03,2080/2081,Closed
SIFC,Shree Investment Finance Co. Ltd.,0%,5.05%,5.05%,2024-01-05,2079/2080,Closed
SIFC,Shree Investment Finance Co. Ltd.,2.40%,5.20%,7.60%,2023-01-03,2078/2079,Closed
SIFC,Shree Investment Finance Co. Ltd.,7.70%,3.30%,11%,2022-01-06,2077/2078,Closed
SIFC,Shree Investment Finance Co. Ltd.,7.37%,3.16%,10.53%,2020-12-30,2076/2077,Closed
SIFC,Shree Investment Finance Co. Ltd.,2.35%,10.65%,13%,2019-12-17,2075/2076,Closed
SIFC,Shree Investment Finance Co. Ltd.,1.23%,8.77%,10%,2018-12-02,2074/2075,Closed
SIFC,Shree Investment Finance Co. Ltd.,26.57%,0%,26.57%,2018-06-18,2073/2074,Closed
SIFC,Shree Investment Finance Co. Ltd.,10.50%,0.55%,11.05%,2016-01-07,2072/2073,Closed
SIFC,Shree Investment Finance Co. Ltd.,11.61%,0.61%,12.22%,2015-09-23,2071/2072,Closed
SIFC,Shree Investment Finance Co. Ltd.,12%,0.63%,12.63%,2013-06-07,2070/2071,Closed
SIFC,Shree Investment Finance Co. Ltd.,10%,10.40%,20.40%,2013-11-18,2069/2070,Closed
SIGS2,Siddhartha Investment Growth Scheme - 2,0%,20%,20%,2025-08-22,2081/2082,Closed
SIGS2,Siddhartha Investment Growth Scheme - 2,0%,6.50%,6.50%,2023-08-30,2079/2080,Closed
SIGS2,Siddhartha Investment Growth Scheme - 2,0%,10%,10%,2022-08-23,2078/2079,Closed
SIGS2,Siddhartha Investment Growth Scheme - 2,0%,30%,30%,2021-08-16,2077/2078,Closed
SIGS2,Siddhartha Investment Growth Scheme - 2,0%,5%,5%,2020-08-16,2076/2077,Closed
SIGS3,Siddhartha Investment Growth Scheme 3,0%,17%,17%,2025-08-22,2081/2082,Closed
SIGS3,Siddhartha Investment Growth Scheme 3,0%,7%,7%,2024-08-29,2080/2081,Closed
SIKLES,Sikles Hydropower Limited,0%,6%,6%,2023-12-29,2079/2080,Closed
SIKLES,Sikles Hydropower Limited,0%,10.53%,10.53%,2023-03-27,2078/2079,Closed
SIL,Siddhartha Insurance Ltd.,9%,0.47%,9.47%,2023-01-02,2078/2079,Closed
SIL,Siddhartha Insurance Ltd.,15%,0.79%,15.79%,2022-03-31,2077/2078,Closed
SIL,Siddhartha Insurance Ltd.,12%,3.79%,15.79%,2021-05-28,2076/2077,Closed
SIL,Siddhartha Insurance Ltd.,15.48%,0%,15.48%,2019-06-13,2074/2075,Closed
SIL,Siddhartha Insurance Ltd.,20%,1.05%,21.05%,2017-11-01,2073/2074,Closed
SIL,Siddhartha Insurance Ltd.,30%,1.57%,31.57%,2016-12-23,2072/2073,Closed
SIL,Siddhartha Insurance Ltd.,25%,0%,25%,2016-03-24,2071/2072,Closed
SIL,Siddhartha Insurance Ltd.,10%,0.52%,10.52%,2015-06-17,2070/2071,Closed
SINDU,Sindhu Bikash Bank Ltd,11.49%,0.60%,12.09%,2020-01-01,2075/2076,Closed
SINDU,Sindhu Bikash Bank Ltd,5.95%,0.31%,6.26%,2018-07-06,2073/2074,Closed
SINDU,Sindhu Bikash Bank Ltd,16.80%,0.88%,17.68%,2016-10-20,2072/2073,Closed
SINDU,Sindhu Bikash Bank Ltd,12.50%,0.66%,13.16%,2015-10-30,2071/2072,Closed
SINDU,Sindhu Bikash Bank Ltd,7.50%,0.40%,7.90%,2015-01-16,2070/2071,Closed
SINDU,Sindhu Bikash Bank Ltd,0%,4.50%,4.50%,2013-12-16,2069/2070,Closed
SJLIC,SuryaJyoti Life Insurance Company Limited,0%,20%,20%,2024-12-06,2080/2081,Closed
SJLIC,SuryaJyoti Life Insurance Company Limited,10.26%,24.74%,35%,2024-04-19,2079/2080,Closed
SKBBL,Sana Kisan Bikas Bank Ltd,13.30%,0.70%,14%,2025-01-01,2080/2081,Closed
SKBBL,Sana Kisan Bikas Bank Ltd,14.25%,0.75%,15%,2024-01-01,2079/2080,Closed
SKBBL,Sana Kisan Bikas Bank Ltd,26%,1.37%,27.37%,2023-03-12,2078/2079,Closed
SKBBL,Sana Kisan Bikas Bank Ltd,25%,1.32%,26.32%,2021-12-20,2077/2078,Closed
SKBBL,Sana Kisan Bikas Bank Ltd,25%,1.32%,26.32%,2020-12-31,2076/2077,Closed
SKBBL,Sana Kisan Bikas Bank Ltd,27.25%,1.43%,28.68%,2019-12-30,2075/2076,Closed
SKBBL,Sana Kisan Bikas Bank Ltd,25%,1.31%,26.31%,2019-01-17,2074/2075,Closed
SKBBL,Sana Kisan Bikas Bank Ltd,25%,1.32%,26.32%,2017-11-26,2073/2074,Closed
SKBBL,Sana Kisan Bikas Bank Ltd,25%,1.31%,26.31%,2016-12-29,2072/2073,Closed
SKBBL,Sana Kisan Bikas Bank Ltd,25%,1.31%,26.31%,2015-12-28,2071/2072,Closed
SKBBL,Sana Kisan Bikas Bank Ltd,0%,15.78%,15.78%,2014-12-08,2070/2071,Closed
SKBBL,Sana Kisan Bikas Bank Ltd,15%,11.31%,26.31%,2013-12-27,2069/2070,Closed
SLBBL,Swarojgar Laghubitta Bittiya Sanstha Ltd.,13.50%,0.71%,14.21%,2025-04-24,2080/2081,Closed
SLBBL,Swarojgar Laghubitta Bittiya Sanstha Ltd.,7%,0.37%,7.37%,2024-02-25,2079/2080,Closed
SLBBL,Swarojgar Laghubitta Bittiya Sanstha Ltd.,22%,1.16%,23.16%,2023-03-14,2078/2079,Closed
SLBBL,Swarojgar Laghubitta Bittiya Sanstha Ltd.,25%,0%,25%,2021-10-29,2077/2078,Closed
SLBBL,Swarojgar Laghubitta Bittiya Sanstha Ltd.,12.39%,0.65%,13.04%,2021-02-27,2076/2077,Closed
SLBBL,Swarojgar Laghubitta Bittiya Sanstha Ltd.,26.75%,1.40%,28.15%,2019-12-01,2075/2076,Closed
SLBBL,Swarojgar Laghubitta Bittiya Sanstha Ltd.,20%,1.05%,21.05%,2018-09-21,2074/2075,Closed
SLBBL,Swarojgar Laghubitta Bittiya Sanstha Ltd.,16.66%,0.88%,17.54%,2017-10-09,2073/2074,Closed
SLBBL,Swarojgar Laghubitta Bittiya Sanstha Ltd.,30.40%,1.60%,32%,2016-10-04,2072/2073,Closed
SLBBL,Swarojgar Laghubitta Bittiya Sanstha Ltd.,34.20%,1.80%,36%,2015-12-01,2071/2072,Closed
SLBBL,Swarojgar Laghubitta Bittiya Sanstha Ltd.,27.39%,20%,47.39%,2014-10-22,2070/2071,Closed
SLBBL,Swarojgar Laghubitta Bittiya Sanstha Ltd.,0%,19%,19%,2013-12-19,2069/2070,Closed
SLBS,Suryodaya Laghubitta Bittiya Sanstha Ltd.,20%,0%,20%,2021-12-16,2077/2078,Closed
SLBS,Suryodaya Laghubitta Bittiya Sanstha Ltd.,15.35%,0.81%,16.15%,2021-04-01,2076/2077,Closed
SLBS,Suryodaya Laghubitta Bittiya Sanstha Ltd.,44.47%,2.34%,46.81%,2019-12-07,2075/2076,Closed
SLBS,Suryodaya Laghubitta Bittiya Sanstha Ltd.,42.75%,2.25%,45%,2018-12-10,2074/2075,Closed
SLBS,Suryodaya Laghubitta Bittiya Sanstha Ltd.,19%,1%,20%,2017-12-23,2073/2074,Closed
SLBSL,Samudayik Laghubitta Bittiya Sanstha Limited,10%,5%,15%,2023-06-29,2078/2079,Closed
SLBSL,Samudayik Laghubitta Bittiya Sanstha Limited,32%,1.68%,33.68%,2019-12-06,2075/2076,Closed
SLCF,Sanima Large Cap Fund,0%,21.05%,21.05%,2025-08-22,2081/2082,Closed
SLCF,Sanima Large Cap Fund,0%,4%,4%,2021-09-17,2077/2078,Closed
SLI,Sanima Life Insurance Limited,4.20%,0.22%,4.42%,2022-06-22,2076/2077,Closed
SLICL,Surya Life Insurance Company Limited,12.70%,0.67%,13.37%,2021-12-24,2076/2077,Closed
SLICL,Surya Life Insurance Company Limited,5%,5.53%,10.53%,2021-01-01,2075/2076,Closed
SLICL,Surya Life Insurance Company Limited,12%,0%,12%,2019-06-11,2074/2075,Closed
SLICL,Surya Life Insurance Company Limited,12%,0.63%,12.63%,2018-07-01,2073/2074,Closed
SLICL,Surya Life Insurance Company Limited,10%,0%,10%,2017-08-25,2072/2073,Closed
SLICL,Surya Life Insurance Company Limited,5%,0%,5%,2017-04-10,2071/2072,Closed
SMATA,Samata Gharelu Laghubitta Bittiya Sanstha Limited,5%,0.26%,5.26%,2025-02-06,2080/2081,Closed
SMATA,Samata Gharelu Laghubitta Bittiya Sanstha Limited,5.42%,0.29%,5.71%,2024-04-01,2079/2080,Closed
SMATA,Samata Gharelu Laghubitta Bittiya Sanstha Limited,15%,3%,18%,2023-03-15,2078/2079,Closed
SMATA,Samata Gharelu Laghubitta Bittiya Sanstha Limited,20%,5%,25%,2021-12-10,2077/2078,Closed
SMATA,Samata Gharelu Laghubitta Bittiya Sanstha Limited,20%,6.32%,26.32%,2020-12-20,2076/2077,Closed
SMATA,Samata Gharelu Laghubitta Bittiya Sanstha Limited,5%,5.53%,10.53%,2020-01-04,2075/2076,Closed
SMATA,Samata Gharelu Laghubitta Bittiya Sanstha Limited,6.66%,7.36%,14.02%,2018-11-28,2074/2075,Closed
SMATA,Samata Gharelu Laghubitta Bittiya Sanstha Limited,20%,11.58%,31.58%,2017-11-17,2073/2074,Closed
SMB,Support Microfinance Bittiya Sanstha Ltd.,13.78%,0.73%,14.50%,2024-11-29,2080/2081,Closed
SMB,Support Microfinance Bittiya Sanstha Ltd.,13%,0.68%,13.68%,2024-01-01,2079/2080,Closed
SMB,Support Microfinance Bittiya Sanstha Ltd.,11%,0.58%,11.58%,2023-03-05,2078/2079,Closed
SMB,Support Microfinance Bittiya Sanstha Ltd.,30%,1.58%,31.58%,2021-12-16,2077/2078,Closed
SMB,Support Microfinance Bittiya Sanstha Ltd.,10%,0.53%,10.53%,2019-12-30,2075/2076,Closed
SMFBS,Swabhimaan Laghubitta Bittiya Sanstha Limited,5%,0.26%,5.26%,2025-04-24,2080/2081,Closed
SMFBS,Swabhimaan Laghubitta Bittiya Sanstha Limited,20%,1.05%,21.05%,2023-03-17,2078/2079,Closed
SMFBS,Swabhimaan Laghubitta Bittiya Sanstha Limited,32.30%,1.70%,34%,2021-12-09,2077/2078,Closed
SMFBS,Swabhimaan Laghubitta Bittiya Sanstha Limited,20%,1.05%,21.05%,2021-02-12,2076/2077,Closed
SMFBS,Swabhimaan Laghubitta Bittiya Sanstha Limited,24%,1.27%,25.27%,2020-01-10,2075/2076,Closed
SMFDB,Summit Laghubitta Bittiya Sanstha Limited,13.56%,0.71%,14.28%,2023-06-05,2078/2079,Closed
SMFDB,Summit Laghubitta Bittiya Sanstha Limited,25.29%,0%,25.29%,2021-12-30,2077/2078,Closed
SMFDB,Summit Laghubitta Bittiya Sanstha Limited,21.09%,1.11%,22.20%,2020-01-01,2075/2076,Closed
SMFDB,Summit Laghubitta Bittiya Sanstha Limited,23.53%,1.24%,24.77%,2019-01-01,2074/2075,Closed
SMFDB,Summit Laghubitta Bittiya Sanstha Limited,34.48%,10.52%,45%,2017-12-29,2073/2074,Closed
SMFDB,Summit Laghubitta Bittiya Sanstha Limited,45%,2.36%,47.36%,2016-12-23,2072/2073,Closed
SMFDB,Summit Laghubitta Bittiya Sanstha Limited,41.72%,2.19%,43.91%,2015-12-31,2071/2072,Closed
SMFDB,Summit Laghubitta Bittiya Sanstha Limited,26%,12.95%,38.95%,2014-12-17,2070/2071,Closed
SMFDB,Summit Laghubitta Bittiya Sanstha Limited,12%,14.32%,26.32%,2013-12-05,2069/2070,Closed
SMH,Super Mai Hydropower Limited,7%,5.63%,12.63%,2024-12-02,2080/2081,Closed
SMHL,Super Madi Hydropower Limited,5%,0.26%,5.26%,2024-10-04,2080/2081,Closed
SMHL,Super Madi Hydropower Limited,0%,2%,2%,2024-01-02,2079/2080,Closed
SMJC,Sagarmatha Jalabidhyut Company Limited,4.75%,0.25%,5%,2024-11-11,2080/2081,Closed
SNLI,Sun Nepal Life Insurance Company Limited,23.80%,1.25%,25.05%,2024-05-09,2079/2080,Closed
SPARS,Sparsha Laghubitta Bittiya Sanstha Limited,19.50%,1.03%,20.53%,2020-12-30,2076/2077,Closed
SPARS,Sparsha Laghubitta Bittiya Sanstha Limited,13%,0.68%,13.68%,2019-12-26,2075/2076,Closed
SPDL,Synergy Power Development Ltd.,10%,0.53%,10.53%,2021-08-20,2077/2078,Closed
SPDL,Synergy Power Development Ltd.,4.75%,0.25%,5%,2020-12-27,2076/2077,Closed
SPIL,Siddhartha Premier Insurance Limited,0%,30%,30%,2025-02-14,2080/2081,Closed
SPIL,Siddhartha Premier Insurance Limited,0%,11%,11%,2024-02-23,2079/2080,Closed
SRBL,Sunrise Bank Limited,6.65%,0.35%,7%,2021-12-19,2077/2078,Closed
SRBL,Sunrise Bank Limited,5.80%,2.48%,8.28%,2020-12-22,2076/2077,Closed
SRBL,Sunrise Bank Limited,10%,5.80%,15.80%,2019-10-18,2075/2076,Closed
SRBL,Sunrise Bank Limited,0%,11.50%,11.50%,2018-12-27,2074/2075,Closed
SRBL,Sunrise Bank Limited,15%,0%,15%,2017-10-30,2073/2074,Closed
SRBL,Sunrise Bank Limited,33.33%,0%,33.33%,2016-10-03,2072/2073,Closed
SRBL,Sunrise Bank Limited,21.50%,1.13%,22.63%,2015-10-28,2071/2072,Closed
SRBL,Sunrise Bank Limited,11%,0%,11%,2014-04-10,2069/2070,Closed
SRLI,Sanima Reliance Life Insurance Limited,1.25%,8%,9.25%,2025-03-10,2080/2081,Closed
STC,Salt Trading Corporation,0%,10%,10%,2025-03-14,2080/2081,Closed
STC,Salt Trading Corporation,15%,0.79%,15.79%,2024-03-22,2079/2080,Closed
STC,Salt Trading Corporation,10%,5%,15%,2023-03-10,2078/2079,Closed
STC,Salt Trading Corporation,10%,0.53%,10.53%,2022-03-29,2077/2078,Closed
STC,Salt Trading Corporation,20%,5%,25%,2021-10-19,2076/2077,Closed
STC,Salt Trading Corporation,25%,10%,35%,2020-11-30,2075/2076,Closed
STC,Salt Trading Corporation,25%,10%,35%,2019-03-08,2074/2075,Closed
STC,Salt Trading Corporation,25%,10%,35%,2018-02-20,2073/2074,Closed
STC,Salt Trading Corporation,20%,5%,25%,2017-06-28,2072/2073,Closed
STC,Salt Trading Corporation,15%,10%,25%,2016-05-25,2071/2072,Closed
STC,Salt Trading Corporation,10%,10%,20%,2015-03-09,2070/2071,Closed
STC,Salt Trading Corporation,10%,15%,25%,2014-03-23,2069/2070,Closed
SWBBL,Swabalamban Laghubitta Bittiya Sanstha Limited,14.25%,0.75%,15%,2024-10-25,2080/2081,Closed
SWBBL,Swabalamban Laghubitta Bittiya Sanstha Limited,12.36%,0.65%,13.01%,2023-12-08,2079/2080,Closed
SWBBL,Swabalamban Laghubitta Bittiya Sanstha Limited,15%,6.05%,21.05%,2023-02-22,2078/2079,Closed
SWBBL,Swabalamban Laghubitta Bittiya Sanstha Limited,19%,6%,25%,2021-12-21,2077/2078,Closed
SWBBL,Swabalamban Laghubitta Bittiya Sanstha Limited,19.01%,1%,20.01%,2021-03-12,2076/2077,Closed
SWBBL,Swabalamban Laghubitta Bittiya Sanstha Limited,26%,14%,40%,2019-12-17,2075/2076,Closed
SWBBL,Swabalamban Laghubitta Bittiya Sanstha Limited,25%,11.84%,36.84%,2018-12-25,2074/2075,Closed
SWBBL,Swabalamban Laghubitta Bittiya Sanstha Limited,20%,11.57%,31.57%,2017-11-14,2073/2074,Closed
SWBBL,Swabalamban Laghubitta Bittiya Sanstha Limited,34%,19.68%,53.68%,2016-12-19,2072/2073,Closed
SWBBL,Swabalamban Laghubitta Bittiya Sanstha Limited,42%,10.63%,52.63%,2015-12-20,2071/2072,Closed
SWBBL,Swabalamban Laghubitta Bittiya Sanstha Limited,46.50%,23.50%,70%,2014-12-24,2070/2071,Closed
SWBBL,Swabalamban Laghubitta Bittiya Sanstha Limited,14%,13.37%,27.37%,2013-12-31,2069/2070,Closed
SWMF,Suryodaya Womi Laghubitta Bittiya Sanstha Limited,6%,1%,7%,2025-01-05,2080/2081,Closed
SWMF,Suryodaya Womi Laghubitta Bittiya Sanstha Limited,14.08%,0%,14.08%,2024-08-08,2079/2080,Closed
SWMF,Suryodaya Womi Laghubitta Bittiya Sanstha Limited,15%,0%,15%,2023-04-27,2078/2079,Closed
TMDBL,Tinau Mission Development Bank Limited,6%,0%,6%,2021-01-15,2076/2077,Closed
TMDBL,Tinau Mission Development Bank Limited,12%,0%,12%,2020-06-25,2075/2076,Closed
TRH,Taragaon Regency Hotel Limited,0%,11%,11%,2024-12-22,2080/2081,Closed
TRH,Taragaon Regency Hotel Limited,4%,11%,15%,2023-12-28,2079/2080,Closed
TRH,Taragaon Regency Hotel Limited,0%,8.42%,8.42%,2023-02-01,2078/2079,Closed
TRH,Taragaon Regency Hotel Limited,0%,10%,10%,2021-02-12,2076/2077,Closed
TRH,Taragaon Regency Hotel Limited,0%,12%,12%,2019-12-24,2075/2076,Closed
TRH,Taragaon Regency Hotel Limited,0.63%,12%,12.63%,2019-05-17,2074/2075,Closed
TRH,Taragaon Regency Hotel Limited,0%,7.36%,7.36%,2018-03-02,2073/2074,Closed
UAIL,United Ajod Insurance Limited,10%,0.53%,10.53%,2025-07-03,2080/2081,Closed
UAIL,United Ajod Insurance Limited,10.26%,0.54%,10.80%,2024-02-05,2079/2080,Closed
UFL,United Finance Ltd.,3%,7.53%,10.53%,2019-12-30,2075/2076,Closed
UFL,United Finance Ltd.,0%,5%,5%,2018-10-30,2074/2075,Closed
UFL,United Finance Ltd.,19%,0%,19%,2017-12-29,2073/2074,Closed
UFL,United Finance Ltd.,20%,1.05%,21.05%,2016-09-23,2072/2073,Closed
UFL,United Finance Ltd.,15%,0.79%,15.79%,2015-11-23,2071/2072,Closed
UFL,United Finance Ltd.,15%,0.79%,15.79%,2014-11-20,2070/2071,Closed
UFL,United Finance Ltd.,0%,12.50%,12.50%,2013-01-11,2069/2070,Closed
UIC,United Insurance Co. (Nepal) Ltd.,5%,0.26%,5.26%,2023-01-01,2078/2079,Closed
UIC,United Insurance Co. (Nepal) Ltd.,10%,0%,10%,2017-12-27,2072/2073,Closed
UIC,United Insurance Co. (Nepal) Ltd.,20%,0%,20%,2016-06-17,2071/2072,Closed
ULBSL,Upakar Laghubitta Bittiya Sanstha Limited,61.75%,3.25%,65%,2023-02-16,2078/2079,Closed
ULI,Union Life Insurance Company Limited,8.97%,0%,8.97%,2023-01-30,2078/2079,Closed
UMB,Unnati Sahakarya Laghubitta Bittiya Sanstha Limited Promoter Share,38.60%,2.03%,40.63%,2019-12-31,2075/2076,Closed
UMB,Unnati Sahakarya Laghubitta Bittiya Sanstha Limited Promoter Share,40.50%,2.13%,42.63%,2019-01-30,2074/2075,Closed
UMHL,United Modi Hydropower Ltd.,7%,0.37%,7.37%,2023-03-23,2078/2079,Closed
UMHL,United Modi Hydropower Ltd.,0%,5.26%,5.26%,2020-12-20,2076/2077,Closed
UMHL,United Modi Hydropower Ltd.,0%,8.42%,8.42%,2019-12-27,2075/2076,Closed
UMHL,United Modi Hydropower Ltd.,0%,5%,5%,2018-12-11,2074/2075,Closed
UMHL,United Modi Hydropower Ltd.,0%,5%,5%,2017-12-08,2073/2074,Closed
UMRH,United IDI Mardi RB Hydropower Limited.,4%,0.21%,4.21%,2025-03-07,2080/2081,Closed
UMRH,United IDI Mardi RB Hydropower Limited.,5.50%,0.29%,5.79%,2024-02-16,2079/2080,Closed
UMRH,United IDI Mardi RB Hydropower Limited.,0%,10.53%,10.53%,2022-12-02,2078/2079,Closed
UNL,Unilever Nepal Limited,0%,1714%,1714%,2024-10-14,2080/2081,Closed
UNL,Unilever Nepal Limited,0%,1580%,1580%,2023-11-28,2079/2080,Closed
UNL,Unilever Nepal Limited,0%,1215%,1215%,2022-11-20,2078/2079,Closed
UNL,Unilever Nepal Limited,0%,650%,650%,2021-10-11,2077/2078,Closed
UNL,Unilever Nepal Limited,0%,100%,100%,2020-11-12,2076/2077,Closed
UNL,Unilever Nepal Limited,0%,770%,770%,2019-10-09,2075/2076,Closed
UNL,Unilever Nepal Limited,0%,700%,700%,2018-10-08,2074/2075,Closed
UNL,Unilever Nepal Limited,0%,1270%,1270%,2017-09-15,2073/2074,Closed
UNL,Unilever Nepal Limited,0%,1020%,1020%,2016-09-04,2072/2073,Closed
UNL,Unilever Nepal Limited,0%,990%,990%,2015-09-13,2071/2072,Closed
UNL,Unilever Nepal Limited,0%,860%,860%,2014-09-02,2070/2071,Closed
UNL,Unilever Nepal Limited,0%,760%,760%,2013-09-16,2069/2070,Closed
UPCL,UNIVERSAL POWER COMPANY LTD,8.55%,0.45%,9%,2024-01-03,2079/2080,Closed
USLB,Unnati Sahakarya Laghubitta Bittiya Sanstha Limited,30%,0%,30%,2021-12-29,2077/2078,Closed
USLB,Unnati Sahakarya Laghubitta Bittiya Sanstha Limited,17.81%,0%,17.81%,2021-03-31,2076/2077,Closed
VLBS,Vijaya laghubitta Bittiya Sanstha Ltd.,20%,1.05%,21.05%,2023-03-30,2078/2079,Closed
VLBS,Vijaya laghubitta Bittiya Sanstha Ltd.,20.03%,1.05%,21.09%,2021-12-27,2077/2078,Closed
VLBS,Vijaya laghubitta Bittiya Sanstha Ltd.,19%,1%,20%,2021-01-01,2076/2077,Closed
VLBS,Vijaya laghubitta Bittiya Sanstha Ltd.,15%,5%,20%,2019-12-29,2075/2076,Closed
VLBS,Vijaya laghubitta Bittiya Sanstha Ltd.,10%,0.53%,10.53%,2018-12-14,2074/2075,Closed
VLBS,Vijaya laghubitta Bittiya Sanstha Ltd.,10%,5%,15%,2017-11-17,2073/2074,Closed
VLBS,Vijaya laghubitta Bittiya Sanstha Ltd.,15%,5%,20%,2016-11-22,2072/2073,Closed
WNLB,Wean Nepal Laghubitta Bittiya Sanstha Limited,9.33%,0.50%,9.83%,2022-06-01,2077/2078,Closed
