S.N.,Open,High,Low,Close,Change,Per Change (%),Percentage change,Turnover,Date
1,"2,723.81","2,732.75","2,702.25","2,719.77",-6.56,-0.24,-0.24,"5,144,322,258.75",9/4/2025
2,"2,744.33","2,749.88","2,724.99","2,726.33",-15.64,-0.57,-0.57,"4,728,052,860.97",9/3/2025
3,"2,777.38","2,791.67","2,741.46","2,741.97",-19.89,-0.72,-0.72,"4,438,251,812.70",9/2/2025
4,"2,768.39","2,773.69","2,741.39","2,761.86",12.03,0.43,0.44,"5,105,746,657.64",9/1/2025
5,"2,784.12","2,784.56","2,745.69","2,749.83",-31.17,-1.12,-1.12,"6,061,822,379.10",8/31/2025
6,"2,820.00","2,824.85","2,778.92","2,781.00",-38.1,-1.35,-1.35,"8,095,610,445.99",8/28/2025
7,"2,781.32","2,822.79","2,767.77","2,819.10",53.01,1.91,1.92,"7,683,386,441.70",8/27/2025
8,"2,764.30","2,775.09","2,760.73","2,766.09",4.83,0.17,0.17,"4,185,315,734.37",8/26/2025
9,"2,740.30","2,764.95","2,730.74","2,761.26",21.31,0.77,0.78,"5,753,219,652.78",8/25/2025
10,"2,754.57","2,770.80","2,737.85","2,739.95",-18.02,-0.65,-0.65,"6,548,638,335.92",8/24/2025
11,"2,767.51","2,775.34","2,756.85","2,757.97",-9.23,-0.33,-0.33,"5,020,104,816.55",8/21/2025
12,"2,773.36","2,783.02","2,766.64","2,767.20",-9.7,-0.34,-0.35,"5,200,753,868.01",8/20/2025
13,"2,769.39","2,796.88","2,769.23","2,776.90",6.51,0.23,0.23,"5,636,548,038.26",8/19/2025
14,"2,760.55","2,779.68","2,755.88","2,770.39",9.17,0.33,0.33,"6,179,855,209.52",8/18/2025
15,"2,789.85","2,803.25","2,761.37","2,761.22",-27.14,-0.97,-0.97,"7,735,195,094.63",8/17/2025
16,"2,789.54","2,802.14","2,784.15","2,788.36",2.62,0.09,0.09,"7,464,177,704.29",8/14/2025
17,"2,799.13","2,813.59","2,784.49","2,785.74",-10.5,-0.37,-0.38,"6,161,894,734.55",8/13/2025
18,"2,824.00","2,828.57","2,796.56","2,796.24",-26.22,-0.92,-0.93,"6,918,983,507.82",8/12/2025
19,"2,852.72","2,875.45","2,820.05","2,822.46",-27.91,-0.97,-0.98,"10,210,142,308.44",8/11/2025
20,"2,831.29","2,861.34","2,831.27","2,850.37",18.31,0.64,0.65,"8,537,581,254.95",8/7/2025
21,"2,840.03","2,856.63","2,826.86","2,832.06",-1.94,-0.06,-0.07,"7,631,375,952.79",8/6/2025
22,"2,875.60","2,906.24","2,831.63","2,834.00",-41.36,-1.43,-1.44,"9,333,976,881.84",8/5/2025
23,"2,857.27","2,890.05","2,832.60","2,875.36",16.46,0.57,0.58,"10,822,449,402.92",8/4/2025
24,"2,923.87","2,923.88","2,856.95","2,858.90",-63.73,-2.18,-2.18,"13,075,004,920.33",8/3/2025
25,"2,961.99","2,967.03","2,915.47","2,922.63",-31.51,-1.06,-1.07,"15,988,911,994.36",7/31/2025
26,"3,008.33","3,020.17","2,947.71","2,954.14",-47.93,-1.59,-1.60,"16,441,354,408.52",7/30/2025
27,"2,976.00","3,028.79","2,976.00","3,002.07",30.76,1.03,1.04,"18,529,322,885.92",7/29/2025
28,"2,967.51","2,976.92","2,917.51","2,971.31",7.11,0.23,0.24,"19,360,873,034.29",7/28/2025
29,"2,984.91","3,013.17","2,958.34","2,964.20",-18.44,-0.61,-0.62,"26,577,438,237.50",7/27/2025
30,"2,982.97","2,990.45","2,963.79","2,982.64",3.76,0.12,0.13,"18,490,428,794.07",7/24/2025
31,"2,976.19","2,992.26","2,947.86","2,978.88",5.18,0.17,0.17,"19,575,270,557.66",7/23/2025
32,"2,895.07","2,975.77","2,894.48","2,973.70",80.98,2.79,2.80,"20,085,367,293.75",7/22/2025
33,"2,874.18","2,902.94","2,856.88","2,892.72",21.77,0.75,0.76,"16,327,115,238.99",7/21/2025
34,"2,878.41","2,922.84","2,861.06","2,870.95",0.32,0.01,0.01,"21,464,994,133.01",7/20/2025
35,"2,797.41","2,878.77","2,796.58","2,870.63",75.85,2.71,2.71,"16,592,105,455.16",7/17/2025
36,"2,759.58","2,803.78","2,759.11","2,794.78",34.61,1.25,1.25,"14,034,839,880.49",7/16/2025
37,"2,725.63","2,763.27","2,724.90","2,760.17",34.46,1.26,1.26,"9,419,165,807.84",7/15/2025
38,"2,761.96","2,765.91","2,723.82","2,725.71",-35.09,-1.27,-1.27,"8,172,143,326.07",7/14/2025
39,"2,767.57","2,798.75","2,757.89","2,760.80",29,1.06,1.06,"11,416,428,466.99",7/13/2025
40,"2,708.43","2,743.09","2,706.89","2,731.80",25.9,0.95,0.96,"9,682,488,739.83",7/10/2025
41,"2,679.37","2,707.91","2,679.16","2,705.90",22.04,0.82,0.82,"7,451,877,102.10",7/9/2025
42,"2,683.77","2,690.13","2,662.59","2,683.86",-0.15,0,-0.01,"6,574,166,814.73",7/8/2025
43,"2,715.59","2,718.10","2,680.45","2,684.01",-22.35,-0.82,-0.83,"8,377,327,147.77",7/7/2025
44,"2,708.23","2,721.58","2,697.64","2,706.36",2.4,0.08,0.09,"9,500,003,268.95",7/6/2025
45,"2,700.13","2,716.93","2,685.77","2,703.96",9.14,0.33,0.34,"9,645,550,680.17",7/3/2025
46,"2,667.58","2,696.13","2,661.37","2,694.82",34.43,1.29,1.29,"9,744,843,375.86",7/2/2025
47,"2,633.05","2,663.24","2,632.19","2,660.39",28.91,1.09,1.10,"7,033,050,286.60",7/1/2025
48,"2,627.51","2,638.72","2,622.50","2,631.48",9.2,0.35,0.35,"6,387,207,015.18",6/30/2025
49,"2,594.97","2,626.21","2,594.23","2,622.28",26.54,1.02,1.02,"7,121,736,114.17",6/29/2025
50,"2,599.84","2,617.65","2,594.71","2,595.74",-4.46,-0.17,-0.17,"7,780,159,283.42",6/26/2025
51,"2,601.03","2,607.71","2,594.34","2,600.20",-0.33,-0.01,-0.01,"5,942,852,256.20",6/25/2025
52,"2,603.46","2,629.26","2,599.72","2,600.53",-0.23,0,-0.01,"5,767,895,001.14",6/24/2025
53,"2,598.83","2,608.56","2,584.47","2,600.76",4.79,0.18,0.18,"6,471,952,677.99",6/23/2025
54,"2,628.83","2,631.82","2,594.01","2,595.97",-32.94,-1.25,-1.25,"9,145,858,510.43",6/22/2025
55,"2,650.96","2,661.33","2,628.27","2,628.91",-24.77,-0.93,-0.93,"11,231,489,964.79",6/19/2025
56,"2,654.50","2,662.69","2,649.78","2,653.68",-1.07,-0.04,-0.04,"9,085,886,877.10",6/18/2025
57,"2,659.27","2,670.25","2,649.60","2,654.75",-3.91,-0.14,-0.15,"7,653,249,312.88",6/17/2025
58,"2,652.13","2,679.74","2,652.13","2,658.66",2.81,0.1,0.11,"13,186,945,742.15",6/16/2025
59,"2,654.61","2,667.68","2,653.43","2,655.85",0.47,0.01,0.02,"11,443,272,636.94",6/15/2025
60,"2,665.23","2,672.42","2,654.69","2,655.38",-9.09,-0.34,-0.34,"12,515,308,961.61",6/12/2025
61,"2,677.52","2,686.45","2,660.86","2,664.47",-13.7,-0.51,-0.51,"9,907,005,575.07",6/11/2025
62,"2,654.08","2,683.25","2,653.57","2,678.17",25.08,0.94,0.95,"10,160,981,076.17",6/10/2025
63,"2,629.22","2,657.34","2,627.76","2,653.09",23.2,0.88,0.88,"8,689,350,319.62",6/9/2025
64,"2,639.24","2,645.22","2,626.39","2,629.89",-11.07,-0.41,-0.42,"9,137,414,918.93",6/8/2025
65,"2,643.84","2,661.77","2,635.30","2,640.96",-5.99,-0.22,-0.23,"7,970,886,663.46",6/5/2025
66,"2,660.21","2,664.59","2,641.07","2,646.95",-11.98,-0.45,-0.45,"5,163,334,522.53",6/4/2025
67,"2,694.04","2,699.28","2,656.34","2,658.93",-35.73,-1.32,-1.33,"6,679,561,324.54",6/3/2025
68,"2,715.99","2,726.60","2,686.93","2,694.66",1.6,0.05,0.06,"9,226,322,933.09",6/2/2025
69,"2,675.60","2,696.78","2,666.50","2,693.06",17.44,0.65,0.65,"8,586,004,334.25",5/28/2025
70,"2,674.15","2,684.77","2,655.29","2,675.62",0.86,0.03,0.03,"6,527,839,581.54",5/27/2025
71,"2,712.89","2,745.89","2,670.35","2,674.76",-5.22,-0.19,-0.19,"7,585,022,590.91",5/26/2025
72,"2,693.04","2,703.78","2,665.48","2,679.98",-8.57,-0.31,-0.32,"7,609,514,022.00",5/25/2025
73,"2,674.10","2,705.56","2,669.58","2,688.55",19.04,0.71,0.71,"9,822,070,682.42",5/22/2025
74,"2,712.35","2,771.47","2,667.85","2,669.51",-7.94,-0.29,-0.30,"10,698,651,680.69",5/21/2025
75,"2,627.68","2,681.58","2,617.46","2,677.45",49.09,1.86,1.87,"7,312,790,196.17",5/20/2025
76,"2,606.73","2,639.69","2,605.03","2,628.36",19.31,0.74,0.74,"7,358,855,085.18",5/19/2025
77,"2,608.25","2,625.26","2,606.09","2,609.05",-2.8,-0.1,-0.11,"8,509,221,312.61",5/18/2025
78,"2,623.24","2,628.67","2,605.89","2,611.85",-8.42,-0.32,-0.32,"7,083,348,240.63",5/15/2025
79,"2,635.21","2,642.96","2,619.64","2,620.27",-13.96,-0.53,-0.53,"8,736,570,105.44",5/14/2025
80,"2,650.54","2,669.28","2,632.29","2,634.23",-14.88,-0.56,-0.56,"9,629,346,053.77",5/13/2025
81,"2,661.55","2,692.50","2,648.48","2,649.11",-12.53,-0.47,-0.47,"10,202,701,343.99",5/11/2025
82,"2,674.70","2,687.38","2,655.79","2,661.64",-12.05,-0.45,-0.45,"11,650,017,851.57",5/8/2025
83,"2,613.78","2,676.25","2,611.71","2,673.69",62.26,2.38,2.38,"10,518,406,352.63",5/7/2025
84,"2,608.59","2,625.70","2,608.57","2,611.43",1.03,0.03,0.04,"8,747,668,846.35",5/6/2025
85,"2,618.33","2,630.36","2,604.79","2,610.40",-9.99,-0.38,-0.38,"7,634,193,693.73",5/5/2025
86,"2,628.03","2,645.67","2,619.26","2,620.39",-3.44,-0.13,-0.13,"9,245,583,315.99",5/4/2025
87,"2,631.90","2,642.07","2,622.72","2,623.83",-8.15,-0.3,-0.31,"9,374,122,655.90",4/30/2025
88,"2,648.98","2,666.54","2,630.30","2,631.98",-15.09,-0.57,-0.57,"7,575,206,278.35",4/29/2025
89,"2,661.01","2,676.05","2,645.24","2,647.07",-14.53,-0.54,-0.55,"8,912,843,919.69",4/28/2025
90,"2,657.66","2,684.51","2,657.37","2,661.60",3.58,0.13,0.13,"10,875,991,144.35",4/27/2025
91,"2,656.49","2,668.06","2,641.88","2,658.02",2.08,0.07,0.08,"7,879,381,268.28",4/24/2025
92,"2,687.68","2,687.68","2,653.74","2,655.94",-32.38,-1.2,-1.20,"7,575,517,246.76",4/23/2025
93,"2,695.14","2,707.86","2,682.80","2,688.32",-9.96,-0.36,-0.37,"8,321,226,373.33",4/22/2025
94,"2,704.18","2,716.70","2,691.07","2,698.28",-7.76,-0.28,-0.29,"8,775,720,293.64",4/21/2025
95,"2,724.51","2,731.81","2,700.85","2,706.04",-16.69,-0.61,-0.61,"8,433,589,785.29",4/20/2025
96,"2,701.22","2,740.13","2,697.63","2,722.73",26.5,0.98,0.98,"10,797,363,282.32",4/17/2025
97,"2,702.46","2,704.97","2,685.36","2,696.23",7.01,0.26,0.26,"7,265,122,241.80",4/16/2025
98,"2,678.51","2,704.58","2,669.22","2,689.22",27.14,1.01,1.02,"8,544,357,887.81",4/15/2025
99,"2,673.01","2,676.70","2,657.32","2,662.08",-8.62,-0.32,-0.32,"6,280,296,245.03",4/13/2025
100,"2,677.57","2,687.92","2,667.00","2,670.70",-5.58,-0.2,-0.21,"5,637,981,250.22",4/10/2025
101,"2,681.86","2,701.12","2,671.65","2,676.28",9.67,0.36,0.36,"4,484,619,740.83",4/9/2025
102,"2,671.62","2,674.88","2,631.68","2,666.61",-3.45,-0.12,-0.13,"5,309,562,287.49",4/8/2025
103,"2,702.09","2,710.13","2,667.56","2,670.06",-33.33,-1.23,-1.23,"5,658,973,766.40",4/7/2025
104,"2,700.40","2,732.85","2,700.23","2,703.39",3.35,0.12,0.12,"7,844,642,487.27",4/3/2025
105,"2,693.11","2,712.25","2,669.06","2,700.04",23.87,0.89,0.89,"5,444,435,901.35",4/2/2025
106,"2,691.59","2,696.50","2,654.57","2,676.17",-16.95,-0.62,-0.63,"5,797,791,700.14",4/1/2025
107,"2,661.40","2,718.95","2,657.88","2,693.12",29.82,1.11,1.12,"7,568,226,197.37",3/30/2025
108,"2,632.12","2,665.17","2,621.46","2,663.30",41.44,1.58,1.58,"5,223,083,340.93",3/27/2025
109,"2,580.18","2,625.60","2,579.45","2,621.86",39.13,1.51,1.52,"4,204,408,894.89",3/26/2025
110,"2,652.87","2,652.87","2,581.32","2,582.73",-58.05,-2.19,-2.20,"5,180,718,708.09",3/25/2025
111,"2,610.45","2,645.99","2,592.32","2,640.78",26.1,0.99,1.00,"4,483,599,004.48",3/24/2025
112,"2,667.61","2,669.00","2,614.09","2,614.68",-54.63,-2.04,-2.05,"6,320,141,365.59",3/23/2025
113,"2,679.91","2,685.87","2,666.69","2,669.31",-12.84,-0.47,-0.48,"4,561,311,282.76",3/20/2025
114,"2,699.18","2,706.16","2,676.69","2,682.15",-14.89,-0.55,-0.55,"5,143,997,643.35",3/19/2025
115,"2,721.81","2,723.89","2,690.58","2,697.04",-7.66,-0.28,-0.28,"4,346,632,263.56",3/18/2025
116,"2,715.75","2,732.51","2,699.20","2,704.70",-10.15,-0.37,-0.37,"5,408,314,075.31",3/17/2025
117,"2,735.97","2,739.55","2,693.55","2,714.85",-21.63,-0.79,-0.79,"6,836,640,407.59",3/16/2025
118,"2,718.35","2,745.58","2,717.29","2,736.48",17.28,0.63,0.64,"8,235,268,755.31",3/12/2025
119,"2,752.31","2,762.25","2,712.74","2,719.20",-32.22,-1.17,-1.17,"8,391,149,050.00",3/11/2025
120,"2,770.17","2,791.03","2,743.65","2,751.42",-20.68,-0.74,-0.75,"8,378,055,057.57",3/10/2025
121,"2,819.92","2,819.92","2,766.08","2,772.10",-46.33,-1.64,-1.64,"10,093,624,481.61",3/9/2025
122,"2,822.74","2,834.07","2,811.37","2,818.43",-2.7,-0.09,-0.10,"10,101,817,681.94",3/6/2025
123,"2,846.91","2,850.16","2,808.75","2,821.13",-25.17,-0.88,-0.88,"10,972,654,473.07",3/5/2025
124,"2,877.22","2,894.62","2,842.78","2,846.30",-30.36,-1.05,-1.06,"12,946,493,939.18",3/4/2025
125,"2,900.16","2,929.21","2,867.46","2,876.66",-13.62,-0.47,-0.47,"14,284,510,595.52",3/3/2025
126,"2,829.12","2,890.28","2,826.86","2,890.28",75.24,2.67,2.67,"14,250,475,736.94",3/2/2025
127,"2,786.65","2,827.15","2,785.98","2,815.04",49.16,1.77,1.78,"11,392,401,815.90",2/27/2025
128,"2,759.07","2,781.95","2,758.84","2,765.88",7.13,0.25,0.26,"9,909,386,227.96",2/25/2025
129,"2,754.54","2,785.10","2,746.00","2,758.75",3.35,0.12,0.12,"11,085,464,758.61",2/24/2025
130,"2,724.09","2,768.90","2,690.42","2,755.40",11.66,0.42,0.42,"11,548,337,612.87",2/23/2025
131,"2,738.93","2,752.35","2,720.69","2,743.74",3.15,0.11,0.11,"8,627,687,599.85",2/20/2025
132,"2,735.97","2,757.30","2,726.43","2,740.59",12.68,0.46,0.46,"10,437,006,214.82",2/18/2025
133,"2,701.26","2,738.00","2,700.53","2,727.91",29.88,1.1,1.11,"10,049,654,832.64",2/17/2025
134,"2,676.91","2,698.31","2,675.90","2,698.03",19.56,0.73,0.73,"9,470,308,266.49",2/16/2025
135,"2,686.77","2,697.34","2,673.88","2,678.47",-7.26,-0.27,-0.27,"7,921,300,982.67",2/13/2025
136,"2,686.80","2,697.41","2,679.78","2,685.73",1.87,0.06,0.07,"8,717,847,062.68",2/12/2025
137,"2,678.08","2,691.91","2,673.03","2,683.86",6.54,0.24,0.24,"7,246,221,260.29",2/11/2025
138,"2,684.80","2,699.79","2,666.72","2,677.32",-10.99,-0.4,-0.41,"6,960,292,235.03",2/10/2025
139,"2,697.31","2,725.95","2,683.28","2,688.31",-11.5,-0.42,-0.43,"8,398,660,628.97",2/9/2025
140,"2,713.66","2,720.48","2,691.56","2,699.81",-11.64,-0.42,-0.43,"9,247,375,287.26",2/6/2025
141,"2,719.41","2,726.07","2,704.24","2,711.45",-4.46,-0.16,-0.16,"8,958,007,305.37",2/5/2025
142,"2,733.41","2,745.15","2,707.37","2,715.91",-14.09,-0.51,-0.52,"8,919,697,775.36",2/4/2025
143,"2,728.64","2,764.17","2,720.42","2,730.00",2.42,0.08,0.09,"11,875,967,538.34",2/3/2025
144,"2,662.24","2,727.58","2,662.01","2,727.58",69.81,2.62,2.63,"12,955,764,136.98",2/2/2025
145,"2,634.86","2,657.96","2,634.69","2,657.77",24.5,0.93,0.93,"9,402,678,033.93",1/28/2025
146,"2,642.30","2,650.71","2,625.58","2,633.27",-10.66,-0.4,-0.40,"8,924,065,888.66",1/27/2025
147,"2,656.75","2,662.36","2,638.65","2,643.93",-10.42,-0.39,-0.39,"9,128,673,514.79",1/26/2025
148,"2,670.23","2,681.49","2,644.79","2,654.35",-11.1,-0.41,-0.42,"7,857,792,326.04",1/23/2025
149,"2,616.66","2,667.23","2,614.37","2,665.45",52.37,2,2.00,"9,203,088,349.68",1/22/2025
150,"2,608.40","2,618.99","2,597.61","2,613.08",5.09,0.19,0.20,"6,190,141,891.18",1/21/2025
151,"2,602.88","2,623.61","2,600.77","2,607.99",6.78,0.26,0.26,"6,570,477,886.37",1/20/2025
152,"2,590.14","2,604.01","2,580.01","2,601.21",12.59,0.48,0.49,"6,257,235,624.30",1/19/2025
153,"2,598.66","2,616.97","2,580.40","2,588.62",-7.34,-0.28,-0.28,"5,933,711,674.73",1/16/2025
154,"2,596.82","2,611.38","2,589.99","2,595.96",1.83,0.07,0.07,"5,824,904,134.69",1/15/2025
155,"2,610.05","2,615.55","2,580.74","2,594.13",-15.54,-0.59,-0.60,"6,650,883,103.54",1/13/2025
156,"2,651.67","2,654.82","2,602.46","2,609.67",-25.42,-0.96,-0.96,"3,997,909,323.86",1/12/2025
157,"2,656.49","2,656.61","2,629.06","2,635.09",-18.14,-0.68,-0.68,"7,305,342,581.67",1/9/2025
158,"2,670.30","2,672.14","2,642.59","2,653.23",6.39,0.24,0.24,"6,407,992,784.10",1/8/2025
159,"2,654.34","2,656.52","2,625.24","2,646.84",6.16,0.23,0.23,"5,384,672,295.66",1/7/2025
160,"2,601.09","2,640.73","2,594.34","2,640.68",49.12,1.89,1.90,"6,305,431,854.50",1/6/2025
161,"2,586.03","2,592.91","2,574.43","2,591.56",5.33,0.2,0.21,"4,860,201,974.97",1/5/2025
162,"2,583.94","2,586.23","2,566.27","2,586.23",4.63,0.17,0.18,"4,603,282,379.17",1/2/2025
163,"2,577.43","2,589.42","2,567.97","2,581.60",5.1,0.19,0.20,"3,597,445,334.37",1/1/2025
164,"2,613.66","2,613.66","2,545.51","2,576.50",-33.08,-1.26,-1.27,"5,674,686,091.49",12/31/2024
165,"2,631.98","2,641.17","2,601.84","2,609.58",-21.13,-0.8,-0.80,"5,474,868,764.77",12/29/2024
166,"2,625.39","2,639.08","2,607.75","2,630.71",4.4,0.15,0.17,"5,329,274,454.77",12/26/2024
167,"2,615.70","2,645.20","2,612.94","2,626.31",14.11,0.54,0.54,"5,202,263,038.57",12/24/2024
168,"2,582.35","2,612.20","2,580.49","2,612.20",28.91,1.11,1.12,"4,430,024,603.33",12/23/2024
169,"2,587.30","2,614.28","2,569.00","2,583.29",-13.53,-0.52,-0.52,"4,518,385,107.16",12/22/2024
170,"2,626.79","2,634.57","2,593.18","2,596.82",-31.44,-1.19,-1.20,"4,760,267,483.47",12/19/2024
171,"2,634.67","2,656.08","2,621.00","2,628.26",-5.61,-0.21,-0.21,"4,270,082,575.91",12/18/2024
172,"2,633.28","2,648.55","2,611.89","2,633.87",2.96,0.11,0.11,"4,343,234,740.51",12/17/2024
173,"2,683.99","2,684.32","2,622.76","2,630.91",-51.38,-1.91,-1.92,"5,935,604,847.03",12/16/2024
174,"2,715.71","2,730.31","2,678.09","2,682.29",-33.42,-1.23,-1.23,"6,144,065,744.00",12/12/2024
175,"2,671.32","2,715.71","2,662.72","2,715.71",45.89,1.71,1.72,"5,050,654,450.09",12/11/2024
176,"2,676.14","2,694.85","2,660.36","2,669.82",-6.33,-0.23,-0.24,"4,413,320,290.80",12/10/2024
177,"2,687.74","2,709.58","2,662.36","2,676.15",-12.85,-0.47,-0.48,"5,629,945,822.09",12/9/2024
178,"2,735.65","2,735.67","2,675.92","2,689.00",-45.93,-1.67,-1.68,"7,460,304,999.55",12/8/2024
179,"2,752.39","2,764.29","2,717.34","2,734.93",-15.94,-0.57,-0.58,"8,369,687,402.72",12/5/2024
180,"2,795.71","2,795.78","2,747.65","2,750.87",-24.98,-0.89,-0.90,"9,132,468,906.77",12/4/2024
181,"2,772.74","2,793.03","2,751.31","2,775.85",17.81,0.64,0.65,"8,521,219,299.67",12/3/2024
182,"2,749.26","2,773.47","2,746.47","2,758.04",19.98,0.72,0.73,"10,541,746,564.07",12/2/2024
183,"2,762.46","2,764.85","2,707.94","2,738.06",-9.99,-0.36,-0.36,"8,832,306,919.82",12/1/2024
184,"2,757.13","2,774.14","2,738.80","2,748.05",-8.31,-0.3,-0.30,"8,545,501,623.12",11/28/2024
185,"2,721.76","2,755.98","2,721.35","2,756.36",39.7,1.46,1.46,"9,312,754,840.36",11/27/2024
186,"2,704.57","2,719.84","2,685.64","2,716.66",33.42,1.24,1.25,"7,449,898,987.89",11/26/2024
187,"2,682.28","2,694.67","2,661.21","2,683.24",15.84,0.59,0.59,"6,345,809,597.83",11/25/2024
188,"2,690.52","2,698.76","2,661.22","2,667.40",-13.04,-0.48,-0.49,"7,728,861,250.73",11/24/2024
189,"2,711.55","2,722.59","2,676.25","2,680.44",-31.31,-1.15,-1.15,"8,257,643,886.83",11/21/2024
190,"2,705.16","2,713.93","2,683.79","2,711.75",9.1,0.33,0.34,"7,092,879,946.39",11/20/2024
191,"2,758.41","2,759.54","2,696.42","2,702.65",-51.11,-1.85,-1.86,"10,468,320,521.90",11/19/2024
192,"2,753.45","2,788.12","2,748.29","2,753.76",4.98,0.18,0.18,"11,726,756,904.61",11/17/2024
193,"2,739.00","2,762.51","2,729.67","2,748.78",13.95,0.51,0.51,"10,320,331,436.20",11/14/2024
194,"2,754.62","2,757.38","2,728.11","2,734.83",-14.13,-0.51,-0.51,"7,911,976,449.08",11/13/2024
195,"2,765.69","2,788.35","2,741.63","2,748.96",-11.25,-0.4,-0.41,"7,859,740,798.91",11/12/2024
196,"2,740.12","2,782.43","2,734.41","2,760.21",22.15,0.8,0.81,"11,315,207,127.09",11/11/2024
197,"2,681.58","2,738.12","2,680.70","2,738.06",62.55,2.33,2.34,"9,771,124,073.54",11/10/2024
198,"2,679.47","2,684.81","2,669.19","2,675.51",-1.89,-0.07,-0.07,"5,222,486,851.23",11/6/2024
199,"2,678.97","2,696.85","2,670.12","2,677.40",-0.22,0,-0.01,"4,205,505,237.61",11/5/2024
200,"2,693.87","2,705.24","2,671.30","2,677.62",-14.43,-0.53,-0.54,"5,953,950,787.59",10/30/2024
201,"2,648.36","2,692.11","2,647.99","2,692.05",46.69,1.76,1.76,"6,128,264,580.33",10/29/2024
202,"2,620.93","2,647.23","2,620.66","2,645.36",27.41,1.04,1.05,"5,344,800,912.47",10/28/2024
203,"2,629.83","2,632.94","2,610.14","2,617.95",-9.19,-0.34,-0.35,"4,732,487,864.93",10/27/2024
204,"2,646.49","2,650.18","2,614.65","2,627.14",-18.25,-0.68,-0.69,"5,419,104,157.29",10/24/2024
205,"2,675.20","2,684.66","2,637.54","2,645.39",-20.42,-0.76,-0.77,"6,278,951,853.73",10/23/2024
206,"2,640.18","2,669.38","2,632.62","2,665.81",25.89,0.98,0.98,"4,171,665,619.69",10/22/2024
207,"2,698.72","2,700.82","2,635.43","2,639.92",-57.99,-2.14,-2.15,"5,900,791,044.48",10/21/2024
208,"2,733.37","2,748.78","2,689.46","2,697.91",-47.45,-1.72,-1.73,"8,180,262,572.11",10/20/2024
209,"2,747.69","2,780.97","2,734.19","2,745.36",2.48,0.09,0.09,"7,192,792,166.86",10/17/2024
210,"2,704.69","2,748.80","2,704.04","2,742.88",43.22,1.6,1.60,"5,660,237,737.60",10/16/2024
211,"2,668.08","2,700.23","2,667.82","2,699.66",31.49,1.17,1.18,"3,062,337,799.23",10/15/2024
212,"2,661.79","2,672.65","2,643.12","2,668.17",4.85,0.18,0.18,"3,761,512,706.84",10/9/2024
213,"2,692.49","2,699.55","2,652.66","2,663.32",-27.4,-1.01,-1.02,"4,593,727,244.34",10/8/2024
214,"2,656.86","2,707.16","2,656.35","2,690.72",37.14,1.39,1.40,"7,095,953,027.17",10/7/2024
215,"2,597.51","2,653.63","2,583.25","2,653.58",56.09,2.15,2.16,"6,138,206,705.70",10/6/2024
216,"2,629.76","2,643.76","2,582.72","2,597.49",-26.07,-0.99,-0.99,"6,778,195,881.11",10/2/2024
217,"2,510.34","2,623.56","2,510.11","2,623.56",114.7,4.57,4.57,"7,616,522,258.00",10/1/2024
218,"2,466.60","2,508.86","2,462.79","2,508.86",44.46,1.8,1.80,"3,715,359,935.11",9/30/2024
219,"2,483.91","2,494.57","2,442.61","2,464.40",-22.36,-0.89,-0.90,"4,050,658,036.93",9/29/2024
220,"2,519.03","2,541.69","2,479.65","2,486.76",-32.81,-1.3,-1.30,"4,841,407,720.13",9/26/2024
221,"2,473.06","2,519.97","2,443.28","2,519.57",49.18,1.99,1.99,"4,813,223,004.48",9/25/2024
222,"2,529.14","2,547.47","2,462.61","2,470.39",-58.94,-2.33,-2.33,"5,689,561,356.68",9/24/2024
223,"2,607.85","2,608.43","2,517.79","2,529.33",-59.02,-2.28,-2.28,"5,660,302,683.50",9/23/2024
224,"2,601.29","2,643.51","2,570.27","2,588.35",11.59,0.44,0.45,"5,092,948,690.68",9/22/2024
225,"2,584.34","2,606.04","2,551.40","2,576.76",-4,-0.15,-0.15,"5,669,194,961.88",9/18/2024
226,"2,635.96","2,637.53","2,570.62","2,580.76",-57.03,-2.16,-2.16,"7,361,988,383.74",9/16/2024
227,"2,698.51","2,734.58","2,630.11","2,637.79",-50.74,-1.88,-1.89,"10,339,235,957.44",9/15/2024
228,"2,625.46","2,688.52","2,604.83","2,688.53",78.32,3,3.00,"8,169,274,612.81",9/12/2024
229,"2,636.29","2,651.19","2,601.91","2,610.21",-22.73,-0.86,-0.86,"6,851,179,051.18",9/11/2024
230,"2,648.57","2,688.26","2,616.98","2,632.94",-13.09,-0.49,-0.49,"7,245,568,421.39",9/10/2024
231,"2,702.56","2,706.54","2,637.71","2,646.03",-55.87,-2.06,-2.07,"9,439,106,425.54",9/9/2024
232,"2,732.82","2,760.45","2,697.84","2,701.90",-25.46,-0.93,-0.93,"10,122,408,249.12",9/8/2024
233,"2,740.21","2,758.92","2,686.62","2,727.36",-12.1,-0.44,-0.44,"9,651,513,246.31",9/5/2024
234,"2,860.07","2,860.39","2,732.40","2,739.46",-90.7,-3.2,-3.20,"12,925,688,215.22",9/4/2024
235,"2,834.42","2,860.43","2,802.92","2,830.16",6.91,0.24,0.24,"13,577,105,289.17",9/3/2024
236,"2,698.00","2,823.70","2,678.91","2,823.25",127.32,4.72,4.72,"13,104,631,802.67",9/2/2024
237,"2,749.68","2,781.75","2,686.61","2,695.93",-53.64,-1.95,-1.95,"10,517,682,349.32",9/1/2024
238,"2,791.29","2,800.28","2,727.57","2,749.57",-36.83,-1.32,-1.32,"12,243,601,365.90",8/29/2024
239,"2,791.09","2,860.89","2,761.02","2,786.40",3.8,0.13,0.14,"13,727,368,393.64",8/28/2024
240,"2,899.79","2,902.75","2,770.39","2,782.60",-111.97,-3.86,-3.87,"18,649,533,170.34",8/27/2024
241,"2,987.06","2,990.04","2,885.39","2,894.57",-79.89,-2.68,-2.69,"19,740,593,800.64",8/25/2024
242,"2,974.78","3,018.93","2,967.47","2,974.46",6.02,0.2,0.20,"19,160,652,085.56",8/22/2024
243,"2,981.03","3,002.74","2,943.61","2,968.44",2.11,0.07,0.07,"18,906,373,792.00",8/21/2024
244,"3,017.20","3,048.15","2,945.49","2,966.33",-34.48,-1.15,-1.15,"28,836,997,376.12",8/18/2024
245,"2,979.89","3,036.64","2,975.11","3,000.81",43.06,1.45,1.46,"29,958,519,216.94",8/15/2024
246,"2,936.62","2,959.19","2,883.81","2,957.75",34.29,1.17,1.17,"23,430,581,150.48",8/14/2024
247,"2,947.70","2,971.69","2,891.43","2,923.46",-8.19,-0.27,-0.28,"21,515,010,633.31",8/13/2024
248,"2,876.48","2,937.40","2,876.46","2,931.65",70.74,2.47,2.47,"27,242,034,765.88",8/12/2024
249,"2,780.08","2,860.96","2,779.24","2,860.91",94.53,3.41,3.42,"25,779,453,509.90",8/11/2024
250,"2,772.84","2,811.15","2,744.86","2,766.38",6.71,0.24,0.24,"20,070,434,103.38",8/8/2024
251,"2,644.73","2,759.67","2,630.86","2,759.67",108.35,4.08,4.09,"17,950,918,627.83",8/7/2024
252,"2,802.04","2,815.94","2,644.85","2,651.32",-145.06,-5.18,-5.19,"23,716,716,874.10",8/6/2024
253,"2,770.38","2,806.69","2,744.10","2,796.38",40.76,1.47,1.48,"21,864,992,277.64",8/5/2024
254,"2,772.23","2,805.57","2,742.53","2,755.62",-5.28,-0.19,-0.19,"21,713,431,007.73",8/1/2024
255,"2,708.24","2,791.02","2,707.57","2,760.90",64.25,2.38,2.38,"21,911,503,161.05",7/31/2024
256,"2,669.41","2,709.89","2,609.02","2,696.65",35.56,1.33,1.34,"17,266,391,542.96",7/30/2024
257,"2,706.73","2,737.68","2,655.15","2,661.09",-20.47,-0.76,-0.76,"19,609,177,106.29",7/29/2024
258,"2,606.42","2,708.58","2,606.40","2,681.56",113.45,4.41,4.42,"15,810,596,235.45",7/28/2024
259,"2,540.14","2,572.88","2,518.47","2,568.11",32,1.26,1.26,"14,137,899,049.28",7/25/2024
260,"2,573.28","2,600.41","2,513.43","2,536.11",-27.32,-1.06,-1.07,"16,208,577,314.52",7/24/2024
261,"2,493.92","2,563.45","2,469.56","2,563.43",75.34,3.02,3.03,"14,116,330,995.75",7/23/2024
262,"2,491.17","2,504.53","2,441.56","2,488.09",2.15,0.08,0.09,"13,915,535,440.97",7/22/2024
263,"2,431.55","2,494.71","2,408.25","2,485.94",61.62,2.54,2.54,"15,238,271,290.97",7/21/2024
264,"2,373.57","2,459.94","2,355.59","2,424.32",59.69,2.52,2.52,"15,548,684,746.66",7/18/2024
265,"2,323.71","2,364.76","2,311.93","2,364.63",54.04,2.33,2.34,"12,059,266,113.47",7/17/2024
266,"2,243.11","2,310.84","2,231.83","2,310.59",70.18,3.13,3.13,"9,138,629,642.41",7/16/2024
267,"2,277.85","2,287.15","2,231.69","2,240.41",-17.18,-0.76,-0.76,"8,731,436,037.14",7/15/2024
268,"2,239.41","2,290.95","2,230.50","2,257.59",52.98,2.4,2.40,"7,620,498,520.87",7/14/2024
269,"2,188.63","2,205.15","2,185.02","2,204.61",29.21,1.34,1.34,"7,080,698,146.05",7/11/2024
270,"2,162.82","2,176.48","2,162.13","2,175.40",23.26,1.08,1.08,"5,744,083,391.51",7/10/2024
271,"2,138.61","2,152.14","2,130.07","2,152.14",15.79,0.73,0.74,"5,535,958,885.30",7/9/2024
272,"2,143.95","2,149.17","2,128.79","2,136.35",-4.62,-0.21,-0.22,"4,569,836,106.00",7/8/2024
273,"2,121.99","2,146.81","2,121.99","2,140.97",21.27,1,1.00,"6,002,931,854.70",7/7/2024
274,"2,107.77","2,129.08","2,106.04","2,119.70",15.48,0.73,0.74,"6,482,546,980.63",7/4/2024
275,"2,101.83","2,104.22","2,077.45","2,104.22",3.79,0.18,0.18,"5,083,528,935.17",7/3/2024
276,"2,085.82","2,162.49","2,085.82","2,100.43",47.05,2.29,2.29,"4,576,831,720.09",7/2/2024
277,"2,038.70","2,053.38","2,030.50","2,053.38",16.29,0.8,0.80,"2,999,964,256.53",7/1/2024
278,"2,051.77","2,059.28","2,034.81","2,037.09",-14.83,-0.72,-0.72,"3,607,198,407.65",6/30/2024
279,"2,059.60","2,059.74","2,047.02","2,051.92",-8.24,-0.4,-0.40,"3,715,903,824.53",6/27/2024
280,"2,075.77","2,077.11","2,055.62","2,060.16",-11.61,-0.56,-0.56,"4,058,047,734.22",6/26/2024
281,"2,067.31","2,077.22","2,067.31","2,071.77",5.61,0.27,0.27,"4,187,796,833.89",6/25/2024
282,"2,063.10","2,079.19","2,059.15","2,066.16",3.22,0.15,0.16,"5,077,255,116.14",6/24/2024
283,"2,068.71","2,079.15","2,057.43","2,062.94",-5.37,-0.25,-0.26,"4,374,597,458.64",6/23/2024
284,"2,095.13","2,095.13","2,063.99","2,068.31",-10.45,-0.5,-0.50,"3,870,744,903.34",6/20/2024
285,"2,077.74","2,086.65","2,073.43","2,078.76",2.27,0.1,0.11,"3,404,372,632.64",6/19/2024
286,"2,098.59","2,098.59","2,073.98","2,076.49",-18.76,-0.89,-0.90,"4,055,737,884.32",6/18/2024
287,"2,116.03","2,116.03","2,090.32","2,095.25",-17.04,-0.8,-0.81,"5,472,253,551.85",6/16/2024
288,"2,125.31","2,126.61","2,106.65","2,112.29",-9.33,-0.43,-0.44,"6,443,029,208.11",6/13/2024
289,"2,117.06","2,133.73","2,116.40","2,121.62",6.38,0.3,0.30,"5,894,089,245.13",6/12/2024
290,"2,099.77","2,115.24","2,087.16","2,115.24",33.15,1.59,1.59,"5,555,361,739.06",6/11/2024
291,"2,088.14","2,088.77","2,072.33","2,082.09",8.9,0.42,0.43,"5,490,609,782.28",6/10/2024
292,"2,093.71","2,093.71","2,069.01","2,073.19",-4.59,-0.22,-0.22,"5,189,079,522.43",6/9/2024
293,"2,080.55","2,088.61","2,073.58","2,077.78",-1.93,-0.09,-0.09,"4,388,278,720.37",6/6/2024
294,"2,087.73","2,091.47","2,072.47","2,079.71",-5.59,-0.26,-0.27,"3,992,976,492.79",6/5/2024
295,"2,086.91","2,092.28","2,078.19","2,085.30",6.23,0.29,0.30,"4,084,715,877.40",6/4/2024
296,"2,087.80","2,095.67","2,073.29","2,079.07",-3.97,-0.19,-0.19,"4,004,070,243.60",6/3/2024
297,"2,072.97","2,085.87","2,068.19","2,083.04",13.51,0.65,0.65,"4,311,015,629.95",6/2/2024
298,"2,091.02","2,099.87","2,065.68","2,069.53",-19.89,-0.95,-0.95,"4,217,494,195.64",5/30/2024
299,"2,133.72","2,152.85","2,086.73","2,089.42",-23.85,-1.12,-1.13,"4,575,063,274.38",5/29/2024
300,"2,111.67","2,124.31","2,097.07","2,113.27",3.93,0.18,0.19,"3,893,764,143.93",5/27/2024
301,"2,135.22","2,141.25","2,106.44","2,109.34",-22.15,-1.03,-1.04,"4,441,538,471.69",5/26/2024
302,"2,116.71","2,140.02","2,109.24","2,131.49",15.55,0.73,0.73,"5,687,680,912.80",5/22/2024
303,"2,095.56","2,118.26","2,081.11","2,115.94",23.94,1.14,1.14,"5,206,208,111.56",5/21/2024
304,"2,069.88","2,119.89","2,069.88","2,092.00",27.55,1.33,1.33,"5,854,354,212.19",5/20/2024
305,"2,044.81","2,068.91","2,028.15","2,064.45",45.69,2.26,2.26,"5,251,024,786.63",5/19/2024
306,"2,029.10","2,029.10","2,009.56","2,018.76",0.79,0.03,0.04,"4,233,816,403.70",5/16/2024
307,"2,030.87","2,048.23","2,013.53","2,017.97",-9.54,-0.47,-0.47,"3,708,430,055.16",5/15/2024
308,"2,000.66","2,027.51","1,999.56","2,027.51",28.62,1.43,1.43,"4,088,853,664.80",5/14/2024
309,"1,979.68","2,000.14","1,970.64","1,998.89",24.39,1.23,1.24,"3,408,608,157.91",5/13/2024
310,"1,973.78","1,981.57","1,962.21","1,974.50",8.27,0.42,0.42,"3,155,142,168.43",5/12/2024
311,"1,963.45","1,970.35","1,955.27","1,966.23",5.63,0.28,0.29,"3,121,286,362.59",5/9/2024
312,"1,961.27","1,967.92","1,954.39","1,960.60",-0.21,-0.01,-0.01,"2,547,030,825.49",5/8/2024
313,"1,959.91","1,970.44","1,955.22","1,960.81",2.06,0.1,0.11,"2,140,502,621.77",5/7/2024
314,"1,980.22","1,980.22","1,952.96","1,958.75",-15.62,-0.79,-0.79,"2,891,319,979.87",5/6/2024
315,"1,998.44","1,998.52","1,970.23","1,974.37",-24.59,-1.23,-1.23,"3,795,748,296.38",5/5/2024
316,"2,025.78","2,025.78","1,995.84","1,998.96",-7.32,-0.36,-0.36,"4,133,362,726.23",5/2/2024
317,"1,991.10","2,016.57","1,979.36","2,006.28",25.94,1.3,1.31,"4,800,044,601.66",4/30/2024
318,"1,990.31","1,990.31","1,974.93","1,980.34",0.07,0,0.00,"2,959,458,501.43",4/29/2024
319,"1,973.53","1,981.31","1,965.18","1,980.27",14.34,0.72,0.73,"2,682,586,955.82",4/28/2024
320,"1,971.36","1,974.58","1,960.92","1,965.93",-3.24,-0.16,-0.16,"2,366,975,594.11",4/25/2024
321,"1,969.41","1,979.40","1,963.36","1,969.17",0.15,0,0.01,"2,536,431,998.49",4/24/2024
322,"1,984.08","1,992.55","1,964.60","1,969.02",-15.41,-0.77,-0.78,"2,058,305,185.18",4/22/2024
323,"1,972.92","1,984.43","1,953.37","1,984.43",12.29,0.62,0.62,"2,259,959,456.88",4/21/2024
324,"1,992.37","1,992.37","1,967.45","1,972.14",-19.57,-0.98,-0.98,"2,093,612,792.77",4/18/2024
325,"2,004.96","2,004.96","1,988.46","1,991.71",-14.81,-0.73,-0.74,"2,103,019,218.57",4/16/2024
326,"2,022.31","2,026.83","2,002.51","2,006.52",-16.83,-0.83,-0.83,"2,797,577,432.68",4/15/2024
327,"2,025.70","2,031.86","2,018.21","2,023.35",-1.95,-0.11,-0.10,"3,063,771,798.12",4/14/2024
328,"2,038.10","2,045.20","2,016.75","2,025.30",-10.71,-0.52,-0.53,"3,485,660,640.32",4/10/2024
329,"2,035.16","2,045.77","2,030.66","2,036.01",9.2,0.45,0.45,"4,143,783,989.11",4/9/2024
330,"2,009.05","2,026.81","2,000.37","2,026.81",22.76,1.13,1.14,"4,256,676,333.55",4/7/2024
331,"2,007.13","2,011.24","2,000.54","2,004.05",-2.73,-0.13,-0.14,"3,037,267,307.84",4/4/2024
332,"2,011.65","2,017.09","2,000.00","2,006.78",-3.43,-0.17,-0.17,"2,536,233,986.66",4/3/2024
333,"2,014.54","2,017.82","2,004.42","2,010.21",-1.86,-0.09,-0.09,"2,291,645,585.48",4/2/2024
334,"2,017.17","2,019.50","2,007.03","2,012.07",-6.26,-0.31,-0.31,"2,874,754,305.75",4/1/2024
335,"2,034.70","2,040.27","2,014.51","2,018.33",-17.31,-0.85,-0.85,"3,205,313,024.75",3/31/2024
336,"2,033.42","2,039.13","2,023.21","2,035.64",4.78,0.23,0.24,"2,653,349,468.50",3/28/2024
337,"2,042.09","2,053.47","2,025.19","2,030.86",-10.84,-0.53,-0.53,"2,235,485,534.30",3/27/2024
338,"2,033.00","2,048.63","2,032.16","2,041.70",10.15,0.49,0.50,"2,354,348,503.00",3/26/2024
339,"2,050.68","2,037.60","2,027.89","2,031.55",-17.02,-0.83,-0.83,"2,489,118,485.07",3/25/2024
340,"2,065.48","2,074.86","2,045.33","2,048.57",-15.38,-0.74,-0.75,"4,313,017,713.50",3/21/2024
341,"2,072.47","2,084.46","2,058.94","2,063.95",-3.34,-0.16,-0.16,"3,496,284,036.15",3/20/2024
342,"2,074.53","2,091.19","2,064.50","2,067.29",-6.24,-0.3,-0.30,"3,633,936,554.86",3/19/2024
343,"2,073.59","2,075.62","2,060.48","2,073.53",3.28,0.15,0.16,"2,885,637,818.91",3/18/2024
344,"2,082.41","2,085.31","2,064.49","2,070.25",-10.62,-0.51,-0.51,"3,387,980,384.32",3/17/2024
345,"2,110.55","2,110.55","2,074.18","2,080.87",-27.85,-1.32,-1.32,"3,943,592,302.13",3/14/2024
346,"2,123.91","2,123.91","2,094.32","2,108.72",-2.49,-0.11,-0.12,"4,248,523,332.22",3/13/2024
347,"2,065.62","2,111.21","2,064.17","2,111.21",58.56,2.85,2.85,"4,551,632,347.81",3/12/2024
348,"2,032.58","2,061.14","2,032.58","2,052.65",22.1,1.08,1.09,"2,922,771,558.90",3/10/2024
349,"2,020.94","2,040.67","2,017.28","2,030.55",13.52,0.67,0.67,"3,199,205,820.34",3/7/2024
350,"2,008.92","2,036.26","1,992.79","2,017.03",9.34,0.46,0.47,"3,450,838,357.20",3/6/2024
351,"2,094.71","2,094.71","2,003.98","2,007.69",-70.31,-3.38,-3.38,"4,113,676,958.02",3/5/2024
352,"1,977.12","2,078.00","1,977.12","2,078.00",117.7,6,6.00,"375,209,978.32",3/4/2024
353,"1,972.62","1,975.39","1,946.47","1,960.30",-11.79,-0.59,-0.60,"2,082,786,089.07",3/3/2024
354,"2,001.02","2,007.14","1,970.42","1,972.09",-28.68,-1.43,-1.43,"2,598,733,478.85",2/29/2024
355,"2,002.50","2,009.40","1,992.63","2,000.77",-0.87,-0.04,-0.04,"2,038,100,977.41",2/28/2024
356,"1,992.69","2,007.66","1,981.27","2,001.64",9.34,0.46,0.47,"1,869,813,526.20",2/27/2024
357,"1,980.89","1,996.83","1,973.35","1,992.30",13.28,0.67,0.67,"2,017,739,060.68",2/26/2024
358,"2,007.41","2,011.64","1,977.39","1,979.02",-26.81,-1.33,-1.34,"3,086,951,070.50",2/25/2024
359,"2,027.57","2,030.14","2,000.63","2,005.83",-20.76,-1.02,-1.02,"3,206,167,025.36",2/22/2024
360,"2,034.38","2,044.15","2,021.05","2,026.59",-6.47,-0.31,-0.32,"2,241,961,799.36",2/21/2024
361,"2,034.78","2,043.31","2,026.24","2,033.06",-1.76,-0.08,-0.09,"3,113,556,978.43",2/20/2024
362,"2,060.67","2,061.08","2,030.87","2,034.82",-27.21,-1.31,-1.32,"3,775,422,196.16",2/18/2024
363,"2,075.62","2,076.84","2,055.82","2,062.03",-14.47,-0.69,-0.70,"3,869,118,741.97",2/15/2024
364,"2,071.71","2,081.56","2,064.85","2,076.50",5.91,0.28,0.29,"4,252,722,895.25",2/14/2024
365,"2,101.54","2,101.54","2,065.14","2,070.59",-30.57,-1.45,-1.45,"4,667,179,304.13",2/13/2024
366,"2,085.81","2,103.56","2,081.99","2,101.16",15.34,0.73,0.74,"3,586,984,128.47",2/12/2024
367,"2,101.27","2,108.73","2,083.76","2,085.82",-10.5,-0.5,-0.50,"4,085,678,472.16",2/11/2024
368,"2,092.41","2,097.89","2,082.96","2,096.32",5.68,0.27,0.27,"3,212,283,453.62",2/8/2024
369,"2,095.10","2,107.51","2,086.97","2,090.64",4.93,0.23,0.24,"2,842,550,237.46",2/7/2024
370,"2,073.83","2,086.98","2,068.18","2,085.71",9.44,0.45,0.45,"2,591,534,907.76",2/6/2024
371,"2,063.92","2,082.60","2,060.77","2,076.27",14.57,0.7,0.71,"2,438,058,254.56",2/5/2024
372,"2,067.47","2,072.79","2,053.90","2,061.70",-5.31,-0.25,-0.26,"3,216,727,221.79",2/4/2024
373,"2,103.20","2,103.20","2,063.78","2,067.01",-30.92,-1.47,-1.47,"4,180,632,139.37",2/1/2024
374,"2,119.17","2,131.27","2,088.70","2,097.93",-21.68,-1.02,-1.02,"5,295,605,057.47",1/31/2024
375,"2,105.87","2,127.94","2,105.87","2,119.61",14.89,0.7,0.71,"5,544,217,593.12",1/30/2024
376,"2,097.48","2,114.31","2,097.48","2,104.72",10.26,0.48,0.49,"4,566,522,230.81",1/29/2024
377,"2,084.63","2,097.47","2,075.45","2,094.46",10.37,0.49,0.50,"3,833,776,580.75",1/28/2024
378,"2,088.49","2,096.70","2,073.09","2,084.09",-3.95,-0.18,-0.19,"3,764,505,450.97",1/25/2024
379,"2,098.97","2,119.55","2,083.68","2,088.04",-10.25,-0.48,-0.49,"3,897,022,598.98",1/24/2024
380,"2,096.99","2,111.95","2,087.51","2,098.29",-0.4,-0.01,-0.02,"4,294,566,751.66",1/23/2024
381,"2,128.56","2,134.24","2,090.90","2,098.69",-31.49,-1.47,-1.48,"6,366,070,003.35",1/22/2024
382,"2,156.51","2,165.24","2,124.18","2,130.18",-25.64,-1.18,-1.19,"7,677,740,058.03",1/21/2024
383,"2,163.38","2,167.15","2,133.22","2,155.82",-7.24,-0.33,-0.33,"8,174,986,282.97",1/18/2024
384,"2,181.80","2,215.29","2,154.20","2,163.06",-12.11,-0.55,-0.56,"9,768,969,868.61",1/17/2024
385,"2,125.19","2,178.10","2,125.19","2,175.17",54.55,2.57,2.57,"8,023,862,406.68",1/16/2024
386,"2,093.46","2,121.39","2,093.46","2,120.62",31.63,1.51,1.51,"5,450,421,806.39",1/14/2024
387,"2,091.28","2,106.28","2,082.62","2,088.99",-0.63,-0.03,-0.03,"4,307,763,277.26",1/11/2024
388,"2,084.59","2,116.28","2,084.59","2,089.62",9.5,0.45,0.46,"5,134,848,789.38",1/10/2024
389,"2,063.55","2,097.93","2,063.55","2,080.12",20.63,1,1.00,"6,118,317,866.66",1/9/2024
390,"2,025.89","2,059.49","2,025.89","2,059.49",36.57,1.8,1.81,"4,675,224,906.27",1/8/2024
391,"2,049.90","2,056.13","2,019.98","2,022.92",-26.36,-1.28,-1.29,"5,241,408,379.84",1/7/2024
392,"2,058.56","2,071.97","2,046.19","2,049.28",-8.72,-0.42,-0.42,"5,581,107,804.69",1/4/2024
393,"2,030.94","2,058.00","2,023.82","2,058.00",27.9,1.37,1.37,"4,048,857,454.59",1/3/2024
394,"2,060.46","2,061.45","2,024.47","2,030.10",-30.05,-1.45,-1.46,"4,044,659,922.73",1/2/2024
395,"2,072.45","2,095.46","2,057.12","2,060.15",-8.75,-0.42,-0.42,"4,483,982,461.34",1/1/2024
396,"2,072.08","2,084.90","2,059.65","2,068.90",-1.94,-0.09,-0.09,"4,290,932,297.59",12/28/2023
397,"2,089.88","2,107.74","2,055.63","2,070.84",-17.23,-0.82,-0.83,"5,248,782,611.36",12/27/2023
398,"2,113.68","2,131.63","2,083.58","2,088.07",-21.03,-0.99,-1.00,"7,111,733,829.80",12/24/2023
399,"2,148.16","2,154.19","2,103.46","2,109.10",-32.77,-1.53,-1.53,"6,274,324,811.90",12/21/2023
400,"2,113.94","2,150.17","2,111.70","2,141.87",35.39,1.68,1.68,"7,009,575,176.13",12/20/2023
401,"2,065.04","2,106.48","2,053.49","2,106.48",45.99,2.23,2.23,"5,984,699,175.73",12/19/2023
402,"2,025.73","2,070.24","2,025.73","2,060.49",38.14,1.88,1.89,"6,868,177,565.82",12/18/2023
403,"1,986.05","2,022.35","1,951.05","2,022.35",27.75,1.39,1.39,"5,157,846,979.04",12/17/2023
404,"1,989.53","1,997.07","1,974.02","1,994.60",6.56,0.32,0.33,"3,151,635,750.11",12/14/2023
405,"1,990.36","2,016.87","1,976.36","1,988.04",2.6,0.13,0.13,"3,909,198,570.27",12/13/2023
406,"1,952.19","1,990.15","1,940.61","1,985.44",36.87,1.89,1.89,"4,309,019,196.26",12/12/2023
407,"1,989.53","1,989.53","1,928.84","1,948.57",-15.41,-0.78,-0.78,"4,842,774,386.83",12/11/2023
408,"1,866.06","1,959.73","1,866.06","1,963.98",111.21,6,6.00,"451,299,087.69",12/10/2023
409,"1,840.41","1,861.19","1,834.72","1,852.77",11.73,0.63,0.64,"2,799,146,433.94",12/7/2023
410,"1,837.24","1,841.59","1,830.63","1,841.04",3.33,0.18,0.18,"1,141,812,382.77",12/6/2023
411,"1,849.00","1,857.19","1,833.08","1,837.71",-10.1,-0.54,-0.55,"1,544,935,438.34",12/5/2023
412,"1,848.70","1,859.09","1,843.39","1,847.81",-3.42,-0.18,-0.18,"1,197,257,894.69",12/4/2023
413,"1,858.47","1,861.62","1,837.91","1,851.23",-7.3,-0.39,-0.39,"964,010,431.27",12/3/2023
414,"1,874.24","1,876.07","1,851.40","1,858.53",-18.07,-0.96,-0.96,"1,323,519,357.20",11/30/2023
415,"1,894.53","1,906.77","1,872.04","1,876.60",-17.93,-0.94,-0.95,"1,236,642,242.76",11/29/2023
416,"1,896.40","1,902.17","1,885.33","1,894.53",-2.14,-0.11,-0.11,"1,280,228,971.85",11/28/2023
417,"1,909.97","1,926.12","1,889.78","1,896.67",-11.28,-0.59,-0.59,"1,754,750,755.81",11/27/2023
418,"1,859.24","1,907.95","1,852.69","1,907.95",47.75,2.56,2.57,"2,011,763,358.52",11/26/2023
419,"1,847.69","1,863.93","1,826.68","1,860.20",9.87,0.53,0.53,"1,348,347,430.30",11/23/2023
420,"1,830.11","1,850.33","1,816.68","1,850.33",20.68,1.13,1.13,"1,087,098,495.58",11/22/2023
421,"1,853.17","1,853.40","1,821.48","1,829.65",-23.83,-1.28,-1.29,"950,479,583.91",11/21/2023
422,"1,852.28","1,872.64","1,846.53","1,853.48",1.4,0.07,0.08,"1,099,318,029.69",11/20/2023
423,"1,864.40","1,866.16","1,848.17","1,852.08",-11.86,-0.63,-0.64,"836,005,656.08",11/9/2023
424,"1,858.10","1,868.92","1,851.21","1,863.94",5.18,0.27,0.28,"782,743,264.94",11/8/2023
425,"1,848.06","1,864.83","1,847.41","1,858.76",11.22,0.6,0.61,"996,586,291.90",11/7/2023
426,"1,826.67","1,850.41","1,824.56","1,847.54",21.31,1.16,1.17,"938,929,040.59",11/6/2023
427,"1,846.75","1,846.75","1,817.94","1,826.23",-21.47,-1.16,-1.16,"972,367,278.92",11/5/2023
428,"1,858.26","1,859.47","1,842.85","1,847.70",-10.86,-0.58,-0.58,"964,477,711.41",11/2/2023
429,"1,864.18","1,872.16","1,853.62","1,858.56",-5.84,-0.31,-0.31,"812,089,291.30",11/1/2023
430,"1,878.28","1,878.60","1,860.47","1,864.40",-14.3,-0.76,-0.76,"571,483,276.48",10/31/2023
431,"1,876.47","1,878.70","1,857.11","1,878.70",3.05,0.16,0.16,"694,222,217.36",10/30/2023
432,"1,903.58","1,903.71","1,867.47","1,875.65",-28.19,-1.48,-1.48,"742,925,392.56",10/29/2023
433,"1,908.66","1,915.90","1,893.98","1,903.84",-4.05,-0.21,-0.21,"970,612,892.03",10/19/2023
434,"1,864.27","1,908.38","1,864.27","1,907.89",43.27,2.32,2.32,"934,894,218.15",10/18/2023
435,"1,851.17","1,884.61","1,851.17","1,864.62",13.19,0.71,0.71,"1,008,437,860.61",10/17/2023
436,"1,874.12","1,876.25","1,846.82","1,851.43",-23.17,-1.23,-1.24,"1,253,291,070.96",10/16/2023
437,"1,895.27","1,897.21","1,870.26","1,874.60",-20.16,-1.06,-1.06,"1,700,129,815.00",10/12/2023
438,"1,890.04","1,904.45","1,884.42","1,894.76",5.17,0.27,0.27,"1,088,547,980.13",10/11/2023
439,"1,908.28","1,912.44","1,885.44","1,889.59",-19.07,-0.99,-1.00,"1,283,182,145.31",10/10/2023
440,"1,919.96","1,926.64","1,902.90","1,908.66",-12.58,-0.65,-0.65,"1,170,172,722.08",10/9/2023
441,"1,963.80","1,963.80","1,917.87","1,921.24",-35.68,-1.82,-1.82,"1,801,766,294.08",10/8/2023
442,"1,967.57","1,969.00","1,954.39","1,956.92",-11.05,-0.56,-0.56,"1,106,519,418.19",10/5/2023
443,"1,958.86","1,976.05","1,957.28","1,967.97",9.25,0.47,0.47,"1,189,931,385.36",10/4/2023
444,"1,977.82","1,977.82","1,954.64","1,958.72",-17.57,-0.88,-0.89,"1,199,101,324.81",10/3/2023
445,"1,970.27","1,982.49","1,954.53","1,976.29",5.19,0.26,0.26,"1,737,314,092.32",10/2/2023
446,"2,004.57","2,004.58","1,964.61","1,971.10",-33.2,-1.65,-1.66,"1,830,486,743.11",10/1/2023
447,"2,023.52","2,026.54","1,993.54","2,004.30",-18.61,-0.91,-0.92,"1,814,359,022.20",9/27/2023
448,"2,006.63","2,030.46","2,006.24","2,022.91",18.46,0.92,0.92,"2,093,809,518.53",9/26/2023
449,"2,012.21","2,015.18","1,999.89","2,004.45",-5.9,-0.29,-0.29,"1,565,573,471.78",9/25/2023
450,"2,029.42","2,036.76","2,004.26","2,010.35",-19.43,-0.95,-0.96,"2,326,895,206.98",9/24/2023
451,"1,988.70","2,040.03","1,988.70","2,029.78",44.35,2.23,2.23,"3,293,921,368.31",9/21/2023
452,"1,970.41","1,985.74","1,960.94","1,985.43",16.25,0.82,0.83,"1,176,680,757.49",9/19/2023
453,"1,965.44","1,974.60","1,953.15","1,969.18",4.27,0.21,0.22,"870,444,156.81",9/18/2023
454,"2,009.98","2,010.02","1,961.67","1,964.91",-42.15,-2.09,-2.10,"2,028,465,610.94",9/17/2023
455,"1,967.26","2,007.06","1,967.26","2,007.06",39.49,2,2.01,"1,495,521,905.76",9/13/2023
456,"1,987.16","1,998.17","1,962.97","1,967.57",-19.42,-0.97,-0.98,"1,135,057,515.51",9/12/2023
457,"1,942.98","1,986.99","1,942.25","1,986.99",44.31,2.28,2.28,"1,518,343,397.24",9/11/2023
458,"1,933.25","1,946.60","1,933.12","1,942.68",10.23,0.52,0.53,"1,072,212,418.60",9/10/2023
459,"1,960.72","1,960.72","1,930.52","1,932.45",-28.92,-1.47,-1.47,"1,150,920,607.59",9/7/2023
460,"1,966.80","1,973.70","1,954.37","1,961.37",-6.46,-0.32,-0.33,"796,870,408.04",9/5/2023
461,"1,960.78","1,977.43","1,946.71","1,967.83",7.05,0.35,0.36,"1,099,139,697.15",9/4/2023
462,"1,990.81","1,991.04","1,959.14","1,960.78",-29.81,-1.49,-1.50,"1,186,618,410.86",9/3/2023
463,"1,994.63","2,001.43","1,985.47","1,990.59",-2.83,-0.14,-0.14,"1,130,008,041.15",8/30/2023
464,"1,999.00","2,002.70","1,988.83","1,993.42",-5.06,-0.25,-0.25,"865,120,452.40",8/29/2023
465,"1,994.03","2,009.37","1,989.97","1,998.48",5.1,0.25,0.26,"988,628,562.24",8/28/2023
466,"2,014.20","2,015.85","1,989.42","1,993.38",-20.55,-1.02,-1.02,"1,262,767,876.55",8/27/2023
467,"2,045.85","2,052.02","2,009.10","2,013.93",-31.52,-1.54,-1.54,"1,550,582,685.37",8/24/2023
468,"2,016.79","2,047.87","2,016.06","2,045.45",29.47,1.46,1.46,"1,510,488,984.60",8/23/2023
469,"1,998.14","2,015.98","1,990.34","2,015.98",17.7,0.88,0.89,"1,332,564,769.51",8/22/2023
470,"2,012.45","2,019.41","1,991.94","1,998.28",-12.94,-0.64,-0.64,"1,408,981,601.68",8/21/2023
471,"2,033.20","2,034.49","2,008.13","2,011.22",-21.91,-1.07,-1.08,"1,447,408,942.66",8/20/2023
472,"2,025.98","2,042.35","2,025.73","2,033.13",8.01,0.39,0.40,"1,541,367,398.79",8/17/2023
473,"2,044.04","2,044.04","2,014.34","2,025.12",-20.32,-0.99,-0.99,"1,679,980,623.08",8/16/2023
474,"2,077.03","2,078.65","2,041.30","2,045.44",-31.8,-1.53,-1.53,"2,157,312,369.50",8/15/2023
475,"2,079.24","2,093.81","2,073.88","2,077.24",-3.62,-0.17,-0.17,"2,091,390,638.30",8/14/2023
476,"2,065.40","2,087.31","2,057.77","2,080.86",14.81,0.71,0.72,"3,018,460,512.26",8/13/2023
477,"2,058.95","2,080.40","2,046.07","2,066.05",5.14,0.24,0.25,"2,156,583,945.67",8/10/2023
478,"2,018.72","2,060.91","2,000.51","2,060.91",41.06,2.03,2.03,"1,888,326,469.62",8/9/2023
479,"2,047.71","2,054.83","2,013.75","2,019.85",-28.41,-1.38,-1.39,"1,737,014,499.55",8/8/2023
480,"2,051.56","2,069.32","2,030.32","2,048.26",-3.21,-0.15,-0.16,"2,333,573,297.98",8/7/2023
481,"2,095.42","2,101.42","2,041.92","2,051.47",-38.37,-1.83,-1.84,"2,687,148,234.55",8/6/2023
482,"2,088.55","2,109.29","2,084.15","2,089.84",3,0.14,0.14,"1,781,941,701.80",8/3/2023
483,"2,078.59","2,086.84","2,062.02","2,086.84",9.26,0.44,0.45,"1,812,473,856.12",8/2/2023
484,"2,106.06","2,123.73","2,070.68","2,077.58",-28.6,-1.35,-1.36,"1,924,434,899.89",8/1/2023
485,"2,097.84","2,126.48","2,094.15","2,106.18",5.84,0.27,0.28,"1,858,002,175.73",7/31/2023
486,"2,126.85","2,138.63","2,091.53","2,100.34",-26.14,-1.22,-1.23,"2,502,886,527.87",7/30/2023
487,"2,155.48","2,165.90","2,124.70","2,126.48",-29.72,-1.37,-1.38,"2,425,780,564.09",7/27/2023
488,"2,168.46","2,186.16","2,152.54","2,156.20",-8.11,-0.37,-0.37,"2,432,508,769.56",7/26/2023
489,"2,202.99","2,205.48","2,163.07","2,164.31",-36.19,-1.64,-1.64,"2,910,732,418.70",7/25/2023
490,"2,227.21","2,243.78","2,194.41","2,200.50",-26.66,-1.19,-1.20,"4,737,608,810.43",7/24/2023
491,"2,166.47","2,228.18","2,166.47","2,227.16",63.24,2.92,2.92,"4,375,196,232.80",7/23/2023
492,"2,165.70","2,177.76","2,153.16","2,163.92",-1.32,-0.06,-0.06,"3,052,410,659.63",7/20/2023
493,"2,154.02","2,174.41","2,142.14","2,165.24",11.17,0.52,0.52,"3,348,679,900.45",7/19/2023
494,"2,147.69","2,170.90","2,147.13","2,154.07",9.91,0.46,0.46,"3,548,829,029.13",7/18/2023
495,"2,097.99","2,144.17","2,089.28","2,144.16",47.07,2.24,2.24,"2,560,191,288.71",7/17/2023
496,"2,085.68","2,103.86","2,079.36","2,097.09",12.16,0.58,0.58,"2,376,427,573.77",7/16/2023
497,"2,095.72","2,121.58","2,080.91","2,084.93",-12.62,-0.6,-0.60,"3,390,660,605.31",7/13/2023
498,"2,072.24","2,099.51","2,072.24","2,097.55",25.31,1.22,1.22,"3,187,695,774.33",7/12/2023
499,"2,078.25","2,084.90","2,064.75","2,072.24",-4.72,-0.23,-0.23,"2,859,490,490.47",7/11/2023
500,"2,081.75","2,101.37","2,068.28","2,076.96",-0.8,-0.04,-0.04,"3,797,986,583.24",7/10/2023
501,"2,050.36","2,084.30","2,050.36","2,077.76",28.38,1.38,1.38,"3,042,543,961.01",7/9/2023
502,"2,050.28","2,063.54","2,033.59","2,049.38",-0.06,0,0.00,"3,077,498,315.29",7/6/2023
503,"2,090.38","2,101.29","2,046.70","2,049.44",-39.26,-1.88,-1.88,"3,073,992,136.77",7/5/2023
504,"2,079.42","2,103.78","2,067.22","2,088.70",12.73,0.61,0.61,"2,576,140,128.50",7/4/2023
505,"2,096.72","2,113.74","2,069.86","2,075.97",-21.32,-1.02,-1.02,"4,051,078,375.43",7/3/2023
506,"2,154.80","2,158.83","2,094.60","2,097.29",-53.7,-2.5,-2.50,"5,081,976,179.38",7/2/2023
507,"2,193.51","2,204.93","2,146.57","2,150.99",-35.37,-1.62,-1.62,"5,972,286,481.44",6/28/2023
508,"2,132.61","2,186.36","2,132.61","2,186.36",56.94,2.67,2.67,"5,476,287,740.47",6/27/2023
509,"2,124.01","2,154.66","2,121.34","2,129.42",11.69,0.55,0.55,"5,312,422,087.26",6/26/2023
510,"2,057.37","2,119.40","2,057.37","2,117.73",62.2,3.03,3.03,"6,490,443,184.88",6/25/2023
511,"2,054.62","2,074.22","2,042.45","2,055.53",4.75,0.23,0.23,"3,444,862,501.60",6/22/2023
512,"2,067.21","2,082.60","2,044.28","2,050.78",-14.05,-0.68,-0.68,"3,496,822,260.78",6/21/2023
513,"2,093.56","2,116.89","2,057.52","2,064.83",-26.56,-1.27,-1.27,"4,110,606,953.96",6/20/2023
514,"2,097.53","2,107.18","2,075.87","2,091.39",-2.94,-0.14,-0.14,"4,740,608,880.28",6/19/2023
515,"2,045.06","2,094.33","2,038.24","2,094.33",52.26,2.56,2.56,"4,869,184,016.01",6/18/2023
516,"2,040.58","2,049.86","2,018.05","2,042.07",5.01,0.25,0.25,"3,162,810,843.58",6/15/2023
517,"2,020.18","2,066.99","2,015.67","2,037.06",16.42,0.81,0.81,"5,017,807,682.79",6/14/2023
518,"1,989.43","2,034.45","1,977.92","2,020.64",32.77,1.72,1.65,"4,126,695,943.96",6/13/2023
519,"1,984.36","2,002.00","1,972.08","1,987.87",7.78,0.39,0.39,"2,886,509,415.69",6/12/2023
520,"1,941.76","1,983.23","1,941.76","1,980.09",40.48,2.09,2.09,"3,454,344,563.90",6/11/2023
521,"1,933.40","1,946.76","1,920.74","1,939.61",7.28,0.38,0.38,"2,305,888,931.71",6/8/2023
522,"1,929.16","1,950.57","1,928.41","1,932.33",4.67,0.24,0.24,"2,368,815,635.92",6/7/2023
523,"1,902.75","1,927.66","1,893.62","1,927.66",25.67,1.35,1.35,"1,981,012,701.99",6/6/2023
524,"1,922.13","1,935.55","1,900.30","1,901.99",-17.39,-0.91,-0.91,"1,973,491,107.31",6/5/2023
525,"1,866.35","1,925.11","1,865.73","1,919.38",53.04,2.84,2.84,"1,656,340,391.57",6/4/2023
526,"1,850.79","1,876.98","1,837.43","1,866.34",16.55,0.89,0.89,"1,654,648,922.34",6/1/2023
527,"1,884.49","1,893.37","1,844.67","1,849.79",-38.82,-2.06,-2.06,"2,315,169,571.93",5/31/2023
528,"1,944.03","1,944.03","1,885.06","1,888.61",-53.13,-2.74,-2.74,"2,341,777,844.60",5/30/2023
529,"1,960.95","1,977.36","1,938.66","1,941.74",-17.38,-0.89,-0.89,"2,639,659,499.69",5/28/2023
530,"1,943.81","1,962.55","1,928.36","1,959.12",16.49,0.85,0.85,"1,873,018,024.09",5/24/2023
531,"1,891.37","1,942.63","1,891.37","1,942.63",51.32,2.71,2.71,"2,200,023,945.86",5/23/2023
532,"1,883.45","1,898.60","1,866.11","1,891.31",8.11,0.43,0.43,"1,272,346,510.88",5/22/2023
533,"1,878.68","1,902.60","1,874.47","1,883.20",5.88,0.31,0.31,"1,600,492,731.52",5/21/2023
534,"1,846.69","1,883.00","1,844.61","1,877.32",32.31,1.75,1.75,"1,474,765,388.20",5/18/2023
535,"1,821.54","1,846.63","1,821.33","1,845.01",23.39,1.28,1.28,"857,624,318.45",5/17/2023
536,"1,817.87","1,827.55","1,810.15","1,821.62",3.31,0.18,0.18,"640,117,260.52",5/16/2023
537,"1,821.81","1,826.63","1,807.84","1,818.31",-3.33,-0.18,-0.18,"724,969,980.39",5/15/2023
538,"1,840.82","1,849.19","1,818.50","1,821.64",-16.95,-0.92,-0.92,"900,563,856.24",5/14/2023
539,"1,840.05","1,843.36","1,831.41","1,838.59",-3.34,-0.18,-0.18,"578,841,593.52",5/11/2023
540,"1,845.71","1,852.04","1,835.64","1,841.93",-2.43,-0.13,-0.13,"471,574,067.13",5/10/2023
541,"1,831.64","1,856.02","1,829.00","1,844.36",10.67,0.58,0.58,"774,760,647.07",5/9/2023
542,"1,850.73","1,853.87","1,825.83","1,833.69",-16.92,-0.91,-0.91,"824,217,001.84",5/8/2023
543,"1,870.41","1,872.22","1,849.09","1,850.61",-19.12,-1.02,-1.02,"608,135,094.13",5/7/2023
544,"1,856.97","1,874.58","1,846.92","1,869.73",12.5,0.69,0.67,"732,689,811.89",5/4/2023
545,"1,866.68","1,868.14","1,852.51","1,857.23",-9.17,-0.49,-0.49,"620,266,016.87",5/3/2023
546,"1,871.63","1,878.51","1,860.53","1,866.40",-4.25,-0.23,-0.23,"692,271,755.19",5/2/2023
547,"1,889.41","1,890.06","1,867.86","1,870.65",-19.08,-1.01,-1.01,"954,322,377.93",4/30/2023
548,"1,892.94","1,895.12","1,880.29","1,889.73",-2.27,-0.12,-0.12,"739,650,247.50",4/27/2023
549,"1,907.54","1,913.05","1,889.63","1,892.00",-13.68,-0.72,-0.72,"847,028,219.40",4/26/2023
550,"1,887.30","1,905.68","1,885.20","1,905.68",17.36,0.92,0.92,"885,578,270.76",4/25/2023
551,"1,885.77","1,891.79","1,875.37","1,888.32",2.72,0.14,0.14,"751,330,393.70",4/24/2023
552,"1,904.94","1,906.29","1,881.39","1,885.60",-18.8,-0.99,-0.99,"828,534,036.34",4/23/2023
553,"1,918.49","1,927.92","1,902.37","1,904.40",-15.72,-0.82,-0.82,"983,367,311.00",4/20/2023
554,"1,903.36","1,924.06","1,903.36","1,920.12",15.14,0.79,0.79,"872,141,116.12",4/19/2023
555,"1,905.96","1,911.39","1,893.33","1,904.98",-3.07,-0.16,-0.16,"870,448,151.88",4/18/2023
556,"1,931.86","1,937.37","1,904.61","1,908.05",-23.63,-1.22,-1.22,"920,078,571.12",4/17/2023
557,"1,934.51","1,944.58","1,918.70","1,931.68",-2.79,-0.14,-0.14,"974,599,061.51",4/16/2023
558,"1,973.09","1,981.43","1,929.21","1,934.47",-29.08,-1.48,-1.48,"1,653,334,665.77",4/13/2023
559,"1,871.46","1,963.55","1,871.46","1,963.55",92.21,4.93,4.93,"1,976,076,732.33",4/12/2023
560,"1,845.65","1,871.95","1,844.57","1,871.34",27.32,1.48,1.48,"945,249,179.36",4/11/2023
561,"1,837.65","1,851.39","1,833.30","1,844.02",5.53,0.3,0.30,"911,976,049.12",4/10/2023
562,"1,867.47","1,868.34","1,834.20","1,838.49",-28.3,-1.52,-1.52,"1,159,448,411.71",4/9/2023
563,"1,875.88","1,888.82","1,864.51","1,866.79",-8.28,-0.44,-0.44,"920,686,094.33",4/6/2023
564,"1,866.83","1,878.53","1,857.63","1,875.07",8.39,0.45,0.45,"816,046,790.00",4/5/2023
565,"1,872.65","1,880.31","1,856.69","1,866.68",-5.2,-0.28,-0.28,"917,610,296.04",4/4/2023
566,"1,888.61","1,891.76","1,866.16","1,871.88",-16.67,-0.88,-0.88,"920,249,011.53",4/3/2023
567,"1,910.49","1,928.66","1,883.04","1,888.55",-20,-1.05,-1.05,"1,207,122,600.13",4/2/2023
568,"1,920.01","1,932.30","1,905.50","1,908.55",-10.87,-0.57,-0.57,"899,532,139.40",3/30/2023
569,"1,920.09","1,921.83","1,901.90","1,919.42",1.01,0.05,0.05,"816,219,129.76",3/29/2023
570,"1,910.35","1,936.43","1,906.77","1,918.41",12.41,0.65,0.65,"1,443,713,878.30",3/28/2023
571,"1,885.65","1,906.85","1,864.99","1,906.00",17.7,0.94,0.94,"1,382,767,991.83",3/27/2023
572,"1,915.32","1,915.32","1,881.35","1,888.30",-26.84,-1.4,-1.40,"1,289,371,531.03",3/26/2023
573,"1,933.11","1,933.21","1,906.33","1,915.14",-18.15,-0.94,-0.94,"1,413,172,802.50",3/23/2023
574,"1,952.19","1,962.14","1,929.54","1,933.29",-15.77,-0.81,-0.81,"1,333,719,929.67",3/22/2023
575,"1,926.28","1,949.06","1,926.04","1,949.06",22.66,1.18,1.18,"1,298,583,988.28",3/20/2023
576,"1,933.23","1,939.42","1,922.63","1,926.40",-6.91,-0.36,-0.36,"1,069,804,825.12",3/19/2023
577,"1,938.62","1,946.32","1,920.10","1,933.31",-5.31,-0.27,-0.27,"1,141,455,062.49",3/16/2023
578,"1,953.96","1,955.71","1,926.64","1,938.62",-14.44,-0.74,-0.74,"1,202,141,882.65",3/15/2023
579,"1,950.41","1,964.71","1,939.55","1,953.06",1.85,0.09,0.09,"1,135,925,357.90",3/14/2023
580,"1,975.43","1,975.43","1,944.48","1,951.21",-24.69,-1.25,-1.25,"1,162,503,515.16",3/13/2023
581,"2,008.26","2,016.05","1,970.84","1,975.90",-26.8,-1.34,-1.34,"1,666,931,510.75",3/12/2023
582,"1,955.57","2,002.70","1,955.57","2,002.70",50.04,2.56,2.56,"1,565,558,802.91",3/9/2023
583,"1,938.36","1,963.76","1,937.92","1,952.66",14.41,0.74,0.74,"1,204,409,411.61",3/7/2023
584,"1,967.49","1,975.79","1,935.49","1,938.25",-30.77,-1.56,-1.56,"1,392,354,893.48",3/5/2023
585,"1,995.34","1,996.56","1,966.72","1,969.02",-26.47,-1.33,-1.33,"1,336,333,964.70",3/2/2023
586,"2,020.72","2,024.34","1,994.53","1,995.49",-24.44,-1.21,-1.21,"1,288,363,424.63",3/1/2023
587,"2,024.82","2,033.70","2,013.58","2,019.93",-3.61,-0.18,-0.18,"1,387,865,515.74",2/28/2023
588,"2,029.23","2,042.95","1,990.37","2,023.54",-3.65,-0.18,-0.18,"1,893,736,365.84",2/27/2023
589,"2,016.54","2,029.09","1,961.68","2,027.19",4.55,0.22,0.22,"2,525,071,806.13",2/26/2023
590,"2,078.48","2,078.48","2,015.04","2,022.64",-57.74,-2.78,-2.78,"2,522,713,153.87",2/23/2023
591,"2,049.65","2,083.83","2,048.35","2,080.38",33.57,1.64,1.64,"1,803,282,180.68",2/22/2023
592,"2,069.67","2,069.67","2,040.34","2,046.81",-23.6,-1.14,-1.14,"1,947,623,993.42",2/20/2023
593,"2,090.49","2,099.36","2,067.41","2,070.41",-21.15,-1.01,-1.01,"1,684,942,096.45",2/16/2023
594,"2,105.03","2,117.50","2,086.95","2,091.56",-13.9,-0.66,-0.66,"1,732,575,202.79",2/15/2023
595,"2,122.41","2,122.41","2,100.60","2,105.46",-16.4,-0.77,-0.77,"1,787,016,372.70",2/14/2023
596,"2,181.20","2,181.20","2,117.93","2,121.86",-60.77,-2.78,-2.78,"3,047,739,812.93",2/12/2023
597,"2,171.17","2,182.64","2,153.57","2,182.63",12.45,0.57,0.57,"2,062,058,749.14",2/9/2023
598,"2,181.62","2,213.78","2,161.22","2,170.18",-7.16,-0.33,-0.33,"3,691,972,817.14",2/8/2023
599,"2,100.12","2,177.35","2,100.12","2,177.34",76.64,3.65,3.65,"3,362,267,078.75",2/7/2023
600,"2,096.32","2,102.47","2,087.48","2,100.70",4.62,0.22,0.22,"1,474,161,645.60",2/6/2023
601,"2,096.70","2,118.27","2,088.07","2,096.08",1.54,0.07,0.07,"1,931,719,103.92",2/5/2023
602,"2,118.56","2,126.01","2,090.53","2,094.54",-22.11,-1.04,-1.04,"2,096,419,161.88",2/2/2023
603,"2,111.44","2,124.09","2,104.55","2,116.65",4.97,0.24,0.24,"1,767,051,916.00",2/1/2023
604,"2,130.29","2,135.86","2,108.20","2,111.68",-15.69,-0.74,-0.74,"2,824,540,406.61",1/31/2023
605,"2,166.31","2,173.85","2,124.97","2,127.37",-41.16,-1.9,-1.90,"3,302,201,825.93",1/30/2023
606,"2,185.32","2,192.27","2,164.05","2,168.53",-14.68,-0.67,-0.67,"3,017,063,956.47",1/29/2023
607,"2,186.50","2,201.28","2,178.29","2,183.21",-0.41,-0.02,-0.02,"2,860,082,839.02",1/26/2023
608,"2,175.67","2,199.66","2,175.67","2,183.62",10.37,0.48,0.48,"3,466,508,338.64",1/25/2023
609,"2,166.05","2,173.25","2,140.18","2,173.25",8.15,0.38,0.38,"3,003,230,039.43",1/24/2023
610,"2,184.77","2,202.26","2,163.41","2,165.10",-13.71,-0.63,-0.63,"3,864,008,973.69",1/23/2023
611,"2,175.30","2,191.81","2,163.44","2,178.81",5.71,0.26,0.26,"3,044,529,329.67",1/19/2023
612,"2,185.73","2,214.39","2,167.41","2,173.10",-9.01,-0.41,-0.41,"4,928,714,602.64",1/18/2023
613,"2,152.05","2,187.54","2,136.61","2,182.11",32.72,1.52,1.52,"3,724,794,587.76",1/17/2023
614,"2,203.84","2,235.49","2,144.41","2,149.39",-41.03,-1.87,-1.87,"5,477,624,724.37",1/12/2023
615,"2,215.35","2,277.35","2,179.25","2,190.42",-21.34,-0.96,-0.96,"7,658,823,579.86",1/10/2023
616,"2,171.46","2,211.77","2,161.42","2,211.76",47.15,2.18,2.18,"5,314,307,853.42",1/9/2023
617,"2,148.93","2,191.52","2,127.08","2,164.61",20.68,0.96,0.96,"5,459,925,001.18",1/8/2023
618,"2,134.88","2,159.82","2,113.51","2,143.93",18.09,0.85,0.85,"5,040,740,937.08",1/5/2023
619,"2,069.34","2,125.85","2,066.89","2,125.84",64.78,3.14,3.14,"3,501,142,097.42",1/4/2023
620,"2,066.02","2,081.09","2,051.20","2,061.06",-2.77,-0.15,-0.13,"3,458,089,787.92",1/3/2023
621,"2,047.46","2,070.31","2,028.74","2,063.83",17.57,0.86,0.86,"2,960,927,440.66",1/2/2023
622,"2,037.21","2,082.66","2,030.41","2,046.26",17.23,0.85,0.85,"4,048,879,510.19",1/1/2023
623,"1,973.18","2,029.03","1,962.71","2,029.03",56.88,2.88,2.88,"2,860,345,781.68",12/29/2022
624,"1,991.81","1,994.07","1,962.33","1,972.15",-11.8,-0.6,-0.59,"2,153,547,207.90",12/28/2022
625,"1,928.81","1,998.49","1,928.81","1,983.95",59.86,3.11,3.11,"3,884,396,997.97",12/27/2022
626,"1,868.18","1,924.09","1,868.18","1,924.09",56.88,3.05,3.05,"2,097,049,941.35",12/26/2022
627,"1,864.41","1,867.21","1,850.88","1,867.21",-0.01,0,0.00,"1,119,797,921.31",12/22/2022
628,"1,874.85","1,882.84","1,864.90","1,867.22",-5.89,-0.31,-0.31,"863,816,561.06",12/21/2022
629,"1,859.72","1,881.04","1,859.07","1,873.11",14.22,0.77,0.76,"930,839,901.14",12/20/2022
630,"1,855.19","1,864.87","1,849.44","1,858.89",3.83,0.21,0.21,"886,098,568.37",12/19/2022
631,"1,883.65","1,883.65","1,851.24","1,855.06",-27.54,-1.46,-1.46,"1,157,155,099.08",12/18/2022
632,"1,897.34","1,898.86","1,880.44","1,882.60",-14.48,-0.76,-0.76,"1,192,616,187.82",12/15/2022
633,"1,900.61","1,905.91","1,893.20","1,897.08",-2.62,-0.14,-0.14,"727,877,897.35",12/14/2022
634,"1,900.23","1,904.58","1,888.84","1,899.70",-2.57,-0.13,-0.14,"777,089,165.15",12/13/2022
635,"1,884.22","1,902.27","1,868.77","1,902.27",16.96,0.9,0.90,"1,366,010,464.02",12/12/2022
636,"1,916.04","1,918.03","1,883.23","1,885.31",-31.97,-1.67,-1.67,"1,103,404,045.08",12/11/2022
637,"1,935.08","1,935.86","1,916.77","1,917.28",-16.6,-0.86,-0.86,"1,654,662,550.98",12/7/2022
638,"1,941.08","1,943.63","1,922.20","1,933.88",-4.88,-0.25,-0.25,"965,210,899.14",12/6/2022
639,"1,964.79","1,965.26","1,935.76","1,938.76",-24.46,-1.25,-1.25,"1,670,455,034.63",12/5/2022
640,"1,961.07","1,973.39","1,957.36","1,963.22",2.16,0.11,0.11,"1,561,702,992.00",12/4/2022
641,"1,949.48","1,968.95","1,942.10","1,961.06",11.21,0.58,0.57,"1,322,972,185.64",12/1/2022
642,"1,953.07","1,955.60","1,943.37","1,949.85",-3.5,-0.18,-0.18,"842,695,301.98",11/30/2022
643,"1,951.31","1,957.83","1,933.97","1,953.35",2.98,0.15,0.15,"957,060,225.95",11/29/2022
644,"1,968.93","1,980.09","1,948.04","1,950.37",-15.61,-0.79,-0.79,"1,494,394,613.65",11/28/2022
645,"1,939.09","1,965.98","1,936.31","1,965.98",32.43,1.68,1.68,"2,025,489,052.13",11/27/2022
646,"1,922.72","1,933.55","1,916.45","1,933.55",11.56,0.6,0.60,"925,174,380.44",11/24/2022
647,"1,931.01","1,933.53","1,913.28","1,921.99",-7.71,-0.4,-0.40,"1,022,293,552.83",11/23/2022
648,"1,938.47","1,960.85","1,926.48","1,929.70",-7.13,-0.37,-0.37,"1,352,885,779.64",11/22/2022
649,"1,912.24","1,939.56","1,912.24","1,936.83",25.57,1.34,1.34,"1,715,419,286.41",11/17/2022
650,"1,898.70","1,914.27","1,898.70","1,911.26",13.4,0.71,0.71,"859,468,158.30",11/16/2022
651,"1,905.21","1,919.75","1,896.36","1,897.86",-6.59,-0.35,-0.35,"1,023,609,960.42",11/15/2022
652,"1,883.58","1,904.45","1,879.53","1,904.45",21.29,1.13,1.13,"946,089,521.22",11/14/2022
653,"1,892.94","1,901.04","1,879.80","1,883.16",-10.54,-0.56,-0.56,"774,911,706.64",11/13/2022
654,"1,919.10","1,929.00","1,889.93","1,893.70",-23.52,-1.23,-1.23,"1,119,461,411.39",11/10/2022
655,"1,957.76","1,967.63","1,914.28","1,917.22",-39.14,-2,-2.00,"1,407,395,437.00",11/9/2022
656,"1,959.22","1,965.96","1,948.45","1,956.36",-2.58,-0.13,-0.13,"1,053,137,466.97",11/8/2022
657,"1,968.07","1,987.26","1,955.72","1,958.94",-6.42,-0.33,-0.33,"2,109,163,383.68",11/7/2022
658,"1,924.20","1,965.38","1,919.90","1,965.36",43.2,2.25,2.25,"1,548,032,561.21",11/6/2022
659,"1,939.50","1,940.43","1,919.26","1,922.16",-16.14,-0.83,-0.83,"898,907,829.98",11/3/2022
660,"1,933.24","1,956.42","1,916.54","1,938.30",7.31,0.38,0.38,"1,467,914,875.04",11/2/2022
661,"1,876.55","1,930.98","1,871.98","1,930.99",56.11,2.99,2.99,"1,290,664,641.80",11/1/2022
662,"1,860.39","1,874.88","1,857.20","1,874.88",16.39,0.88,0.88,"697,317,611.31",10/31/2022
663,"1,844.50","1,858.49","1,843.82","1,858.49",14.35,0.78,0.78,"516,803,483.59",10/23/2022
664,"1,845.38","1,849.74","1,834.41","1,844.14",-1.38,-0.07,-0.07,"507,689,560.53",10/20/2022
665,"1,858.03","1,861.63","1,840.55","1,845.52",-12.81,-0.69,-0.69,"643,607,975.25",10/19/2022
666,"1,861.55","1,864.58","1,854.56","1,858.33",-2.61,-0.14,-0.14,"515,818,989.82",10/17/2022
667,"1,871.09","1,871.59","1,853.07","1,860.94",-9.69,-0.52,-0.52,"803,525,533.17",10/16/2022
668,"1,866.54","1,878.14","1,861.11","1,870.63",4.15,0.22,0.22,"829,646,920.43",10/13/2022
669,"1,854.57","1,872.75","1,848.36","1,866.48",11.32,0.61,0.61,"691,737,893.98",10/12/2022
670,"1,871.28","1,871.28","1,850.13","1,855.16",-16.06,-0.86,-0.86,"552,809,984.50",10/11/2022
671,"1,901.25","1,907.94","1,866.84","1,871.22",-27.16,-1.43,-1.43,"971,767,714.44",10/10/2022
672,"1,854.57","1,898.38","1,854.53","1,898.38",44.62,2.41,2.41,"836,873,139.83",10/9/2022
673,"1,836.84","1,853.76","1,835.97","1,853.76",16.3,0.89,0.89,"632,407,627.66",9/29/2022
674,"1,831.24","1,845.61","1,831.24","1,837.46",6.41,0.35,0.35,"485,408,767.82",9/28/2022
675,"1,814.71","1,842.06","1,814.71","1,831.05",15.92,0.88,0.88,"663,013,000.44",9/27/2022
676,"1,838.00","1,838.68","1,811.70","1,815.13",-23.83,-1.3,-1.30,"1,072,480,097.23",9/25/2022
677,"1,848.79","1,855.97","1,836.34","1,838.96",-9.84,-0.53,-0.53,"655,705,169.41",9/22/2022
678,"1,838.40","1,862.36","1,838.23","1,848.80",11.2,0.61,0.61,"721,259,884.67",9/21/2022
679,"1,875.41","1,876.82","1,833.72","1,837.60",-38.81,-2.07,-2.07,"1,229,669,722.27",9/20/2022
680,"1,910.20","1,910.90","1,874.40","1,876.41",-33.97,-1.78,-1.78,"1,601,822,954.98",9/18/2022
681,"1,921.05","1,921.05","1,886.91","1,910.38",-14.1,-0.73,-0.73,"908,186,487.98",9/16/2022
682,"1,983.26","1,989.85","1,920.45","1,924.48",-57,-2.88,-2.88,"2,125,655,787.38",9/15/2022
683,"1,936.37","1,984.12","1,936.37","1,981.48",47.44,2.45,2.45,"1,453,824,649.96",9/14/2022
684,"1,913.41","1,940.73","1,913.33","1,934.04",21.3,1.11,1.11,"922,574,409.66",9/13/2022
685,"1,926.45","1,928.65","1,907.11","1,912.74",-13.54,-0.7,-0.70,"831,603,650.57",9/12/2022
686,"1,938.20","1,946.39","1,922.47","1,926.28",-11.46,-0.59,-0.59,"747,226,625.36",9/11/2022
687,"1,940.19","1,947.69","1,925.48","1,937.74",-2.14,-0.11,-0.11,"1,044,440,646.77",9/8/2022
688,"1,951.21","1,955.77","1,933.32","1,939.88",-11.96,-0.61,-0.61,"826,230,582.89",9/7/2022
689,"1,974.13","1,977.86","1,947.33","1,951.84",-21.17,-1.07,-1.07,"1,190,765,612.98",9/6/2022
690,"1,978.30","1,987.50","1,970.91","1,973.01",-4.29,-0.22,-0.22,"909,904,751.01",9/5/2022
691,"1,971.86","1,988.25","1,969.60","1,977.30",6.68,0.34,0.34,"1,071,615,922.48",9/4/2022
692,"1,970.78","1,984.20","1,964.98","1,970.62",-1.67,-0.08,-0.08,"698,805,950.93",9/2/2022
693,"1,972.98","1,982.34","1,953.65","1,972.29",-1.09,-0.05,-0.06,"1,383,462,162.06",9/1/2022
694,"1,993.38","1,996.32","1,968.62","1,973.38",-21.96,-1.1,-1.10,"1,126,217,861.98",8/31/2022
695,"1,993.47","2,011.82","1,987.49","1,995.34",2.32,0.12,0.12,"1,019,516,696.18",8/30/2022
696,"1,989.37","1,995.59","1,975.24","1,993.02",3.76,0.19,0.19,"1,266,619,150.41",8/29/2022
697,"2,022.32","2,022.70","1,987.21","1,989.26",-33.36,-1.65,-1.65,"2,059,737,103.35",8/28/2022
698,"2,040.47","2,040.47","2,018.27","2,022.62",-16.92,-0.83,-0.83,"1,294,832,820.00",8/26/2022
699,"2,058.01","2,068.33","2,036.07","2,039.54",-18.3,-0.89,-0.89,"1,717,469,670.12",8/25/2022
700,"2,054.99","2,073.28","2,052.30","2,057.84",2.86,0.14,0.14,"1,526,186,217.86",8/24/2022
701,"2,053.35","2,059.92","2,049.04","2,054.98",1.85,0.09,0.09,"1,333,560,857.30",8/23/2022
702,"2,061.03","2,065.20","2,044.02","2,053.13",-7.42,-0.36,-0.36,"1,726,287,429.58",8/22/2022
703,"2,070.06","2,088.38","2,056.43","2,060.55",-7.71,-0.37,-0.37,"2,047,093,688.56",8/21/2022
704,"2,041.71","2,072.23","2,041.71","2,068.26",27.56,1.35,1.35,"2,057,980,056.54",8/18/2022
705,"2,043.62","2,052.90","2,035.52","2,040.70",-0.36,-0.02,-0.02,"1,405,974,256.29",8/17/2022
706,"2,069.38","2,088.22","2,035.55","2,041.06",-24.83,-1.2,-1.20,"2,734,853,057.65",8/16/2022
707,"2,007.19","2,065.89","2,004.29","2,065.89",55.88,2.78,2.78,"2,432,984,611.90",8/15/2022
708,"2,035.32","2,042.87","2,007.73","2,010.01",-27.91,-1.37,-1.37,"1,873,281,897.06",8/14/2022
709,"2,059.83","2,074.70","2,037.93","2,037.92",-18.96,-0.92,-0.92,"1,761,023,038.83",8/11/2022
710,"2,064.39","2,074.93","2,042.95","2,056.88",-5.92,-0.29,-0.29,"1,935,520,146.52",8/10/2022
711,"2,109.79","2,112.13","2,060.92","2,062.80",-43.35,-2.06,-2.06,"2,815,144,598.31",8/9/2022
712,"2,128.19","2,140.09","2,102.34","2,106.15",-17.67,-0.83,-0.83,"2,857,072,961.40",8/8/2022
713,"2,109.41","2,132.49","2,108.65","2,123.82",10.27,0.49,0.49,"2,673,338,232.35",8/7/2022
714,"2,150.47","2,150.47","2,109.01","2,113.55",-34.61,-1.61,-1.61,"2,626,154,947.80",8/5/2022
715,"2,191.49","2,192.66","2,148.16","2,148.16",-38.61,-1.77,-1.77,"3,768,079,173.00",8/4/2022
716,"2,196.13","2,213.70","2,183.80","2,186.77",-6.71,-0.31,-0.31,"4,029,931,439.75",8/3/2022
717,"2,198.06","2,202.72","2,170.32","2,193.48",-2.77,-0.13,-0.13,"3,293,234,705.72",8/2/2022
718,"2,205.77","2,223.99","2,183.55","2,196.25",1.15,0.05,0.05,"4,670,798,756.39",8/1/2022
719,"2,142.31","2,195.10","2,142.31","2,195.10",54.58,2.55,2.55,"4,609,971,271.65",7/31/2022
720,"2,130.32","2,147.31","2,117.53","2,140.52",13.05,0.61,0.61,"2,191,619,914.28",7/29/2022
721,"2,113.35","2,156.10","2,106.16","2,127.47",15.48,0.73,0.73,"4,976,433,105.02",7/28/2022
722,"2,089.01","2,111.99","2,066.08","2,111.99",23.83,1.14,1.14,"3,161,455,141.99",7/27/2022
723,"2,134.14","2,141.35","2,085.93","2,088.16",-44.8,-2.1,-2.10,"3,704,998,398.24",7/26/2022
724,"2,081.98","2,134.62","2,081.98","2,132.96",54.45,2.62,2.62,"4,106,818,941.36",7/25/2022
725,"2,027.80","2,078.51","2,027.80","2,078.51",61.05,3.03,3.03,"2,730,937,196.52",7/24/2022
726,"2,046.62","2,046.62","2,013.75","2,017.46",0,-1.33,0.00,"1,443,432,770.47",7/22/2022
1,"2,046.62","2,046.62","2,013.75","2,017.46",-27.26,-1.33,-1.33,"1,443,432,770.47",7/22/2022
2,"2,052.95","2,065.86","2,038.58","2,044.72",-5.87,-0.29,-0.29,"1,642,648,586.50",7/21/2022
3,"2,046.21","2,061.31","2,033.46","2,050.59",4.89,0.24,0.24,"1,731,832,270.04",7/20/2022
4,"2,029.71","2,062.07","2,029.29","2,045.70",16.27,0.8,0.80,"2,299,316,326.28",7/19/2022
5,"2,011.71","2,029.43","2,000.19","2,029.43",18.03,0.9,0.90,"1,312,962,959.61",7/18/2022
6,"2,010.92","2,018.85","1,994.75","2,011.40",1.94,0.1,0.10,"1,232,488,082.72",7/17/2022
7,"2,002.96","2,009.47","1,989.42","2,009.46",7.93,0.4,0.40,"1,456,259,832.87",7/15/2022
8,"1,987.32","2,011.72","1,977.26","2,001.53",14.71,0.74,0.74,"2,411,834,599.35",7/14/2022
9,"1,928.50","1,986.83","1,928.50","1,986.82",59.54,3.09,3.09,"2,044,443,007.47",7/13/2022
10,"1,916.41","1,947.53","1,908.89","1,927.28",11.67,0.61,0.61,"1,707,752,977.82",7/12/2022
11,"1,993.33","1,993.55","1,913.19","1,915.61",-77.01,-3.86,-3.86,"2,325,641,022.25",7/11/2022
12,"2,031.87","2,033.06","1,988.96","1,992.62",-34.7,-1.71,-1.71,"1,168,451,395.02",7/8/2022
13,"2,051.50","2,079.30","2,023.13","2,027.32",-16.6,-0.81,-0.81,"1,806,204,764.98",7/7/2022
14,"2,036.46","2,046.92","1,995.18","2,043.92",13.33,0.66,0.66,"2,178,655,700.71",7/6/2022
15,"2,078.63","2,091.29","2,026.37","2,030.59",-46.08,-2.22,-2.22,"2,968,485,223.95",7/5/2022
16,"2,095.62","2,148.16","2,059.25","2,076.67",-9.75,-0.47,-0.47,"4,349,273,593.20",7/4/2022
17,"2,028.79","2,086.42","2,021.00","2,086.42",57.65,2.84,2.84,"2,480,473,998.90",7/3/2022
18,"2,041.94","2,053.39","2,016.75","2,028.77",-8.87,-0.44,-0.44,"1,459,312,015.14",7/1/2022
19,"1,966.86","2,037.64","1,966.86","2,037.64",74.93,3.82,3.82,"2,458,619,494.89",6/30/2022
20,"1,925.74","1,963.48","1,915.44","1,962.71",41.4,2.15,2.15,"1,431,400,640.64",6/29/2022
21,"1,935.54","1,935.54","1,909.29","1,921.31",-11.82,-0.61,-0.61,"1,058,263,522.26",6/28/2022
22,"1,967.30","1,985.91","1,931.64","1,933.13",-23.85,-1.22,-1.22,"2,044,831,947.70",6/27/2022
23,"1,863.47","1,956.99","1,863.47","1,956.98",94.92,5.1,5.10,"2,196,141,848.83",6/26/2022
24,"1,848.38","1,878.97","1,807.18","1,862.06",13.78,0.75,0.75,"1,151,208,031.19",6/24/2022
25,"1,889.40","1,889.40","1,836.00","1,848.28",-45.25,-2.39,-2.39,"1,499,709,634.92",6/23/2022
26,"1,925.46","1,926.07","1,890.07","1,893.53",-31.21,-1.62,-1.62,"843,773,459.02",6/22/2022
27,"1,884.25","1,931.89","1,878.39","1,924.74",39.93,2.12,2.12,"1,253,757,714.92",6/21/2022
28,"1,934.03","1,934.08","1,880.01","1,884.81",-49.3,-2.55,-2.55,"1,750,600,171.41",6/20/2022
29,"1,971.84","1,973.79","1,929.24","1,934.11",-37.27,-1.89,-1.89,"1,134,091,212.35",6/19/2022
30,"1,981.21","1,990.88","1,967.23","1,971.38",-7.56,-0.38,-0.38,"736,312,157.98",6/17/2022
31,"1,966.89","1,993.40","1,950.93","1,978.94",12.57,0.64,0.64,"1,187,145,518.65",6/16/2022
32,"1,999.05","1,999.05","1,946.47","1,966.37",-29.89,-1.5,-1.50,"1,491,758,817.38",6/15/2022
33,"2,032.53","2,034.34","1,990.51","1,996.26",-36.08,-1.78,-1.78,"1,185,546,179.44",6/14/2022
34,"2,049.31","2,052.29","2,027.22","2,032.34",-15.82,-0.77,-0.77,"998,674,262.44",6/13/2022
35,"2,067.76","2,069.37","2,036.61","2,048.16",-14.65,-0.71,-0.71,"894,124,114.10",6/10/2022
36,"2,082.45","2,115.59","2,058.52","2,062.81",-17.64,-0.85,-0.85,"1,472,690,554.24",6/9/2022
37,"2,019.54","2,096.14","2,017.47","2,080.45",60.22,2.98,2.98,"1,640,356,608.04",6/8/2022
38,"2,065.19","2,065.19","2,016.81","2,020.23",-45.59,-2.21,-2.21,"1,312,806,562.64",6/7/2022
39,"2,079.60","2,093.08","2,054.29","2,065.82",-12.89,-0.62,-0.62,"1,273,385,276.82",6/6/2022
40,"2,113.13","2,117.03","2,072.08","2,078.71",-33.76,-1.6,-1.60,"1,307,359,540.80",6/3/2022
41,"2,130.35","2,142.46","2,107.97","2,112.47",-18.26,-0.86,-0.86,"1,161,514,168.66",6/2/2022
42,"2,138.06","2,154.03","2,119.53","2,130.73",-7.19,-0.34,-0.34,"1,078,484,181.94",6/1/2022
43,"2,172.02","2,172.02","2,126.81","2,137.92",-35.52,-1.63,-1.63,"1,317,699,089.62",5/31/2022
44,"2,227.43","2,232.23","2,175.91","2,173.44",-50.34,-2.26,-2.26,"1,338,856,282.36",5/30/2022
45,"2,242.46","2,250.37","2,214.94","2,223.78",-15.82,-0.71,-0.71,"1,298,905,589.57",5/27/2022
46,"2,240.61","2,245.18","2,222.90","2,239.60",8.03,0.36,0.36,"889,834,908.59",5/26/2022
47,"2,222.49","2,243.21","2,222.24","2,231.57",14.38,0.65,0.65,"1,044,626,939.45",5/25/2022
48,"2,203.14","2,227.36","2,190.69","2,217.19",16.31,0.74,0.74,"1,088,833,541.72",5/24/2022
49,"2,241.26","2,248.91","2,191.60","2,200.88",-34.21,-1.53,-1.53,"1,369,513,191.50",5/23/2022
50,"2,251.49","2,258.26","2,231.46","2,235.09",-15.82,-0.7,-0.70,"932,206,084.33",5/20/2022
51,"2,274.80","2,282.81","2,247.82","2,250.91",-23.51,-1.03,-1.03,"1,300,981,996.43",5/19/2022
52,"2,262.99","2,281.82","2,238.04","2,274.42",8.9,0.39,0.39,"1,326,320,346.01",5/18/2022
53,"2,350.43","2,350.43","2,264.87","2,265.52",-84.9,-3.61,-3.61,"1,644,096,192.85",5/17/2022
54,"2,373.38","2,388.49","2,343.95","2,350.42",-18.64,-0.79,-0.79,"2,328,434,272.92",5/12/2022
55,"2,313.28","2,369.07","2,313.28","2,369.06",56.06,2.42,2.42,"2,163,990,743.33",5/11/2022
56,"2,269.36","2,313.00","2,269.20","2,313.00",44.15,1.95,1.95,"1,356,687,468.49",5/10/2022
57,"2,263.06","2,289.27","2,255.73","2,268.85",12.27,0.54,0.54,"1,390,607,701.93",5/9/2022
58,"2,238.81","2,256.58","2,204.47","2,256.58",17.96,0.8,0.80,"1,326,421,671.70",5/8/2022
59,"2,275.43","2,275.43","2,226.61","2,238.62",-37.07,-1.63,-1.63,"1,654,561,472.53",5/5/2022
60,"2,310.51","2,312.07","2,269.87","2,275.69",-31.75,-1.38,-1.38,"1,269,219,421.49",5/4/2022
61,"2,358.24","2,359.27","2,303.70","2,307.44",-48.73,-2.07,-2.07,"1,423,498,292.37",5/2/2022
62,"2,380.16","2,390.11","2,351.57","2,356.17",-20,-0.84,-0.84,"1,496,246,808.20",4/28/2022
63,"2,373.10","2,376.20","2,348.76","2,376.17",5.18,0.22,0.22,"1,089,992,035.93",4/27/2022
64,"2,386.04","2,401.57","2,358.82","2,370.99",-15.03,-0.63,-0.63,"1,046,014,417.20",4/26/2022
65,"2,423.74","2,443.95","2,382.37","2,386.02",-34.95,-1.44,-1.44,"2,042,253,182.30",4/25/2022
66,"2,331.51","2,430.07","2,331.51","2,420.97",95.52,4.11,4.11,"2,531,275,592.84",4/24/2022
67,"2,327.08","2,333.18","2,287.00","2,325.45",4.93,0.21,0.21,"1,629,168,847.89",4/21/2022
68,"2,364.47","2,367.03","2,317.01","2,320.52",-36.73,-1.56,-1.56,"1,458,737,755.45",4/20/2022
69,"2,347.21","2,372.21","2,314.80","2,357.25",13.38,0.57,0.57,"1,326,865,931.83",4/19/2022
70,"2,386.66","2,387.12","2,342.04","2,343.87",-41.78,-1.75,-1.75,"1,530,692,955.67",4/18/2022
71,"2,422.34","2,437.42","2,380.16","2,385.65",-29.6,-1.23,-1.23,"1,440,723,182.32",4/17/2022
72,"2,385.24","2,415.25","2,367.02","2,415.25",30.24,1.27,1.27,"1,476,318,104.44",4/13/2022
73,"2,424.71","2,428.57","2,379.57","2,385.01",-34.79,-1.44,-1.44,"1,524,364,418.10",4/12/2022
74,"2,471.81","2,508.88","2,416.22","2,419.80",-44.56,-1.81,-1.81,"2,260,786,628.14",4/11/2022
75,"2,427.97","2,475.78","2,427.97","2,464.36",35.7,1.47,1.47,"2,121,511,279.53",4/7/2022
76,"2,451.81","2,457.61","2,417.08","2,428.66",-23.41,-0.95,-0.95,"1,995,964,384.22",4/6/2022
77,"2,507.77","2,507.77","2,434.56","2,452.07",-46.46,-1.86,-1.86,"2,671,232,388.39",4/5/2022
78,"2,517.41","2,525.24","2,497.48","2,498.53",-14.89,-0.59,-0.59,"1,584,671,562.02",4/4/2022
79,"2,544.48","2,546.65","2,510.69","2,513.42",-30.89,-1.21,-1.21,"1,460,773,729.18",4/3/2022
80,"2,568.76","2,584.22","2,538.78","2,544.31",-23.95,-0.93,-0.93,"1,890,164,686.39",3/31/2022
81,"2,527.77","2,568.26","2,516.12","2,568.26",40.68,1.61,1.61,"2,250,117,296.35",3/30/2022
82,"2,542.65","2,561.98","2,520.19","2,527.58",-14.26,-0.56,-0.56,"1,750,628,199.30",3/29/2022
83,"2,574.12","2,580.26","2,538.22","2,541.84",-30.42,-1.18,-1.18,"2,545,321,813.93",3/28/2022
84,"2,623.20","2,641.51","2,569.02","2,572.26",-41.41,-1.58,-1.58,"4,989,514,415.77",3/27/2022
85,"2,630.93","2,638.62","2,611.96","2,613.67",-16.69,-0.63,-0.63,"3,248,943,824.64",3/24/2022
86,"2,651.41","2,653.24","2,623.08","2,630.36",-20.34,-0.77,-0.77,"2,046,352,547.24",3/23/2022
87,"2,634.42","2,658.06","2,634.42","2,650.70",16.04,0.61,0.61,"2,518,894,178.29",3/22/2022
88,"2,620.13","2,634.66","2,601.36","2,634.66",18.07,0.69,0.69,"2,592,718,131.44",3/21/2022
89,"2,634.11","2,643.81","2,607.98","2,616.59",-14.66,-0.56,-0.56,"2,274,626,190.52",3/20/2022
90,"2,653.57","2,660.64","2,626.02","2,631.25",-19.72,-0.74,-0.74,"2,570,401,188.08",3/16/2022
91,"2,673.55","2,675.83","2,637.23","2,650.97",-17.14,-0.64,-0.64,"3,364,229,175.35",3/15/2022
92,"2,677.97","2,682.57","2,650.42","2,668.11",0.14,0.01,0.01,"1,342,232,838.50",3/14/2022
93,"2,575.27","2,667.97","2,575.27","2,667.97",101.07,3.94,3.94,"4,870,715,387.13",3/13/2022
94,"2,512.04","2,566.90","2,499.03","2,566.90",52.32,2.08,2.08,"2,791,872,969.76",3/10/2022
95,"2,542.42","2,557.08","2,504.48","2,514.58",-30.36,-1.19,-1.19,"2,352,317,142.03",3/9/2022
96,"2,542.66","2,566.29","2,538.44","2,544.94",1.55,0.06,0.06,"2,600,930,402.61",3/7/2022
97,"2,542.57","2,568.11","2,528.15","2,543.39",-3.65,-0.14,-0.14,"2,493,241,272.52",3/6/2022
98,"2,612.51","2,612.51","2,542.77","2,547.04",-63.54,-2.43,-2.43,"3,621,143,979.32",3/2/2022
99,"2,662.26","2,683.47","2,607.00","2,610.58",-43.12,-1.62,-1.62,"3,660,189,867.56",2/28/2022
100,"2,660.39","2,680.39","2,638.64","2,653.70",-7.74,-0.29,-0.29,"3,273,065,909.76",2/27/2022
101,"2,715.44","2,715.44","2,654.98","2,661.44",-58.99,-2.17,-2.17,"4,293,864,191.66",2/24/2022
102,"2,732.48","2,747.18","2,716.44","2,720.43",-15.5,-0.57,-0.57,"3,131,210,281.88",2/23/2022
103,"2,719.89","2,750.09","2,719.89","2,735.93",17.42,0.64,0.64,"3,212,887,822.11",2/22/2022
104,"2,695.26","2,718.81","2,694.16","2,718.51",25.41,0.94,0.94,"2,997,681,072.21",2/21/2022
105,"2,713.52","2,715.83","2,670.39","2,693.10",-39.41,-1.44,-1.44,"4,086,474,828.31",2/20/2022
106,"2,735.33","2,745.21","2,723.77","2,732.51",-1.93,-0.07,-0.07,"2,278,173,660.05",2/17/2022
107,"2,759.37","2,771.69","2,725.34","2,734.44",-19.85,-0.72,-0.72,"3,026,330,784.14",2/16/2022
108,"2,703.35","2,754.29","2,703.35","2,754.29",53.31,1.97,1.97,"3,233,318,614.47",2/15/2022
109,"2,697.37","2,728.13","2,695.12","2,700.98",0.09,0,0.00,"3,684,009,915.07",2/14/2022
110,"2,783.89","2,783.89","2,697.78","2,700.89",-100.67,-3.59,-3.59,"5,977,214,730.64",2/13/2022
111,"2,813.33","2,825.33","2,791.10","2,801.56",-11.96,-0.43,-0.43,"3,829,533,350.00",2/10/2022
112,"2,837.33","2,837.33","2,800.08","2,813.52",-22.06,-0.78,-0.78,"3,471,109,182.00",2/9/2022
113,"2,877.58","2,921.18","2,826.35","2,835.58",-16.3,-0.57,-0.57,"6,287,217,985.00",2/8/2022
114,"2,834.26","2,853.78","2,822.88","2,851.88",15.71,0.55,0.55,"5,022,017,181.00",2/7/2022
115,"2,877.04","2,877.04","2,829.17","2,836.17",-40.57,-1.41,-1.41,"5,836,414,510.47",2/6/2022
116,"2,898.61","2,925.05","2,871.82","2,876.74",-14.59,-0.5,-0.50,"8,612,174,162.00",2/3/2022
117,"2,875.74","2,896.47","2,856.68","2,891.33",19.28,0.67,0.67,"6,574,842,418.00",2/1/2022
118,"2,895.77","2,907.61","2,860.92","2,872.05",-13.48,-0.47,-0.47,"5,154,177,598.00",1/31/2022
119,"2,805.01","2,885.53","2,805.01","2,885.53",105.55,3.8,3.80,"6,324,274,039.00",1/30/2022
120,"2,778.89","2,803.75","2,776.88","2,779.98",3.33,0.12,0.12,"3,343,413,684.00",1/27/2022
121,"2,817.17","2,819.74","2,761.28","2,776.65",-38.41,-1.36,-1.36,"4,313,154,042.17",1/26/2022
122,"2,827.75","2,857.61","2,781.48","2,815.06",-5.59,-0.2,-0.20,"5,395,672,627.02",1/25/2022
123,"2,926.12","2,926.12","2,804.07","2,820.65",-99.86,-3.42,-3.42,"8,888,513,178.00",1/24/2022
124,"2,942.97","2,961.93","2,906.28","2,920.51",-10.83,-0.37,-0.37,"7,030,508,263.00",1/23/2022
125,"2,901.51","2,931.34","2,884.91","2,931.34",33.03,1.14,1.14,"5,773,120,409.17",1/20/2022
126,"2,945.63","2,950.14","2,890.00","2,898.31",-38.35,-1.31,-1.31,"6,021,311,881.03",1/19/2022
127,"2,953.11","2,981.35","2,916.06","2,936.66",-10.77,-0.37,-0.37,"8,443,419,561.86",1/18/2022
128,"2,944.92","2,955.60","2,907.95","2,947.43",20.69,0.71,0.71,"7,901,890,668.00",1/17/2022
129,"2,873.42","2,940.13","2,873.42","2,926.74",68.99,2.41,2.41,"9,676,317,059.00",1/16/2022
130,"2,808.80","2,857.75","2,802.80","2,857.75",54.13,1.93,1.93,"6,669,748,567.76",1/13/2022
131,"2,839.87","2,874.80","2,796.66","2,803.62",-30.51,-1.08,-1.08,"8,033,212,742.00",1/12/2022
132,"2,792.63","2,847.38","2,771.64","2,834.13",49.18,1.77,1.77,"6,724,526,197.50",1/11/2022
133,"2,772.09","2,804.84","2,756.03","2,784.95",19.44,0.7,0.70,"7,123,424,035.00",1/10/2022
134,"2,699.87","2,770.06","2,699.87","2,765.51",73.04,2.71,2.71,"7,101,831,591.11",1/9/2022
135,"2,647.76","2,692.47","2,633.91","2,692.47",43.29,1.63,1.63,"3,676,846,349.00",1/6/2022
136,"2,687.75","2,699.94","2,641.61","2,649.18",-30.77,-1.15,-1.15,"4,621,598,583.00",1/5/2022
137,"2,619.22","2,679.95","2,594.22","2,679.95",63.01,2.41,2.41,"4,320,269,828.00",1/4/2022
138,"2,595.22","2,634.54","2,594.04","2,616.94",32.03,1.24,1.24,"4,533,017,178.57",1/3/2022
139,"2,538.25","2,584.91","2,529.88","2,584.91",60.41,2.39,2.39,"4,126,980,067.52",1/2/2022
140,"2,520.55","2,538.65","2,513.14","2,524.50",5.51,0.22,0.22,"3,623,480,292.00",12/29/2021
141,"2,523.87","2,533.26","2,487.41","2,518.99",-2.66,-0.11,-0.11,"3,125,575,632.00",12/28/2021
142,"2,600.21","2,615.47","2,518.80","2,521.65",-69.77,-2.69,-2.69,"5,607,439,671.00",12/27/2021
143,"2,531.43","2,595.71","2,531.43","2,591.42",71.19,2.82,2.82,"5,173,200,503.00",12/26/2021
144,"2,522.51","2,542.11","2,485.55","2,520.23",12.53,0.5,0.50,"4,490,266,410.00",12/23/2021
145,"2,425.05","2,508.46","2,425.05","2,507.70",92.15,3.82,3.81,"4,523,338,143.00",12/22/2021
146,"2,360.33","2,415.55","2,360.33","2,415.55",56.74,2.41,2.41,"2,383,259,847.00",12/21/2021
147,"2,390.81","2,390.81","2,346.96","2,358.81",-17.93,-0.75,-0.75,"2,464,689,863.00",12/20/2021
148,"2,415.77","2,417.21","2,372.87","2,376.74",-37.88,-1.57,-1.57,"2,301,751,968.00",12/16/2021
149,"2,433.20","2,490.62","2,379.30","2,414.62",-4.23,-0.17,-0.17,"4,588,390,678.00",12/15/2021
150,"2,283.67","2,418.85","2,283.67","2,418.85",137.18,6.01,6.01,"1,842,647,144.00",12/14/2021
151,"2,351.93","2,351.93","2,259.63","2,281.67",-79.6,-3.37,-3.37,"3,995,604,178.00",12/13/2021
152,"2,448.66","2,455.56","2,360.67","2,361.27",-88.7,-3.62,-3.62,"3,382,509,520.00",12/12/2021
153,"2,454.41","2,464.70","2,428.84","2,449.97",-5.83,-0.24,-0.24,"2,673,308,792.00",12/9/2021
154,"2,508.28","2,511.60","2,448.91","2,455.80",-53.1,-2.12,-2.12,"2,663,909,620.00",12/8/2021
155,"2,549.36","2,590.39","2,506.61","2,508.90",-37.18,-1.46,-1.46,"3,128,341,700.27",12/7/2021
156,"2,508.96","2,548.98","2,440.24","2,546.08",32.21,1.28,1.28,"4,542,345,271.00",12/6/2021
157,"2,586.82","2,586.95","2,505.13","2,513.87",-72.32,-2.8,-2.80,"4,090,765,325.00",12/5/2021
158,"2,633.63","2,641.96","2,580.68","2,586.19",-47.46,-1.8,-1.80,"3,413,589,126.00",12/2/2021
159,"2,628.68","2,649.80","2,628.68","2,633.65",5.28,0.2,0.20,"2,742,085,704.00",12/1/2021
160,"2,630.32","2,647.85","2,604.43","2,628.37",-1.6,-0.06,-0.06,"3,089,041,991.00",11/30/2021
161,"2,650.54","2,677.63","2,622.32","2,629.97",-21.52,-0.81,-0.81,"4,008,937,133.00",11/29/2021
162,"2,730.75","2,730.75","2,644.91","2,651.49",-80.29,-2.94,-2.94,"5,835,135,055.00",11/28/2021
163,"2,736.84","2,746.06","2,721.38","2,731.78",-3.22,-0.12,-0.12,"3,789,709,331.00",11/25/2021
164,"2,737.09","2,742.35","2,694.62","2,735.00",1.88,0.07,0.07,"4,217,415,337.00",11/24/2021
165,"2,765.67","2,765.67","2,720.03","2,733.12",-32.31,-1.17,-1.17,"4,165,896,578.00",11/23/2021
166,"2,758.99","2,777.86","2,758.98","2,765.43",7.9,0.29,0.29,"3,929,261,627.00",11/22/2021
167,"2,771.75","2,779.84","2,750.01","2,757.53",-11.6,-0.42,-0.42,"4,357,309,319.00",11/21/2021
168,"2,806.13","2,808.72","2,760.79","2,769.13",-32.39,-1.16,-1.16,"6,271,867,230.00",11/18/2021
169,"2,795.19","2,825.89","2,795.19","2,801.52",16.94,0.61,0.61,"7,379,446,820.00",11/17/2021
170,"2,720.59","2,784.58","2,717.92","2,784.58",69.23,2.55,2.55,"5,521,650,856.75",11/16/2021
171,"2,688.06","2,728.32","2,685.81","2,715.35",26.43,0.98,0.98,"4,734,651,444.00",11/15/2021
172,"2,694.05","2,704.47","2,668.82","2,688.92",-1.37,-0.05,-0.05,"4,096,219,525.40",11/14/2021
173,"2,750.03","2,750.03","2,687.83","2,690.29",-59.56,-2.17,-2.17,"5,119,602,540.00",11/11/2021
174,"2,831.00","2,831.81","2,730.44","2,749.85",-79.79,-2.82,-2.82,"6,527,729,547.00",11/9/2021
175,"2,854.38","2,862.96","2,821.73","2,829.64",-19.2,-0.67,-0.67,"4,420,719,103.00",11/8/2021
176,"2,858.74","2,877.81","2,837.81","2,848.84",5.22,0.18,0.18,"6,553,059,152.00",11/3/2021
177,"2,824.83","2,845.06","2,789.59","2,843.62",23.76,0.84,0.84,"6,073,716,888.00",11/2/2021
178,"2,852.32","2,865.81","2,804.84","2,819.86",-17.75,-0.63,-0.63,"7,777,510,778.00",11/1/2021
179,"2,785.95","2,837.74","2,776.05","2,837.61",55.45,1.99,1.99,"7,823,226,493.00",10/31/2021
180,"2,768.88","2,783.67","2,747.59","2,782.16",13.03,0.47,0.47,"5,395,268,628.00",10/28/2021
181,"2,753.40","2,806.65","2,717.57","2,769.13",18.06,0.66,0.66,"6,612,648,840.00",10/27/2021
182,"2,678.86","2,751.09","2,678.86","2,751.07",78.82,2.95,2.95,"6,318,340,932.00",10/26/2021
183,"2,588.75","2,672.25","2,588.75","2,672.25",87.73,3.39,3.39,"4,308,895,575.00",10/25/2021
184,"2,557.00","2,587.36","2,546.39","2,584.52",27.57,1.08,1.08,"2,773,420,135.00",10/24/2021
185,"2,573.05","2,585.21","2,543.11","2,556.95",-14.71,-0.57,-0.57,"2,635,390,460.00",10/21/2021
186,"2,522.20","2,589.46","2,522.20","2,571.66",60.93,2.41,2.43,"2,679,028,155.00",10/20/2021
187,"2,588.24","2,588.24","2,482.14","2,510.73",-76.72,-2.99,-2.97,"3,783,422,995.00",10/19/2021
188,"2,656.04","2,656.04","2,582.71","2,587.45",-69.51,-2.62,-2.62,"2,966,899,791.00",10/18/2021
189,"2,644.41","2,665.42","2,625.13","2,656.96",17.59,0.67,0.67,"1,497,375,371.00",10/17/2021
190,"2,667.59","2,669.51","2,616.75","2,639.37",-23.21,-0.87,-0.87,"3,639,468,093.00",10/11/2021
191,"2,687.19","2,718.53","2,654.75","2,662.58",-18.52,-0.69,-0.69,"4,498,043,581.00",10/10/2021
192,"2,614.74","2,681.10","2,614.74","2,681.10",68.45,2.62,2.62,"4,500,658,142.00",10/6/2021
193,"2,569.79","2,619.85","2,569.79","2,612.65",41.84,1.63,1.63,"2,996,819,683.00",10/5/2021
194,"2,577.36","2,596.31","2,542.11","2,570.81",-6.68,-0.26,-0.26,"3,627,799,935.00",10/4/2021
195,"2,637.36","2,640.41","2,573.31","2,577.49",-55.93,-2.12,-2.12,"4,113,814,246.00",10/3/2021
196,"2,667.45","2,687.02","2,630.58","2,633.42",-32.51,-1.22,-1.22,"3,700,029,507.00",9/30/2021
197,"2,616.78","2,665.93","2,579.82","2,665.93",50.53,1.93,1.93,"5,028,555,092.00",9/29/2021
198,"2,683.60","2,694.97","2,602.38","2,615.40",-70.01,-2.61,-2.61,"5,745,488,179.00",9/28/2021
199,"2,762.60","2,769.10","2,678.36","2,685.41",-73.07,-2.65,-2.65,"5,120,973,096.00",9/27/2021
200,"2,836.36","2,844.09","2,756.51","2,758.48",-61.17,-2.17,-2.17,"6,500,117,780.00",9/26/2021
201,"2,833.52","2,882.32","2,804.53","2,819.65",2.7,0.1,0.10,"7,726,371,029.00",9/23/2021
202,"2,719.91","2,818.86","2,719.91","2,816.95",104.88,3.87,3.87,"6,179,300,158.00",9/22/2021
203,"2,693.42","2,766.41","2,615.49","2,712.07",13.83,0.51,0.51,"7,364,798,652.00",9/21/2021
204,"2,817.98","2,818.49","2,698.24","2,698.24",-114.14,-4.05,-4.06,"8,493,401,009.00",9/20/2021
205,"2,889.21","2,889.21","2,795.51","2,812.38",-76.65,-2.65,-2.65,"9,033,900,623.00",9/16/2021
206,"2,933.23","2,936.77","2,882.10","2,889.03",-40.25,-1.37,-1.37,"5,358,097,251.00",9/15/2021
207,"2,950.37","2,963.65","2,916.77","2,929.28",-18.41,-0.63,-0.62,"5,195,295,443.00",9/14/2021
208,"2,962.81","2,984.28","2,939.96","2,947.69",0.27,0.01,0.01,"9,290,554,155.00",9/13/2021
209,"2,887.50","2,947.42","2,887.50","2,947.42",71.45,2.48,2.48,"9,440,035,244.00",9/12/2021
210,"2,880.54","2,911.82","2,866.05","2,875.97",-0.62,-0.02,-0.02,"7,050,770,070.00",9/9/2021
211,"2,940.91","2,940.91","2,874.07","2,876.59",-60.01,-2.04,-2.04,"6,646,623,427.00",9/8/2021
212,"2,999.62","3,001.10","2,913.01","2,936.60",-44.18,-1.48,-1.48,"7,495,812,161.00",9/7/2021
213,"2,816.93","2,980.79","2,805.00","2,980.78",162.06,5.74,5.75,"9,826,222,807.00",9/6/2021
214,"2,928.80","2,928.80","2,779.33","2,818.72",-108.17,-3.7,-3.70,"11,240,391,045.00",9/5/2021
215,"2,976.17","2,993.40","2,916.26","2,926.89",-50.13,-1.68,-1.68,"9,505,970,822.00",9/2/2021
216,"2,977.28","3,018.64","2,961.12","2,977.02",1.18,0.04,0.04,"9,351,799,655.00",9/1/2021
217,"3,047.26","3,047.26","2,970.51","2,975.84",-69.02,-2.27,-2.27,"13,259,696,107.00",8/31/2021
218,"3,105.74","3,115.80","3,039.03","3,044.86",-49.19,-1.59,-1.59,"15,651,244,505.00",8/29/2021
219,"3,085.04","3,107.57","3,069.88","3,094.05",17.6,0.57,0.57,"13,421,974,792.00",8/26/2021
220,"3,126.02","3,126.02","3,068.90","3,076.45",-48.42,-1.55,-1.55,"12,092,103,504.00",8/25/2021
221,"3,186.47","3,186.47","3,122.31","3,124.87",-55.91,-1.76,-1.76,"16,124,468,060.00",8/24/2021
222,"3,208.53","3,226.89","3,178.58","3,180.78",-17.82,-0.57,-0.56,"20,499,210,767.00",8/19/2021
223,"3,172.29","3,220.33","3,154.10","3,198.60",38.29,1.21,1.21,"21,313,489,269.00",8/18/2021
224,"3,165.69","3,176.31","3,154.98","3,160.31",0.26,0.01,0.01,"18,204,939,237.00",8/17/2021
225,"3,165.09","3,169.18","3,138.10","3,160.05",6.02,0.18,0.19,"15,930,897,938.00",8/16/2021
226,"3,170.65","3,187.14","3,105.32","3,154.03",-24.97,-0.78,-0.79,"21,647,600,655.00",8/15/2021
227,"3,172.75","3,188.93","3,167.79","3,179.00",16.41,0.52,0.52,"17,513,276,115.00",8/12/2021
228,"3,172.54","3,197.00","3,158.73","3,162.59",1.15,0.03,0.04,"15,455,941,754.00",8/11/2021
229,"3,120.29","3,164.34","3,114.77","3,161.44",51.78,1.67,1.67,"17,846,147,279.00",8/10/2021
230,"3,113.95","3,121.72","3,098.90","3,109.66",1.54,0.05,0.05,"14,137,338,881.00",8/9/2021
231,"3,117.02","3,121.14","3,099.18","3,108.12",0.67,0.02,0.02,"14,308,136,887.00",8/8/2021
232,"3,130.54","3,136.79","3,102.08","3,107.45",-15.79,-0.51,-0.51,"14,316,249,965.00",8/5/2021
233,"3,126.99","3,140.38","3,121.13","3,123.24",12.15,0.39,0.39,"15,595,794,271.00",8/4/2021
234,"3,094.24","3,111.09","3,092.61","3,111.09",26.02,0.84,0.84,"11,529,217,775.00",8/3/2021
235,"3,087.91","3,100.80","3,079.48","3,085.07",4.02,0.13,0.13,"10,983,599,094.00",8/2/2021
236,"3,088.44","3,097.67","3,075.90","3,081.05",1.22,0.04,0.04,"12,103,871,862.00",8/1/2021
237,"3,103.53","3,107.00","3,076.75","3,079.83",-15.11,-0.49,-0.49,"10,905,830,064.00",7/29/2021
238,"3,088.45","3,111.28","3,076.04","3,094.94",15.27,0.5,0.50,"13,291,954,535.00",7/28/2021
239,"3,030.51","3,085.80","3,002.10","3,079.67",29.25,0.96,0.96,"15,170,651,643.00",7/27/2021
240,"3,072.92","3,075.51","3,041.94","3,050.42",-8.21,-0.27,-0.27,"14,139,785,431.00",7/26/2021
241,"3,017.56","3,058.63","3,017.56","3,058.63",54.32,1.81,1.81,"14,232,417,472.00",7/25/2021
242,"2,990.90","3,018.27","2,987.45","3,004.31",18.74,0.63,0.63,"11,114,121,616.00",7/22/2021
243,"3,005.43","3,005.43","2,975.71","2,985.57",-9.01,-0.3,-0.30,"7,897,594,269.00",7/20/2021
244,"3,003.47","3,031.87","2,981.91","2,994.58",13.97,0.47,0.47,"11,813,754,607.00",7/19/2021
245,"2,892.47","2,980.61","2,892.47","2,980.61",97.23,3.37,3.37,"11,638,126,493.00",7/18/2021
246,"2,885.40","2,890.20","2,877.32","2,883.38",11.33,0.39,0.39,"8,143,614,302.00",7/15/2021
247,"2,882.06","2,883.19","2,857.87","2,872.05",1.02,0.04,0.04,"5,654,576,205.00",7/14/2021
248,"2,867.15","2,884.09","2,847.34","2,871.03",16.27,0.57,0.57,"5,546,356,224.00",7/13/2021
249,"2,915.56","2,929.70","2,843.17","2,854.76",-45.06,-1.55,-1.55,"9,980,026,527.00",7/12/2021
250,"2,845.43","2,899.82","2,845.43","2,899.82",74.72,2.64,2.64,"8,061,382,496.00",7/11/2021
251,"2,815.28","2,832.54","2,793.43","2,825.10",23.97,0.86,0.86,"4,815,520,294.00",7/8/2021
252,"2,815.49","2,825.74","2,794.38","2,801.13",-16.97,-0.6,-0.60,"4,585,861,976.00",7/7/2021
253,"2,829.99","2,834.77","2,813.39","2,818.10",-4.63,-0.19,-0.16,"4,224,018,255.00",7/6/2021
254,"2,845.50","2,846.70","2,814.82","2,822.73",-11.78,-0.42,-0.42,"4,582,212,579.00",7/5/2021
255,"2,852.24","2,857.63","2,832.56","2,834.51",-8.49,-0.3,-0.30,"5,053,538,257.00",7/4/2021
256,"2,833.52","2,867.02","2,833.52","2,843.00",19.13,0.68,0.68,"6,707,775,484.00",7/1/2021
257,"2,835.66","2,844.02","2,782.21","2,823.87",-4.13,-0.15,-0.15,"5,838,551,435.00",6/30/2021
258,"2,880.33","2,888.39","2,823.74","2,828.00",-47.49,-1.65,-1.65,"6,726,361,869.00",6/29/2021
259,"2,898.42","2,900.89","2,861.58","2,875.49",5.11,0.18,0.18,"7,725,512,716.00",6/28/2021
260,"2,856.05","2,882.62","2,835.51","2,870.38",27.38,0.96,0.96,"7,167,432,728.00",6/27/2021
261,"2,871.65","2,872.51","2,833.53","2,843.00",-19.18,-0.59,-0.67,"7,033,603,740.00",6/24/2021
262,"2,939.04","2,939.04","2,857.17","2,862.18",-51.66,-1.77,-1.77,"8,362,671,681.00",6/23/2021
263,"2,844.70","2,913.84","2,825.03","2,913.84",79.44,2.8,2.80,"10,286,269,957.00",6/22/2021
264,"2,924.07","2,924.07","2,828.73","2,834.40",-70.74,-2.45,-2.43,"11,845,454,604.00",6/21/2021
265,"2,975.25","2,978.26","2,881.01","2,905.14",-63.29,-2.13,-2.13,"11,819,428,289.00",6/20/2021
266,"2,982.87","2,989.53","2,945.42","2,968.43",-1.26,-0.04,-0.04,"10,904,958,935.00",6/17/2021
267,"2,989.55","3,030.43","2,943.95","2,969.69",-52.41,-1.73,-1.73,"15,484,479,319.00",6/16/2021
268,"3,061.81","3,063.06","3,013.77","3,022.10",-3.72,-0.12,-0.12,"16,528,749,739.00",6/15/2021
269,"3,009.46","3,051.02","3,009.46","3,025.82",42.72,1.43,1.43,"18,884,031,519.00",6/14/2021
270,"2,965.77","2,983.10","2,957.33","2,983.10",38.32,1.3,1.30,"19,550,166,636.00",6/13/2021
271,"2,968.09","2,969.35","2,926.15","2,944.78",-1.8,-0.06,-0.06,"16,100,412,436.00",6/10/2021
272,"2,995.08","3,005.00","2,934.98","2,946.58",-13.56,-0.46,-0.46,"16,997,092,703.00",6/9/2021
273,"2,931.17","2,960.14","2,926.51","2,960.14",53.44,1.84,1.84,"16,951,299,040.00",6/8/2021
274,"2,928.09","2,932.39","2,892.98","2,906.70",-0.19,-0.01,-0.01,"15,818,659,063.00",6/7/2021
275,"2,884.07","2,919.10","2,884.74","2,906.89",50.22,1.75,1.76,"17,271,787,525.00",6/6/2021
276,"2,833.84","2,875.04","2,833.84","2,856.67",29.55,1.05,1.05,"16,907,020,286.00",6/3/2021
277,"2,793.22","2,827.12","2,771.42","2,827.12",55.97,2.01,2.02,"11,351,815,356.00",6/2/2021
278,"2,790.71","2,799.07","2,751.44","2,771.15",-11.53,-0.42,-0.41,"8,598,160,117.00",6/1/2021
279,"2,842.28","2,849.26","2,781.69","2,782.68",-45.25,-1.6,-1.60,"13,909,113,291.00",5/31/2021
280,"2,836.11","2,854.48","2,815.86","2,827.93",12.54,0.45,0.45,"17,028,432,245.00",5/30/2021
281,"2,784.59","2,835.39","2,763.19","2,815.39",-1.17,-0.04,-0.04,"14,768,808,492.00",5/27/2021
282,"2,828.06","2,836.10","2,804.44","2,816.56",-6.5,-0.23,-0.23,"11,133,398,108.00",5/25/2021
283,"2,840.21","2,850.55","2,807.95","2,823.06",3.06,0.11,0.11,"13,175,353,188.00",5/24/2021
284,"2,768.86","2,820.00","2,738.70","2,820.00",32.82,1.18,1.18,"11,695,034,728.00",5/23/2021
285,"2,807.52","2,807.52","2,776.17","2,787.18",6.37,0.23,0.23,"9,305,222,004.00",5/20/2021
286,"2,816.26","2,821.86","2,769.72","2,780.81",-13.08,-0.47,-0.47,"11,958,097,411.00",5/19/2021
287,"2,780.70","2,794.28","2,767.25","2,793.89",34.68,1.26,1.26,"11,359,360,092.00",5/18/2021
288,"2,748.83","2,770.86","2,748.04","2,759.21",20.92,0.76,0.76,"9,576,361,139.00",5/17/2021
289,"2,693.90","2,738.29","2,693.90","2,738.29",54.28,2.02,2.02,"10,026,628,116.00",5/16/2021
290,"2,701.82","2,701.82","2,679.18","2,684.01",10.13,0.38,0.38,"7,126,885,280.00",5/13/2021
291,"2,685.40","2,687.34","2,664.32","2,673.88",0.56,0.02,0.02,"5,326,052,801.00",5/12/2021
292,"2,647.48","2,680.62","2,645.77","2,673.32",27.47,1.04,1.04,"5,810,673,071.00",5/11/2021
293,"2,613.17","2,646.76","2,608.13","2,645.85",27.29,1.05,1.04,"4,203,832,789.00",5/10/2021
294,"2,652.58","2,652.58","2,613.78","2,618.56",-18.57,-0.7,-0.70,"6,148,966,772.00",5/9/2021
295,"2,658.69","2,658.69","2,626.38","2,637.13",-12.47,-0.47,-0.47,"6,810,091,453.00",5/6/2021
296,"2,675.95","2,675.95","2,648.74","2,649.60",-5.09,-0.19,-0.19,"6,216,814,313.00",5/5/2021
297,"2,652.27","2,663.39","2,640.63","2,654.69",1.94,0.07,0.07,"6,052,236,811.00",5/4/2021
298,"2,676.45","2,692.89","2,645.80","2,652.75",-12.36,-0.46,-0.46,"7,529,290,146.00",5/3/2021
299,"2,627.81","2,665.10","2,611.03","2,665.11",54.01,2.07,2.07,"7,360,800,500.00",5/2/2021
300,"2,601.21","2,611.37","2,583.18","2,611.10",25.82,1,1.00,"4,357,019,249.00",4/29/2021
301,"2,606.56","2,622.43","2,564.73","2,585.28",-13.79,-0.53,-0.53,"3,990,431,236.00",4/28/2021
302,"2,506.52","2,599.08","2,506.52","2,599.07",92.46,3.69,3.69,"5,109,096,957.00",4/27/2021
303,"2,571.49","2,579.18","2,501.38","2,506.61",-65.61,-2.55,-2.55,"6,590,928,202.00",4/26/2021
304,"2,664.69","2,664.70","2,564.43","2,572.22",-75.78,-2.86,-2.86,"7,284,194,901.00",4/25/2021
305,"2,647.11","2,650.14","2,609.75","2,648.00",15.8,0.6,0.60,"5,915,139,888.00",4/22/2021
306,"2,674.82","2,674.82","2,625.92","2,632.20",-32.41,-1.22,-1.22,"5,772,251,203.00",4/21/2021
307,"2,673.24","2,684.55","2,646.43","2,664.61",2.68,0.1,0.10,"5,538,617,640.00",4/20/2021
308,"2,715.83","2,716.18","2,656.63","2,661.93",-37.58,-1.39,-1.39,"6,766,801,224.00",4/19/2021
309,"2,759.89","2,759.89","2,697.88","2,699.51",-35.95,-1.31,-1.31,"8,801,803,215.00",4/18/2021
310,"2,735.40","2,755.00","2,732.41","2,735.46",20.67,0.76,0.76,"8,636,668,659.00",4/15/2021
311,"2,698.07","2,714.79","2,688.48","2,714.79",23.24,0.86,0.86,"7,143,151,000.00",4/13/2021
312,"2,681.60","2,693.70","2,671.89","2,691.55",17.2,0.64,0.64,"7,610,828,050.00",4/12/2021
313,"2,690.12","2,690.12","2,672.48","2,674.35",2.74,0.1,0.10,"6,556,616,680.00",4/8/2021
314,"2,694.54","2,694.54","2,668.34","2,671.61",-2.85,-0.11,-0.11,"7,266,972,570.00",4/7/2021
315,"2,675.57","2,675.57","2,642.17","2,674.46",15.72,0.59,0.59,"7,477,795,738.00",4/6/2021
316,"2,679.38","2,681.76","2,639.92","2,658.74",1.13,0.04,0.04,"7,296,760,156.00",4/5/2021
317,"2,658.30","2,658.55","2,646.59","2,657.61",25.72,0.98,0.98,"9,006,858,558.00",4/4/2021
318,"2,645.49","2,645.49","2,615.43","2,631.89",12.86,0.49,0.49,"7,250,924,124.00",4/1/2021
319,"2,596.66","2,619.02","2,592.99","2,619.03",43.36,1.68,1.68,"6,166,957,318.00",3/31/2021
320,"2,545.54","2,575.95","2,545.54","2,575.67",32.15,1.26,1.26,"6,185,679,498.00",3/30/2021
321,"2,558.23","2,562.03","2,537.82","2,543.52",-5.45,-0.21,-0.21,"4,410,345,030.00",3/29/2021
322,"2,584.79","2,594.25","2,544.15","2,548.97",-21.28,-0.83,-0.83,"6,500,806,040.00",3/25/2021
323,"2,550.07","2,570.26","2,550.07","2,570.25",41.3,1.63,1.63,"6,674,423,941.00",3/24/2021
324,"2,524.43","2,531.04","2,496.38","2,528.95",14.56,0.58,0.58,"5,141,897,169.00",3/23/2021
325,"2,564.07","2,568.07","2,509.38","2,514.39",-24.07,-0.95,-0.95,"5,351,353,625.00",3/22/2021
326,"2,494.48","2,538.46","2,492.90","2,538.46",63.37,2.56,2.56,"5,919,824,569.00",3/21/2021
327,"2,448.72","2,476.36","2,441.65","2,475.09",42.95,1.77,1.77,"4,661,792,187.00",3/18/2021
328,"2,399.21","2,432.14","2,390.42","2,432.14",40.4,1.69,1.69,"3,374,552,178.00",3/17/2021
329,"2,400.04","2,416.84","2,369.66","2,391.74",2.55,0.11,0.11,"3,375,699,339.00",3/16/2021
330,"2,418.51","2,432.17","2,380.16","2,389.19",-18.06,-0.75,-0.75,"4,248,424,066.00",3/15/2021
331,"2,466.26","2,467.20","2,397.52","2,407.25",-51.23,-2.08,-2.08,"4,952,722,195.00",3/14/2021
332,"2,476.93","2,477.71","2,446.33","2,458.48",-3.4,-0.14,-0.14,"4,100,406,337.00",3/10/2021
333,"2,494.05","2,494.05","2,453.53","2,461.88",-23.21,-0.93,-0.93,"4,752,708,147.00",3/9/2021
334,"2,519.96","2,525.30","2,473.57","2,485.09",-21.59,-0.86,-0.86,"5,005,466,480.00",3/7/2021
335,"2,425.20","2,506.68","2,427.25","2,506.68",90.68,3.75,3.75,"6,058,104,317.00",3/4/2021
336,"2,449.23","2,428.88","2,391.40","2,416.00",-39.33,-1.6,-1.60,"6,254,809,442.00",3/3/2021
337,"2,523.45","2,529.64","2,437.25","2,455.33",-59.7,-2.37,-2.37,"6,119,638,669.00",3/2/2021
338,"2,488.33","2,524.40","2,442.60","2,515.03",40.64,1.64,1.64,"5,692,316,831.00",3/1/2021
339,"2,557.79","2,559.43","2,474.39","2,474.39",-79.74,-3.12,-3.12,"8,355,289,814.00",2/28/2021
340,"2,622.70","2,622.77","2,547.84","2,554.13",-44.94,-1.73,-1.73,"6,098,188,414.00",2/25/2021
341,"2,600.32","2,620.45","2,498.58","2,599.07",12.56,0.49,0.49,"6,701,872,439.00",2/24/2021
342,"2,627.33","2,627.33","2,519.41","2,586.51",-21.16,-0.81,-0.81,"8,561,539,426.00",2/23/2021
343,"2,665.86","2,673.85","2,603.86","2,607.67",-32.67,-1.24,-1.24,"8,406,310,671.00",2/22/2021
344,"2,667.27","2,667.59","2,619.58","2,640.34",3.66,0.14,0.14,"8,834,603,967.00",2/21/2021
345,"2,634.47","2,642.47","2,619.17","2,636.68",25.23,0.97,0.97,"8,762,146,785.00",2/18/2021
346,"2,619.80","2,623.64","2,596.19","2,611.45",9.94,0.38,0.38,"8,035,510,844.00",2/17/2021
347,"2,615.36","2,631.37","2,584.14","2,601.51",15.5,0.6,0.60,"10,035,454,955.00",2/16/2021
348,"2,517.46","2,586.01","2,538.22","2,586.01",92.42,3.71,3.71,"10,384,197,669.00",2/15/2021
349,"2,536.47","2,536.47","2,482.24","2,493.59",-33.33,-1.32,-1.32,"6,927,668,931.00",2/14/2021
350,"2,552.33","2,565.13","2,524.81","2,526.92",-16.11,-0.63,-0.63,"8,411,732,003.00",2/11/2021
351,"2,544.80","2,547.76","2,511.03","2,543.03",8.66,0.34,0.34,"7,649,411,398.00",2/10/2021
352,"2,562.43","2,585.15","2,524.44","2,534.37",-27.1,-1.06,-1.06,"8,146,269,193.00",2/9/2021
353,"2,553.78","2,563.29","2,538.83","2,561.47",37.47,1.48,1.48,"10,619,163,869.00",2/8/2021
354,"2,486.79","2,524.00","2,486.79","2,524.00",48.74,1.97,1.97,"10,441,951,304.00",2/7/2021
355,"2,479.60","2,481.59","2,443.68","2,475.26",8.34,0.34,0.34,"7,615,071,093.00",2/4/2021
356,"2,490.53","2,519.85","2,457.99","2,466.92",-6.81,-0.28,-0.28,"9,531,716,496.00",2/3/2021
357,"2,434.48","2,473.73","2,429.90","2,473.73",65.49,2.72,2.72,"8,593,472,987.00",2/2/2021
358,"2,372.04","2,413.18","2,372.04","2,408.24",37.7,1.59,1.59,"6,972,936,529.00",2/1/2021
359,"2,425.53","2,425.53","2,366.46","2,370.54",-54.75,-2.26,-2.26,"8,973,206,450.00",1/31/2021
360,"2,460.83","2,460.83","2,420.64","2,425.29",-16.56,-0.68,-0.68,"9,898,456,128.00",1/28/2021
361,"2,433.74","2,449.42","2,416.62","2,441.85",18.76,0.77,0.77,"8,006,238,770.00",1/27/2021
362,"2,461.42","2,462.28","2,419.89","2,423.09",-17.78,-0.73,-0.73,"8,279,701,077.00",1/26/2021
363,"2,447.01","2,456.22","2,408.87","2,440.87",16.03,0.66,0.66,"8,903,538,731.00",1/25/2021
364,"2,396.74","2,429.11","2,396.74","2,424.84",50.2,2.11,2.11,"9,376,053,220.00",1/24/2021
365,"2,372.86","2,376.13","2,354.70","2,374.64",31.88,1.36,1.36,"7,798,528,433.00",1/21/2021
366,"2,361.52","2,362.99","2,322.72","2,342.76",15.86,0.68,0.68,"6,210,966,026.00",1/20/2021
367,"2,361.99","2,362.86","2,304.98","2,326.90",-5.41,-0.24,-0.23,"7,467,439,848.00",1/19/2021
368,"2,333.87","2,340.57","2,319.58","2,332.31",17.31,0.75,0.75,"6,314,664,167.00",1/18/2021
369,"2,299.33","2,316.80","2,297.50","2,315.00",28.46,1.24,1.24,"6,374,267,782.00",1/17/2021
370,"2,279.04","2,296.17","2,277.26","2,286.54",18.81,0.83,0.83,"5,914,389,261.00",1/13/2021
371,"2,243.16","2,267.73","2,233.61","2,267.73",28.31,1.26,1.26,"4,982,391,897.00",1/12/2021
372,"2,264.27","2,266.44","2,229.13","2,239.42",3.7,0.17,0.17,"5,524,832,993.00",1/11/2021
373,"2,201.38","2,238.24","2,201.38","2,235.72",41.24,1.88,1.88,"6,326,646,806.00",1/10/2021
374,"2,181.27","2,204.97","2,179.09","2,194.48",15.91,0.73,0.73,"5,874,708,279.00",1/7/2021
375,"2,170.82","2,185.20","2,170.31","2,178.57",13.08,0.6,0.60,"4,425,472,339.00",1/6/2021
376,"2,167.82","2,182.39","2,149.74","2,165.49",-3.55,-0.16,-0.16,"4,566,381,178.00",1/5/2021
377,"2,207.05","2,216.44","2,154.00","2,169.04",-6.35,-0.29,-0.29,"5,961,733,122.00",1/4/2021
378,"2,104.85","2,175.39","2,104.85","2,175.39",88.12,4.22,4.22,"6,344,017,889.00",1/3/2021
379,"2,079.37","2,112.59","2,073.80","2,087.27",25.21,1.22,1.22,"5,703,469,837.00",12/31/2020
380,"2,023.59","2,062.06","2,023.40","2,062.06",49.17,2.44,2.44,"4,446,222,579.00",12/30/2020
381,"2,016.26","2,031.47","2,009.38","2,012.89",5.6,0.28,0.28,"4,092,227,802.00",12/29/2020
382,"1,998.81","2,013.51","1,981.50","2,007.29",8.64,0.43,0.43,"3,850,320,045.00",12/28/2020
383,"2,047.12","2,047.19","1,994.80","1,998.65",-39.98,-1.96,-1.96,"4,623,452,312.00",12/27/2020
384,"2,091.59","2,091.59","2,025.65","2,038.63",-29.82,-1.44,-1.44,"5,369,046,322.00",12/24/2020
385,"2,094.27","2,127.22","2,063.13","2,068.45",7.04,0.34,0.34,"6,862,445,215.00",12/23/2020
386,"1,987.47","2,061.41","1,987.47","2,061.41",95.45,4.86,4.86,"6,740,744,432.00",12/22/2020
387,"1,919.05","1,977.42","1,874.07","1,965.96",30.33,1.57,1.57,"6,698,874,354.00",12/21/2020
388,"2,046.57","2,046.57","1,935.40","1,935.63",-96.88,-4.77,-4.77,"8,612,857,317.00",12/20/2020
389,"2,058.72","2,059.80","2,025.19","2,032.51",-22.71,-1.1,-1.10,"6,769,890,815.00",12/17/2020
390,"2,097.20","2,097.20","2,041.85","2,055.22",-6.19,-0.3,-0.30,"5,144,675,578.00",12/16/2020
391,"2,085.56","2,100.96","2,050.90","2,061.41",-5.76,-0.28,-0.28,"6,069,331,687.00",12/15/2020
392,"2,022.72","2,069.06","2,022.72","2,067.17",56.72,2.82,2.82,"7,204,136,923.00",12/14/2020
393,"1,973.75","2,010.45","1,967.44","2,010.45",46.43,2.36,2.36,"4,899,484,131.00",12/13/2020
394,"1,954.60","1,974.12","1,938.92","1,964.02",8.27,0.42,0.42,"4,146,321,050.00",12/10/2020
395,"2,006.40","2,009.81","1,948.98","1,955.75",-39.6,-1.98,-1.98,"4,745,649,292.00",12/9/2020
396,"2,033.97","2,047.35","1,982.07","1,995.35",-9.04,-0.45,-0.45,"5,719,436,384.00",12/8/2020
397,"1,929.46","2,004.39","1,914.42","2,004.39",72.28,3.74,3.74,"6,667,956,831.00",12/7/2020
398,"2,051.51","2,051.51","1,932.11","1,932.11",-123.34,-6,-6.00,"7,209,180,213.00",12/6/2020
399,"2,090.79","2,118.41","2,040.99","2,055.45",-15.57,-0.75,-0.75,"8,026,023,798.00",12/3/2020
400,"2,016.82","2,077.70","2,016.82","2,071.02",70.62,3.53,3.53,"7,463,482,972.00",12/2/2020
401,"2,009.46","2,022.25","1,966.18","2,000.40",3.35,0.17,0.17,"7,404,154,007.00",12/1/2020
402,"2,000.00","2,028.45","1,971.24","1,997.05",28.78,1.46,1.46,"8,867,714,682.00",11/30/2020
403,"1,912.11","1,971.42","1,912.11","1,968.27",75.03,3.96,3.96,"9,227,348,348.00",11/29/2020
404,"1,894.78","1,926.91","1,879.00","1,893.24",18.43,0.98,0.98,"7,613,030,091.00",11/26/2020
405,"1,820.87","1,874.81","1,820.87","1,874.81",64.7,3.57,3.57,"6,817,774,994.00",11/25/2020
406,"1,790.19","1,813.86","1,786.71","1,810.11",29.68,1.67,1.67,"5,442,950,189.00",11/24/2020
407,"1,789.35","1,792.41","1,772.11","1,780.43",-2.38,-0.13,-0.13,"4,762,704,611.00",11/23/2020
408,"1,791.21","1,811.63","1,761.75","1,782.81",4.69,0.26,0.26,"6,878,787,665.00",11/22/2020
409,"1,750.42","1,779.21","1,750.42","1,778.12",36.31,2.08,2.08,"6,116,730,071.00",11/19/2020
410,"1,714.86","1,741.81","1,708.87","1,741.81",23.32,1.36,1.36,"4,791,041,649.00",11/18/2020
411,"1,713.71","1,722.32","1,702.70","1,718.49",10.82,0.63,0.63,"4,256,475,891.00",11/12/2020
412,"1,681.82","1,707.67","1,681.82","1,707.67",28.88,1.72,1.72,"4,099,604,742.00",11/11/2020
413,"1,660.37","1,678.79","1,659.18","1,678.79",25.99,1.57,1.57,"4,096,190,256.00",11/10/2020
414,"1,648.75","1,661.32","1,648.75","1,652.80",4.22,0.26,0.26,"3,699,879,726.00",11/9/2020
415,"1,643.29","1,648.58","1,637.80","1,648.58",12.41,0.76,0.76,"3,526,777,261.00",11/8/2020
416,"1,644.94","1,645.08","1,634.38","1,636.17",-4.47,-0.27,-0.27,"2,842,469,177.00",11/5/2020
417,"1,645.53","1,645.70","1,638.69","1,640.64",-2.39,-0.15,-0.15,"1,757,423,745.00",11/4/2020
418,"1,636.20","1,644.61","1,635.15","1,643.03",5.4,0.33,0.33,"2,237,964,572.00",11/3/2020
419,"1,644.01","1,646.90","1,635.64","1,637.63",-3.32,-0.2,-0.20,"2,453,954,688.00",11/2/2020
420,"1,654.15","1,654.15","1,634.63","1,640.95",-4.72,-0.29,-0.29,"2,930,939,007.00",11/1/2020
421,"1,661.64","1,663.41","1,640.48","1,645.67",-1.78,-0.11,-0.11,"3,037,694,845.00",10/29/2020
422,"1,612.50","1,647.45","1,612.37","1,647.45",41.2,2.57,2.56,"2,725,994,069.00",10/28/2020
423,"1,609.11","1,609.52","1,596.22","1,606.25",8.54,0.53,0.53,"1,994,543,919.00",10/22/2020
424,"1,591.04","1,597.71","1,588.78","1,597.71",14.11,0.88,0.89,"1,633,246,148.00",10/21/2020
425,"1,576.62","1,583.60","1,573.06","1,583.60",13.22,0.84,0.84,"1,271,829,990.00",10/20/2020
426,"1,556.85","1,570.38","1,555.46","1,570.38",13.58,0.87,0.87,"954,656,107.00",10/19/2020
427,"1,565.90","1,567.89","1,554.14","1,556.80",-5.66,-0.36,-0.36,"1,252,748,181.00",10/18/2020
428,"1,564.69","1,579.55","1,560.69","1,562.46",1.29,0.08,0.08,"1,425,890,738.00",10/15/2020
429,"1,572.35","1,573.08","1,560.45","1,561.17",-7.42,-0.47,-0.47,"1,496,387,992.00",10/14/2020
430,"1,583.29","1,584.28","1,567.23","1,568.59",-9.42,-0.6,-0.60,"1,819,638,977.00",10/13/2020
431,"1,580.14","1,580.80","1,566.70","1,578.01",1.74,0.11,0.11,"1,949,060,194.00",10/12/2020
432,"1,594.01","1,594.36","1,574.62","1,576.27",-13.36,-0.84,-0.84,"2,395,432,599.00",10/11/2020
433,"1,607.52","1,614.04","1,586.96","1,589.63",-11.34,-0.71,-0.71,"2,862,712,521.00",10/8/2020
434,"1,593.04","1,602.14","1,587.59","1,600.97",14.68,0.93,0.93,"3,358,506,296.00",10/7/2020
435,"1,588.01","1,588.01","1,581.75","1,586.29",4.17,0.26,0.26,"2,510,585,332.00",10/6/2020
436,"1,587.31","1,594.89","1,580.65","1,582.12",-3.63,-0.23,-0.23,"2,578,607,088.00",10/5/2020
437,"1,577.77","1,588.05","1,577.77","1,585.75",14.71,0.94,0.94,"3,178,853,719.00",10/4/2020
438,"1,553.95","1,572.94","1,553.95","1,571.04",20.61,1.33,1.33,"2,807,708,137.00",10/1/2020
439,"1,561.58","1,563.40","1,542.57","1,550.43",-3.19,-0.21,-0.21,"1,953,636,694.00",9/30/2020
440,"1,564.92","1,564.92","1,552.77","1,553.62",-7.21,-0.46,-0.46,"1,829,872,968.00",9/29/2020
441,"1,566.44","1,569.31","1,557.42","1,560.83",-4.72,-0.3,-0.30,"1,690,154,525.00",9/28/2020
442,"1,569.06","1,575.43","1,562.11","1,565.55",4.28,0.27,0.27,"3,138,243,371.00",9/27/2020
443,"1,565.31","1,565.31","1,554.38","1,561.27",5.75,0.37,0.37,"2,233,489,024.00",9/24/2020
444,"1,543.37","1,555.52","1,535.03","1,555.52",9.37,0.61,0.61,"1,727,821,707.00",9/23/2020
445,"1,576.55","1,577.19","1,541.75","1,546.15",-22.91,-1.46,-1.46,"2,810,425,268.00",9/22/2020
446,"1,587.82","1,587.99","1,561.49","1,569.06",-6.12,-0.39,-0.39,"2,637,376,216.00",9/21/2020
447,"1,595.47","1,605.12","1,574.08","1,575.18",3,0.19,0.19,"2,742,795,692.00",9/20/2020
448,"1,555.86","1,577.99","1,547.13","1,572.18",30.78,2,2.00,"3,315,664,319.00",9/17/2020
449,"1,537.35","1,543.98","1,530.67","1,541.40",5.37,0.35,0.35,"1,845,634,030.00",9/16/2020
450,"1,544.71","1,548.35","1,531.05","1,536.03",-4.48,-0.29,-0.29,"1,800,197,903.00",9/15/2020
451,"1,545.68","1,553.56","1,538.43","1,540.51",3.26,0.21,0.21,"3,134,135,908.00",9/14/2020
452,"1,528.15","1,537.25","1,522.28","1,537.25",16.56,1.09,1.09,"3,386,859,972.00",9/13/2020
453,"1,514.13","1,532.48","1,512.53","1,520.69",12.49,0.83,0.83,"2,170,068,283.00",9/10/2020
454,"1,501.86","1,511.93","1,495.11","1,508.20",13.05,0.87,0.87,"2,563,415,186.00",9/9/2020
455,"1,491.33","1,500.15","1,477.25","1,495.15",7.34,0.49,0.49,"1,798,363,063.00",9/8/2020
456,"1,503.37","1,503.37","1,483.65","1,487.81",-12.16,-0.81,-0.81,"2,164,930,214.00",9/7/2020
457,"1,538.42","1,538.42","1,494.97","1,499.97",-10.45,-0.69,-0.69,"2,782,377,887.00",9/6/2020
458,"1,524.19","1,524.67","1,497.47","1,510.42",-0.15,-0.01,-0.01,"2,634,886,231.00",9/3/2020
459,"1,509.40","1,519.78","1,499.72","1,510.57",25.58,1.72,1.72,"4,181,036,115.00",9/2/2020
460,"1,466.57","1,489.01","1,466.57","1,484.99",22.32,1.53,1.53,"3,462,586,125.00",8/31/2020
461,"1,459.16","1,462.67","1,444.92","1,462.67",4.63,0.32,0.32,"1,614,554,300.00",8/30/2020
462,"1,467.07","1,472.73","1,454.96","1,458.04",-3.99,-0.27,-0.27,"1,981,761,050.00",8/27/2020
463,"1,445.47","1,468.03","1,445.47","1,462.03",21.09,1.46,1.46,"2,656,163,730.00",8/26/2020
464,"1,435.21","1,440.94","1,428.74","1,440.94",9.34,0.65,0.65,"1,855,180,510.00",8/25/2020
465,"1,413.09","1,431.60","1,413.09","1,431.60",21.26,1.51,1.51,"2,139,202,075.00",8/24/2020
466,"1,399.48","1,410.34","1,394.09","1,410.34",12.77,0.91,0.91,"1,108,053,597.00",8/23/2020
467,"1,392.89","1,403.75","1,392.89","1,397.57",6.28,0.45,0.45,"393,129,068.00",8/20/2020
468,"1,409.44","1,409.44","1,388.17","1,391.29",-16.6,-1.18,-1.18,"976,235,059.00",8/19/2020
469,"1,403.98","1,414.29","1,400.81","1,407.89",5.68,0.41,0.41,"1,239,017,426.00",8/18/2020
470,"1,391.79","1,402.21","1,385.70","1,402.21",10.75,0.77,0.77,"1,074,932,597.00",8/17/2020
471,"1,407.85","1,407.85","1,381.89","1,391.46",-17.33,-1.23,-1.23,"1,259,320,850.00",8/16/2020
472,"1,431.89","1,431.89","1,407.43","1,408.79",-16.53,-1.16,-1.16,"1,048,911,791.00",8/13/2020
473,"1,426.55","1,427.15","1,413.55","1,425.32",1.51,0.11,0.11,"951,960,208.00",8/12/2020
474,"1,433.35","1,441.31","1,421.17","1,423.81",-6.6,-0.46,-0.46,"1,271,738,914.00",8/11/2020
475,"1,394.78","1,430.41","1,394.34","1,430.41",37.73,2.71,2.71,"1,555,518,923.00",8/10/2020
476,"1,383.98","1,392.68","1,363.22","1,392.68",11.31,0.82,0.82,"977,895,525.00",8/9/2020
477,"1,387.44","1,388.68","1,365.66","1,381.37",-1.29,-0.09,-0.09,"920,997,056.00",8/6/2020
478,"1,403.88","1,403.88","1,374.13","1,382.66",-21.2,-1.51,-1.51,"1,189,526,408.00",8/5/2020
479,"1,395.08","1,411.13","1,384.86","1,403.86",7.58,0.54,0.54,"1,290,252,213.00",8/3/2020
480,"1,441.26","1,441.26","1,396.02","1,396.28",-42.78,-2.97,-2.97,"1,841,242,332.00",8/2/2020
481,"1,433.14","1,444.06","1,421.07","1,439.06",7.54,0.53,0.53,"1,320,266,678.00",7/30/2020
482,"1,452.07","1,452.07","1,431.46","1,431.52",-23.37,-1.61,-1.61,"1,687,093,091.00",7/29/2020
483,"1,463.81","1,466.04","1,449.86","1,454.89",-7.59,-0.52,-0.52,"1,259,751,557.00",7/28/2020
484,"1,467.89","1,475.20","1,456.47","1,462.48",-2.62,-0.18,-0.18,"1,793,915,286.00",7/27/2020
485,"1,445.60","1,464.88","1,444.77","1,465.10",22.49,1.55,1.56,"1,942,679,380.00",7/26/2020
486,"1,434.08","1,440.32","1,417.32","1,442.61",10.17,0.71,0.71,"1,327,135,218.00",7/23/2020
487,"1,452.78","1,461.29","1,429.65","1,432.44",-17.5,-1.21,-1.21,"1,532,511,716.00",7/22/2020
488,"1,472.19","1,479.30","1,444.50","1,449.94",-15,-1.02,-1.02,"1,872,220,447.00",7/21/2020
489,"1,539.37","1,556.19","1,460.15","1,464.94",-14.09,-0.96,-0.95,"2,802,233,715.00",7/20/2020
490,"1,408.51","1,479.03","1,408.51","1,479.03",84.26,6.04,6.04,"62,566,293.00",7/19/2020
491,"1,364.24","1,395.82","1,362.62","1,394.77",32.43,2.38,2.38,"1,041,770,867.00",7/16/2020
492,"1,347.88","1,367.82","1,347.88","1,362.34",14.9,1.11,1.11,"1,160,491,522.00",7/15/2020
493,"1,344.42","1,349.24","1,340.66","1,347.44",5.04,0.38,0.38,"994,545,109.00",7/14/2020
494,"1,342.59","1,352.69","1,334.17","1,342.40",2.11,0.16,0.16,"1,088,716,118.00",7/13/2020
495,"1,331.31","1,351.82","1,331.31","1,340.29",9.02,0.69,0.68,"1,111,090,272.00",7/12/2020
496,"1,327.13","1,333.25","1,312.01","1,331.27",4.74,0.34,0.36,"908,086,197.00",7/9/2020
497,"1,338.54","1,343.59","1,319.10","1,326.53",-10.13,-0.76,-0.76,"1,078,462,141.00",7/8/2020
498,"1,299.72","1,345.96","1,299.72","1,336.66",37.93,2.92,2.92,"1,199,041,859.00",7/7/2020
499,"1,266.08","1,298.73","1,259.94","1,298.73",33.28,2.63,2.63,"927,841,329.00",7/6/2020
500,"1,256.18","1,280.93","1,246.80","1,265.45",9.34,0.74,0.74,"1,033,390,231.00",7/5/2020
501,"1,351.89","1,362.35","1,256.11","1,256.11",-80.41,-6.02,-6.02,"476,654,971.00",7/2/2020
502,"1,261.54","1,336.52","1,261.54","1,336.52",75.77,6.01,6.01,"407,352,247.00",7/1/2020
503,"1,187.25","1,260.75","1,185.72","1,260.75",72.05,6.06,6.06,"227,212,194.00",6/30/2020
504,"1,197.09","1,200.64","1,149.73","1,188.70",-12.87,-1.07,-1.07,"347,771,833.00",6/29/2020
505,"1,225.68","1,225.68","1,201.57","1,201.57",-24.58,-2,-2.00,"3,613,523.00",5/13/2020
506,"1,250.95","1,250.95","1,226.15","1,226.15",-25.3,-2.02,-2.02,"104,372,646.00",5/12/2020
507,"1,269.08","1,275.42","1,246.20","1,251.45",-17.85,-1.43,-1.41,"194,642,984.00",3/22/2020
508,"1,249.26","1,278.93","1,223.04","1,269.30",13.5,1.08,1.08,"1,903,142,008.00",3/19/2020
509,"1,272.10","1,286.46","1,234.16","1,255.80",-16.26,-1.28,-1.28,"1,184,416,878.00",3/18/2020
510,"1,316.74","1,321.26","1,266.44","1,272.06",-44.33,-3.37,-3.37,"1,465,184,656.00",3/17/2020
511,"1,312.69","1,334.12","1,291.67","1,316.39",3.35,0.26,0.26,"1,615,341,877.00",3/16/2020
512,"1,362.25","1,362.25","1,310.71","1,313.04",-64.14,-4.66,-4.66,"2,101,417,292.00",3/15/2020
513,"1,424.60","1,430.77","1,371.56","1,377.18",-45.91,-3.23,-3.23,"2,206,662,182.00",3/12/2020
514,"1,349.86","1,423.09","1,349.86","1,423.09",73.78,5.47,5.47,"2,221,081,690.00",3/11/2020
515,"1,435.86","1,436.66","1,349.31","1,349.31",-86.39,-6.02,-6.02,"1,076,696,300.00",3/10/2020
516,"1,442.92","1,464.62","1,408.82","1,435.70",-5.5,-0.38,-0.38,"2,457,093,463.00",3/5/2020
517,"1,511.41","1,513.43","1,439.38","1,441.20",-68.47,-4.54,-4.54,"2,908,472,603.00",3/4/2020
518,"1,491.23","1,540.59","1,439.53","1,509.67",14.37,0.96,0.96,"3,851,622,996.00",3/3/2020
519,"1,593.08","1,593.50","1,495.30","1,495.30",-96.06,-6.04,-6.04,"2,154,428,215.00",3/2/2020
520,"1,639.87","1,667.74","1,591.36","1,591.36",-40.81,-2.5,-2.50,"4,847,437,505.00",3/1/2020
521,"1,598.81","1,635.51","1,558.65","1,632.17",36.04,1.97,2.26,"4,460,536,251.00",2/27/2020
522,"1,548.32","1,596.13","1,548.32","1,596.13",50.94,3.3,3.30,"4,154,883,092.00",2/26/2020
523,"1,504.80","1,544.07","1,480.24","1,545.19",43.01,2.86,2.86,"2,992,160,524.00",2/25/2020
524,"1,507.98","1,536.83","1,499.04","1,502.18",-1.96,-0.13,-0.13,"3,410,516,278.00",2/24/2020
525,"1,435.87","1,509.92","1,435.87","1,504.14",69.57,4.85,4.85,"3,608,526,354.00",2/23/2020
526,"1,405.51","1,434.57","1,405.51","1,434.57",29.32,2.09,2.09,"2,785,004,908.00",2/20/2020
527,"1,399.29","1,406.25","1,389.12","1,405.25",5.24,0.37,0.37,"1,628,841,389.00",2/19/2020
528,"1,399.47","1,416.87","1,387.68","1,400.01",1.77,0.13,0.13,"2,125,977,034.00",2/18/2020
529,"1,364.34","1,403.21","1,364.34","1,398.24",34.27,2.51,2.51,"2,687,533,442.00",2/17/2020
530,"1,344.73","1,363.97","1,344.73","1,363.97",19.38,1.44,1.44,"1,978,108,701.00",2/16/2020
531,"1,346.45","1,354.88","1,342.90","1,344.59",-1.38,-0.1,-0.10,"1,773,805,746.00",2/13/2020
532,"1,341.07","1,353.29","1,340.87","1,345.97",4.59,0.34,0.34,"1,509,784,311.00",2/12/2020
533,"1,324.31","1,342.91","1,323.69","1,341.38",17.12,1.29,1.29,"1,532,250,440.00",2/11/2020
534,"1,320.77","1,329.84","1,315.37","1,324.26",4.27,0.32,0.32,"932,086,055.00",2/10/2020
535,"1,332.91","1,333.85","1,316.10","1,319.99",-13.7,-1.03,-1.03,"950,402,584.00",2/9/2020
536,"1,341.03","1,346.60","1,331.02","1,333.69",-8.67,-0.65,-0.65,"1,049,345,436.00",2/6/2020
537,"1,338.50","1,342.62","1,335.72","1,342.36",5.32,0.4,0.40,"1,082,483,909.00",2/5/2020
538,"1,351.01","1,353.27","1,334.09","1,337.04",-12.09,-0.9,-0.90,"1,570,166,163.00",2/4/2020
539,"1,348.12","1,355.27","1,339.60","1,349.13",2.49,0.18,0.18,"1,611,719,203.00",2/3/2020
540,"1,325.62","1,349.68","1,331.87","1,346.64",21.26,1.49,1.60,"2,077,987,799.00",2/2/2020
541,"1,306.29","1,331.83","1,306.29","1,325.38",19.5,1.49,1.49,"1,966,219,749.00",1/30/2020
542,"1,306.16","1,311.74","1,302.14","1,305.88",-0.27,-0.02,-0.02,"1,293,711,383.00",1/29/2020
543,"1,300.65","1,316.44","1,300.65","1,306.15",5.53,0.43,0.43,"1,400,467,805.00",1/28/2020
544,"1,276.68","1,300.62","1,274.03","1,300.62",23.94,1.88,1.88,"917,359,865.00",1/27/2020
545,"1,298.67","1,299.46","1,275.52","1,276.68",-20.79,-1.6,-1.60,"965,018,662.00",1/26/2020
546,"1,314.16","1,320.76","1,295.80","1,297.47",-15.95,-1.21,-1.21,"1,384,209,412.00",1/23/2020
547,"1,324.32","1,325.69","1,310.64","1,313.42",-7.05,-0.53,-0.53,"1,581,381,364.00",1/22/2020
548,"1,318.65","1,331.28","1,309.14","1,320.47",3.36,0.26,0.26,"1,519,976,760.00",1/21/2020
549,"1,342.70","1,359.32","1,308.62","1,317.11",-26.54,-1.98,-1.98,"1,953,780,000.00",1/20/2020
550,"1,310.26","1,349.10","1,310.26","1,343.65",33.42,2.55,2.55,"2,090,877,917.00",1/19/2020
551,"1,284.28","1,313.19","1,284.28","1,310.23",26,2.02,2.02,"1,682,330,000.00",1/16/2020
552,"1,263.32","1,287.20","1,263.32","1,284.23",20.85,1.65,1.65,"893,677,000.00",1/15/2020
553,"1,271.11","1,274.86","1,254.30","1,263.38",-7.48,-0.59,-0.59,"1,026,443,666.00",1/14/2020
554,"1,260.01","1,285.50","1,259.34","1,270.86",15.14,1.21,1.21,"1,665,520,000.00",1/13/2020
555,"1,213.19","1,255.72","1,213.19","1,255.72",42.61,3.51,3.51,"1,335,747,967.00",1/12/2020
556,"1,209.87","1,216.23","1,206.49","1,213.11",3.51,0.29,0.29,"837,035,757.00",1/9/2020
557,"1,217.82","1,223.66","1,207.26","1,209.60",-7.32,-0.6,-0.60,"732,169,261.00",1/8/2020
558,"1,200.65","1,218.14","1,200.65","1,216.92",16.23,1.35,1.35,"1,102,736,748.00",1/7/2020
559,"1,183.35","1,200.69","1,183.35","1,200.69",18.38,1.55,1.55,"842,582,150.00",1/6/2020
560,"1,166.49","1,187.33","1,163.39","1,182.31",16.1,1.38,1.38,"712,425,827.00",1/5/2020
561,"1,168.63","1,169.27","1,165.24","1,166.21",-3.29,-0.28,-0.28,"532,211,211.00",1/2/2020
562,"1,166.52","1,169.50","1,163.99","1,169.50",3.47,0.3,0.30,"372,988,301.00",1/1/2020
563,"1,168.61","1,171.48","1,163.02","1,166.03",-1.92,-0.16,-0.16,"442,256,156.00",12/31/2019
564,"1,161.82","1,167.95","1,159.25","1,167.95",5.52,0.47,0.47,"622,363,488.00",12/30/2019
565,"1,166.86","1,167.24","1,159.23","1,162.43",-4.98,-0.43,-0.43,"422,453,909.00",12/29/2019
566,"1,167.74","1,170.45","1,165.94","1,167.41",-0.62,-0.05,-0.05,"588,677,887.00",12/26/2019
567,"1,166.56","1,173.14","1,165.77","1,168.03",1.82,0.16,0.16,"538,340,829.00",12/25/2019
568,"1,169.32","1,176.70","1,164.85","1,166.21",-2.37,-0.2,-0.20,"721,642,965.00",12/24/2019
569,"1,150.92","1,168.79","1,150.92","1,168.58",17.77,1.54,1.54,"595,764,544.00",12/23/2019
570,"1,149.62","1,151.30","1,147.67","1,150.81",0,0.1,0.00,"374,466,465.00",12/22/2019
571,"1,149.62","1,151.30","1,147.67","1,150.81",1.17,0.1,0.10,"374,466,465.00",12/22/2019
572,"1,152.06","1,154.28","1,148.35","1,149.64",-2.43,-0.21,-0.21,"419,088,133.00",12/19/2019
573,"1,155.32","1,158.15","1,150.14","1,152.07",-3.3,-0.29,-0.29,"294,709,858.00",12/18/2019
574,"1,154.86","1,158.36","1,150.66","1,155.37",1.26,0.11,0.11,"279,244,135.00",12/17/2019
575,"1,167.82","1,170.56","1,153.23","1,154.11",-13.75,-1.18,-1.18,"407,900,555.00",12/16/2019
576,"1,172.44","1,181.70","1,167.86","1,167.86",-4.78,-0.41,-0.41,"686,076,111.00",12/15/2019
577,"1,162.25","1,175.30","1,159.91","1,172.64",11.17,0.8,0.96,"675,173,000.00",12/12/2019
578,"1,155.05","1,166.15","1,153.14","1,161.47",10.11,0.88,0.88,"551,377,852.00",12/11/2019
579,"1,149.09","1,158.11","1,147.43","1,151.36",2.47,0.21,0.21,"500,328,915.00",12/10/2019
580,"1,135.36","1,155.06","1,132.88","1,148.89",13.52,1.19,1.19,"464,220,392.00",12/9/2019
581,"1,131.92","1,135.37","1,125.81","1,135.37",3.45,0.3,0.30,"287,527,825.00",12/8/2019
582,"1,124.47","1,134.93","1,124.44","1,131.92",7.45,0.66,0.66,"358,839,860.00",12/5/2019
583,"1,116.12","1,128.00","1,116.12","1,124.47",8.73,0.78,0.78,"308,214,465.00",12/4/2019
584,"1,112.06","1,117.82","1,111.19","1,115.74",3.75,0.34,0.34,"266,801,558.00",12/3/2019
585,"1,112.87","1,113.73","1,110.98","1,111.99",-0.86,-0.08,-0.08,"232,259,331.00",12/2/2019
586,"1,112.79","1,114.31","1,109.97","1,112.85",0.06,0.01,0.01,"206,314,323.00",12/1/2019
587,"1,117.64","1,119.63","1,112.79","1,112.79",-4.67,-0.42,-0.42,"243,391,320.00",11/28/2019
588,"1,109.09","1,117.46","1,108.02","1,117.46",8.3,0.66,0.75,"212,363,736.00",11/27/2019
589,"1,110.08","1,111.76","1,107.57","1,109.16",-0.92,-0.08,-0.08,"295,869,180.00",11/26/2019
590,"1,110.11","1,112.15","1,102.46","1,110.08",0,0,0.00,"288,858,484.00",11/25/2019
591,"1,120.62","1,121.94","1,108.76","1,110.08",-10.52,-0.94,-0.94,"280,534,415.00",11/24/2019
592,"1,128.34","1,128.69","1,118.10","1,120.60",-7.74,-0.69,-0.69,"297,797,071.00",11/21/2019
593,"1,130.01","1,139.74","1,127.63","1,128.34",-1.65,-0.15,-0.15,"303,724,204.00",11/20/2019
594,"1,131.13","1,132.40","1,127.91","1,129.99",-1.13,-0.1,-0.10,"259,330,595.00",11/19/2019
595,"1,131.40","1,133.43","1,128.00","1,131.12",-0.24,-0.02,-0.02,"356,861,857.00",11/18/2019
596,"1,135.73","1,137.25","1,129.15","1,131.36",-4.59,-0.4,-0.40,"355,159,768.00",11/17/2019
597,"1,135.15","1,139.41","1,133.67","1,135.95",0.79,0.07,0.07,"228,357,493.00",11/14/2019
598,"1,140.65","1,140.65","1,133.49","1,135.16",-4.8,-0.42,-0.42,"275,427,886.00",11/13/2019
599,"1,146.14","1,147.06","1,138.57","1,139.96",-5.61,-0.49,-0.49,"379,849,435.00",11/12/2019
600,"1,132.70","1,147.74","1,132.70","1,145.57",13.77,1.22,1.22,"549,998,241.00",11/11/2019
601,"1,132.47","1,135.90","1,129.89","1,131.80",-0.17,-0.02,-0.02,"293,149,044.00",11/10/2019
602,"1,138.27","1,139.36","1,131.33","1,131.97",-6.05,-0.53,-0.53,"374,150,571.00",11/7/2019
603,"1,139.49","1,141.08","1,136.74","1,138.02",-1.43,-0.13,-0.13,"206,253,847.00",11/6/2019
604,"1,140.21","1,141.86","1,138.66","1,139.45",-0.81,-0.07,-0.07,"284,472,501.00",11/5/2019
605,"1,139.57","1,141.13","1,135.96","1,140.26",0.97,0.09,0.09,"191,854,333.00",11/4/2019
606,"1,145.83","1,146.88","1,136.39","1,139.29",-6.88,-0.6,-0.60,"175,544,472.00",11/3/2019
607,"1,149.74","1,151.48","1,143.07","1,146.17",-3.17,-0.28,-0.28,"254,312,462.00",10/31/2019
608,"1,142.41","1,150.47","1,141.39","1,149.34",6.74,0.59,0.59,"327,632,258.00",10/24/2019
609,"1,135.40","1,142.82","1,135.40","1,142.60",7.81,0.69,0.69,"163,757,847.00",10/23/2019
610,"1,132.45","1,134.81","1,130.21","1,134.79",2.39,0.21,0.21,"165,296,005.00",10/22/2019
611,"1,133.73","1,135.84","1,130.14","1,132.40",-1.31,-0.12,-0.12,"164,349,536.00",10/21/2019
612,"1,137.69","1,138.99","1,132.58","1,133.71",-4.04,-0.36,-0.36,"113,359,956.00",10/20/2019
613,"1,137.03","1,140.38","1,135.87","1,137.75",0.72,0.06,0.06,"182,994,905.00",10/17/2019
614,"1,142.39","1,142.71","1,136.00","1,137.03",-5.01,-0.44,-0.44,"196,618,963.00",10/16/2019
615,"1,138.38","1,142.04","1,135.86","1,142.04",5.08,0.45,0.45,"222,452,078.00",10/15/2019
616,"1,149.01","1,151.52","1,135.04","1,136.96",-12.05,-1.05,-1.05,"218,635,691.00",10/14/2019
617,"1,149.03","1,151.81","1,148.13","1,149.01",-0.39,-0.03,-0.03,"63,845,411.00",10/10/2019
618,"1,142.44","1,149.40","1,138.58","1,149.40",8.69,0.76,0.76,"176,633,514.00",10/3/2019
619,"1,145.69","1,149.70","1,140.07","1,140.71",-4.98,-0.43,-0.43,"203,287,237.00",10/2/2019
620,"1,135.05","1,146.11","1,134.82","1,145.69",10.13,0.89,0.89,"311,488,652.00",10/1/2019
621,"1,125.49","1,135.56","1,121.09","1,135.56",10.42,0.93,0.93,"168,828,923.00",9/30/2019
622,"1,129.81","1,131.87","1,123.66","1,125.14",-4.66,-0.41,-0.41,"241,498,554.00",9/29/2019
623,"1,131.52","1,133.80","1,128.61","1,129.80",-1.73,-0.15,-0.15,"212,541,352.00",9/26/2019
624,"1,134.56","1,135.26","1,130.88","1,131.53",-3.03,-0.27,-0.27,"166,921,799.00",9/25/2019
625,"1,140.99","1,141.62","1,132.72","1,134.56",-6.42,-0.56,-0.56,"218,278,449.00",9/24/2019
626,"1,139.92","1,147.85","1,137.87","1,140.98",1.73,0.15,0.15,"177,279,039.00",9/23/2019
627,"1,155.30","1,157.79","1,135.18","1,139.25",-16.05,-1.39,-1.39,"226,950,238.00",9/22/2019
628,"1,173.44","1,178.28","1,155.30","1,155.30",-16.85,-1.44,-1.44,"399,930,871.00",9/19/2019
629,"1,150.65","1,173.14","1,150.65","1,172.15",21.41,1.86,1.86,"455,311,885.00",9/18/2019
630,"1,127.26","1,152.51","1,127.26","1,150.74",26.91,2.39,2.39,"383,957,426.00",9/17/2019
631,"1,140.49","1,140.55","1,122.02","1,123.83",-16.18,-1.42,-1.42,"343,918,221.00",9/16/2019
632,"1,157.68","1,160.55","1,140.01","1,140.01",-17.87,-1.54,-1.54,"288,099,912.00",9/15/2019
633,"1,163.71","1,164.09","1,156.37","1,157.88",-5.33,-0.46,-0.46,"376,184,491.00",9/12/2019
634,"1,166.68","1,168.06","1,161.95","1,163.21",-3.46,-0.3,-0.30,"341,745,136.00",9/11/2019
635,"1,168.91","1,172.82","1,161.20","1,166.67",-2.24,-0.19,-0.19,"237,959,653.00",9/10/2019
636,"1,178.47","1,180.28","1,166.09","1,168.91",-9.55,-0.81,-0.81,"299,200,764.00",9/9/2019
637,"1,192.07","1,192.33","1,176.41","1,178.46",-12.61,-1.06,-1.06,"305,310,719.00",9/8/2019
638,"1,195.89","1,196.92","1,189.05","1,191.07",-3.7,-0.31,-0.31,"290,177,357.00",9/5/2019
639,"1,192.21","1,198.48","1,183.40","1,194.77",3.87,0.32,0.32,"436,444,688.00",9/4/2019
640,"1,170.87","1,190.90","1,156.72","1,190.90",20.56,1.76,1.76,"510,552,041.00",9/3/2019
641,"1,184.93","1,190.88","1,167.81","1,170.34",-14.44,-1.22,-1.22,"407,569,712.00",9/2/2019
642,"1,196.60","1,198.51","1,184.06","1,184.78",-11.63,-0.97,-0.97,"297,398,003.00",9/1/2019
643,"1,198.49","1,201.23","1,194.09","1,196.41",-1.34,-0.11,-0.11,"277,359,659.00",8/29/2019
644,"1,209.70","1,213.46","1,197.32","1,197.75",-10.25,-0.85,-0.85,"371,022,592.00",8/28/2019
645,"1,203.42","1,212.30","1,203.40","1,208.00",4.87,0.4,0.40,"244,668,209.00",8/27/2019
646,"1,209.70","1,210.24","1,199.31","1,203.13",-6.49,-0.54,-0.54,"380,596,571.00",8/26/2019
647,"1,212.76","1,213.23","1,201.71","1,209.62",-3.44,-0.28,-0.28,"350,269,509.00",8/25/2019
648,"1,214.37","1,220.90","1,212.43","1,213.06",-0.99,-0.08,-0.08,"261,670,203.00",8/22/2019
649,"1,213.96","1,216.30","1,209.77","1,214.05",0.42,0.03,0.03,"292,641,728.00",8/21/2019
650,"1,222.04","1,222.87","1,212.10","1,213.63",-8.43,-0.69,-0.69,"272,509,024.00",8/20/2019
651,"1,214.96","1,229.50","1,210.80","1,222.06",7.23,0.6,0.60,"389,625,280.00",8/19/2019
652,"1,224.03","1,226.07","1,214.33","1,214.83",-9.2,-0.75,-0.75,"329,527,904.00",8/18/2019
653,"1,225.11","1,226.06","1,221.80","1,224.03",-1.87,-0.15,-0.15,"424,323,136.00",8/15/2019
654,"1,230.97","1,231.49","1,224.43","1,225.90",-5.17,-0.42,-0.42,"257,285,008.00",8/14/2019
655,"1,234.59","1,236.47","1,229.06","1,231.07",-2.78,-0.23,-0.23,"481,629,760.00",8/13/2019
656,"1,234.68","1,236.82","1,232.11","1,233.85",0.14,0.01,0.01,"314,228,928.00",8/12/2019
657,"1,236.62","1,237.97","1,229.69","1,233.71",-4.85,-0.39,-0.39,"311,756,864.00",8/11/2019
658,"1,248.91","1,248.91","1,237.70","1,238.56",-9.92,-0.79,-0.79,"454,629,568.00",8/8/2019
659,"1,245.20","1,249.98","1,239.55","1,248.48",2.75,0.22,0.22,"368,645,664.00",8/7/2019
660,"1,255.74","1,255.74","1,243.74","1,245.73",-9.36,-0.75,-0.75,"450,755,168.00",8/6/2019
661,"1,260.30","1,261.63","1,253.50","1,255.09",-4.55,-0.36,-0.36,"443,205,472.00",8/5/2019
662,"1,263.87","1,266.37","1,258.27","1,259.64",-4.2,-0.33,-0.33,"474,151,744.00",8/4/2019
663,"1,265.52","1,270.88","1,262.55","1,263.84",-1.73,-0.14,-0.14,"590,588,224.00",8/1/2019
664,"1,259.53","1,267.73","1,257.91","1,265.57",6.2,0.49,0.49,"370,002,048.00",7/31/2019
665,"1,256.01","1,262.16","1,256.01","1,259.37",3.39,0.27,0.27,"294,305,024.00",7/30/2019
666,"1,252.72","1,259.69","1,252.72","1,255.98",3.18,0.25,0.25,"350,812,576.00",7/29/2019
667,"1,266.63","1,266.63","1,250.18","1,252.80",-17.12,-1.35,-1.35,"492,673,664.00",7/28/2019
668,"1,284.41","1,284.41","1,269.35","1,269.92",-14.15,-1.1,-1.10,"550,532,160.00",7/25/2019
669,"1,277.48","1,284.99","1,276.07","1,284.07",6.9,0.54,0.54,"443,481,376.00",7/24/2019
670,"1,271.24","1,279.42","1,271.22","1,277.17",5.94,0.47,0.47,"368,980,864.00",7/23/2019
671,"1,268.77","1,272.38","1,267.92","1,271.23",2.49,0.2,0.20,"316,643,424.00",7/22/2019
672,"1,276.29","1,276.31","1,265.60","1,268.74",-3.75,-0.29,-0.29,"298,157,120.00",7/21/2019
673,"1,275.71","1,283.63","1,272.49","1,272.49",-2.37,-0.19,-0.19,"411,369,312.00",7/18/2019
674,"1,258.94","1,274.86","1,258.81","1,274.86",15.85,1.26,1.26,"426,743,456.00",7/17/2019
675,"1,285.48","1,285.50","1,256.46","1,259.01",4.45,0.35,0.35,"347,289,280.00",7/16/2019
676,"1,250.09","1,254.56","1,249.17","1,254.56",5.07,0.41,0.41,"430,525,920.00",7/15/2019
677,"1,248.94","1,253.09","1,248.59","1,249.49",0.96,0.08,0.08,"285,214,560.00",7/14/2019
678,"1,249.46","1,251.09","1,247.63","1,248.53",-0.62,-0.05,-0.05,"460,036,576.00",7/11/2019
679,"1,250.43","1,251.89","1,246.15","1,249.15",-1.12,-0.09,-0.09,"573,447,488.00",7/10/2019
680,"1,247.41","1,252.20","1,244.36","1,250.27",2.92,0.23,0.23,"468,263,776.00",7/9/2019
681,"1,256.15","1,257.57","1,245.62","1,247.35",-8.69,-0.69,-0.69,"591,053,824.00",7/8/2019
682,"1,262.98","1,263.82","1,255.01","1,256.04",-4.43,-0.35,-0.35,"540,529,472.00",7/7/2019
683,"1,269.48","1,272.79","1,258.87","1,260.47",-8.21,-0.65,-0.65,"670,169,920.00",7/4/2019
684,"1,253.52","1,270.04","1,249.50","1,268.68",15.62,1.25,1.25,"550,247,808.00",7/3/2019
685,"1,242.83","1,253.06","1,238.77","1,253.06",11.45,0.92,0.92,"429,477,280.00",7/2/2019
686,"1,245.58","1,245.68","1,237.43","1,241.61",-3.28,-0.26,-0.26,"364,343,808.00",7/1/2019
687,"1,258.31","1,258.85","1,244.81","1,244.89",-12.26,-0.98,-0.98,"645,099,008.00",6/30/2019
688,"1,259.16","1,260.43","1,256.63","1,257.15",-1.14,-0.09,-0.09,"627,908,800.00",6/27/2019
689,"1,261.10","1,261.49","1,255.45","1,258.29",-2.78,-0.22,-0.22,"570,123,456.00",6/26/2019
690,"1,260.23","1,264.52","1,259.35","1,261.07",0.97,0.08,0.08,"364,773,344.00",6/25/2019
691,"1,254.67","1,260.10","1,253.01","1,260.10",5.75,0.46,0.46,"481,492,832.00",6/24/2019
692,"1,264.53","1,264.53","1,253.43","1,254.35",-10.01,-0.79,-0.79,"481,859,744.00",6/23/2019
693,"1,258.90","1,266.33","1,257.93","1,264.36",5.9,0.47,0.47,"375,315,200.00",6/20/2019
694,"1,258.25","1,262.11","1,256.72","1,258.46",-0.2,-0.02,-0.02,"304,189,632.00",6/19/2019
695,"1,261.04","1,263.56","1,258.36","1,258.66",-2.24,-0.18,-0.18,"359,411,296.00",6/18/2019
696,"1,259.38","1,264.97","1,254.52","1,260.90",2.63,0.21,0.21,"403,538,144.00",6/17/2019
697,"1,271.18","1,271.27","1,256.85","1,258.27",-11.28,-0.89,-0.89,"472,520,800.00",6/16/2019
698,"1,272.91","1,274.83","1,264.46","1,269.55",-2.94,-0.23,-0.23,"418,750,016.00",6/13/2019
699,"1,276.09","1,277.04","1,267.17","1,272.49",-3.5,-0.27,-0.27,"399,464,992.00",6/12/2019
700,"1,276.26","1,281.32","1,274.82","1,275.99",0.17,0.01,0.01,"459,071,008.00",6/11/2019
701,"1,285.49","1,289.54","1,274.62","1,275.82",-8.77,-0.68,-0.68,"553,347,008.00",6/10/2019
702,"1,296.50","1,296.80","1,284.59","1,284.59",-4.69,-0.36,-0.36,"579,563,008.00",6/6/2019
703,"1,292.86","1,297.91","1,286.37","1,289.28",-3.56,-0.28,-0.28,"694,590,976.00",6/4/2019
704,"1,306.88","1,308.63","1,291.02","1,292.84",-12.84,-0.98,-0.98,"664,590,016.00",6/3/2019
705,"1,317.91","1,317.91","1,304.53","1,305.68",-13.79,-1.05,-1.05,"735,995,008.00",6/2/2019
706,"1,328.62","1,349.38","1,317.67","1,319.47",5.59,0.43,0.43,"1,504,460,032.00",5/30/2019
707,"1,307.30","1,315.16","1,307.13","1,313.88",8.39,0.64,0.64,"884,201,024.00",5/29/2019
708,"1,304.22","1,307.08","1,300.45","1,305.49",2.53,0.19,0.19,"749,068,992.00",5/28/2019
709,"1,302.98","1,309.90","1,298.36","1,302.96",0.35,0.03,0.03,"499,910,016.00",5/27/2019
710,"1,315.97","1,317.86","1,301.32","1,302.61",-11.94,-0.91,-0.91,"603,897,024.00",5/26/2019
711,"1,321.69","1,324.15","1,309.12","1,314.55",-5.08,-0.38,-0.38,"913,235,968.00",5/23/2019
712,"1,314.94","1,322.47","1,314.82","1,319.63",7.49,0.57,0.57,"918,484,992.00",5/22/2019
713,"1,308.40","1,317.79","1,304.59","1,312.14",4.43,0.34,0.34,"796,716,992.00",5/21/2019
714,"1,319.21","1,322.85","1,305.43","1,307.71",-9.13,-0.69,-0.69,"1,164,889,984.00",5/20/2019
715,"1,319.33","1,322.09","1,312.81","1,316.84",-1.87,-0.14,-0.14,"1,055,840,000.00",5/19/2019
716,"1,322.68","1,326.69","1,313.93","1,318.71",-2.29,-0.17,-0.17,"881,396,992.00",5/16/2019
717,"1,316.79","1,334.06","1,316.21","1,321.00",5.55,0.42,0.42,"1,302,630,016.00",5/15/2019
718,"1,307.84","1,321.00","1,307.84","1,315.45",14.11,1.08,1.08,"1,007,529,984.00",5/14/2019
719,"1,295.99","1,301.68","1,295.99","1,301.34",6.31,0.49,0.49,"775,121,984.00",5/13/2019
720,"1,292.12","1,295.03","1,284.17","1,295.03",3.07,0.24,0.24,"672,155,008.00",5/12/2019
721,"1,297.57","1,302.62","1,290.11","1,291.96",-5.64,-0.43,-0.43,"605,086,976.00",5/9/2019
722,"1,301.39","1,304.15","1,295.32","1,297.60",-3.68,-0.28,-0.28,"494,902,016.00",5/8/2019
723,"1,298.35","1,311.18","1,295.73","1,301.28",1.87,0.14,0.14,"699,849,024.00",5/7/2019
724,"1,278.00","1,299.41","1,270.06","1,299.41",21.73,1.7,1.70,"619,564,992.00",5/6/2019
725,"1,293.71","1,293.71","1,276.73","1,277.68",-16.71,-1.29,-1.29,"628,641,024.00",5/5/2019
726,"1,298.80","1,300.43","1,282.95","1,294.39",-4.21,-0.32,-0.32,"573,145,024.00",5/2/2019
727,"1,310.65","1,316.53","1,296.07","1,298.60",-11.71,-0.89,-0.89,"913,017,984.00",4/30/2019
728,"1,318.44","1,322.95","1,299.09","1,310.31",-4.2,-0.32,-0.32,"1,160,230,016.00",4/29/2019
729,"1,293.77","1,322.88","1,293.77","1,314.51",22.39,1.73,1.73,"1,616,089,984.00",4/28/2019
730,"1,279.67","1,296.92","1,279.67","1,292.12",12.83,1,1.00,"1,335,980,032.00",4/25/2019
731,"1,265.11","1,280.84","1,261.69","1,279.29",18.61,1.48,1.48,"921,345,984.00",4/24/2019
732,"1,256.61","1,268.32","1,248.50","1,260.68",3.74,0.3,0.30,"561,851,008.00",4/23/2019
733,"1,264.77","1,280.08","1,247.65","1,256.94",-7.26,-0.57,-0.57,"1,000,550,016.00",4/22/2019
734,"1,232.53","1,264.20","1,230.22","1,264.20",31.94,2.59,2.59,"1,004,000,000.00",4/21/2019
735,"1,217.11","1,232.26","1,214.95","1,232.26",15.22,1.25,1.25,"732,081,024.00",4/18/2019
736,"1,212.34","1,223.42","1,210.35","1,217.04",4.99,0.41,0.41,"803,244,992.00",4/17/2019
737,"1,187.73","1,212.05","1,187.73","1,212.05",23.34,1.96,1.96,"723,990,016.00",4/16/2019
738,"1,184.22","1,188.71","1,181.95","1,188.71",4.69,0.4,0.40,"289,871,008.00",4/15/2019
739,"1,184.29","1,189.98","1,180.18","1,184.02",-0.59,-0.05,-0.05,"387,624,000.00",4/11/2019
740,"1,181.72","1,187.98","1,174.88","1,184.61",3.51,0.3,0.30,"358,990,016.00",4/10/2019
741,"1,191.78","1,194.62","1,180.00","1,181.10",-10.58,-0.89,-0.89,"622,529,984.00",4/9/2019
742,"1,183.46","1,197.88","1,179.47","1,191.68",9.32,0.79,0.79,"864,142,976.00",4/8/2019
743,"1,164.94","1,182.36","1,161.66","1,182.36",17.16,1.47,1.47,"518,228,000.00",4/7/2019
744,"1,165.85","1,169.87","1,159.90","1,165.20",-0.64,-0.05,-0.05,"386,452,000.00",4/4/2019
745,"1,163.71","1,172.40","1,158.79","1,165.84",2.02,0.17,0.17,"524,422,016.00",4/3/2019
746,"1,153.89","1,164.41","1,153.89","1,163.82",13.83,1.22,1.20,"472,344,992.00",4/2/2019
747,"1,142.65","1,152.05","1,142.06","1,149.99",6.9,0.56,0.60,"326,448,992.00",4/1/2019
748,"1,145.95","1,149.81","1,139.68","1,143.09",-1.44,-0.13,-0.13,"241,951,008.00",3/31/2019
749,"1,142.00","1,144.53","1,140.56","1,144.53",1.92,0.17,0.17,"215,416,992.00",3/28/2019
750,"1,140.69","1,142.81","1,140.16","1,142.61",-133.21,0.17,-10.44,"208,898,000.00",3/27/2019
701,"1,285.49","1,289.54","1,274.62","1,275.82",-8.77,-0.68,-0.68,"553,347,008.00",6/10/2019
702,"1,296.50","1,296.80","1,284.59","1,284.59",-4.69,-0.36,-0.36,"579,563,008.00",6/6/2019
703,"1,292.86","1,297.91","1,286.37","1,289.28",-3.56,-0.28,-0.28,"694,590,976.00",6/4/2019
704,"1,306.88","1,308.63","1,291.02","1,292.84",-12.84,-0.98,-0.98,"664,590,016.00",6/3/2019
705,"1,317.91","1,317.91","1,304.53","1,305.68",-13.79,-1.05,-1.05,"735,995,008.00",6/2/2019
706,"1,328.62","1,349.38","1,317.67","1,319.47",5.59,0.43,0.43,"1,504,460,032.00",5/30/2019
707,"1,307.30","1,315.16","1,307.13","1,313.88",8.39,0.64,0.64,"884,201,024.00",5/29/2019
708,"1,304.22","1,307.08","1,300.45","1,305.49",2.53,0.19,0.19,"749,068,992.00",5/28/2019
709,"1,302.98","1,309.90","1,298.36","1,302.96",0.35,0.03,0.03,"499,910,016.00",5/27/2019
710,"1,315.97","1,317.86","1,301.32","1,302.61",-11.94,-0.91,-0.91,"603,897,024.00",5/26/2019
711,"1,321.69","1,324.15","1,309.12","1,314.55",-5.08,-0.38,-0.38,"913,235,968.00",5/23/2019
712,"1,314.94","1,322.47","1,314.82","1,319.63",7.49,0.57,0.57,"918,484,992.00",5/22/2019
713,"1,308.40","1,317.79","1,304.59","1,312.14",4.43,0.34,0.34,"796,716,992.00",5/21/2019
714,"1,319.21","1,322.85","1,305.43","1,307.71",-9.13,-0.69,-0.69,"1,164,889,984.00",5/20/2019
715,"1,319.33","1,322.09","1,312.81","1,316.84",-1.87,-0.14,-0.14,"1,055,840,000.00",5/19/2019
716,"1,322.68","1,326.69","1,313.93","1,318.71",-2.29,-0.17,-0.17,"881,396,992.00",5/16/2019
717,"1,316.79","1,334.06","1,316.21","1,321.00",5.55,0.42,0.42,"1,302,630,016.00",5/15/2019
718,"1,307.84","1,321.00","1,307.84","1,315.45",14.11,1.08,1.08,"1,007,529,984.00",5/14/2019
719,"1,295.99","1,301.68","1,295.99","1,301.34",6.31,0.49,0.49,"775,121,984.00",5/13/2019
720,"1,292.12","1,295.03","1,284.17","1,295.03",3.07,0.24,0.24,"672,155,008.00",5/12/2019
721,"1,297.57","1,302.62","1,290.11","1,291.96",-5.64,-0.43,-0.43,"605,086,976.00",5/9/2019
722,"1,301.39","1,304.15","1,295.32","1,297.60",-3.68,-0.28,-0.28,"494,902,016.00",5/8/2019
723,"1,298.35","1,311.18","1,295.73","1,301.28",1.87,0.14,0.14,"699,849,024.00",5/7/2019
724,"1,278.00","1,299.41","1,270.06","1,299.41",21.73,1.7,1.70,"619,564,992.00",5/6/2019
725,"1,293.71","1,293.71","1,276.73","1,277.68",-16.71,-1.29,-1.29,"628,641,024.00",5/5/2019
726,"1,298.80","1,300.43","1,282.95","1,294.39",-4.21,-0.32,-0.32,"573,145,024.00",5/2/2019
727,"1,310.65","1,316.53","1,296.07","1,298.60",-11.71,-0.89,-0.89,"913,017,984.00",4/30/2019
728,"1,318.44","1,322.95","1,299.09","1,310.31",-4.2,-0.32,-0.32,"1,160,230,016.00",4/29/2019
729,"1,293.77","1,322.88","1,293.77","1,314.51",22.39,1.73,1.73,"1,616,089,984.00",4/28/2019
730,"1,279.67","1,296.92","1,279.67","1,292.12",12.83,1,1.00,"1,335,980,032.00",4/25/2019
731,"1,265.11","1,280.84","1,261.69","1,279.29",18.61,1.48,1.48,"921,345,984.00",4/24/2019
732,"1,256.61","1,268.32","1,248.50","1,260.68",3.74,0.3,0.30,"561,851,008.00",4/23/2019
733,"1,264.77","1,280.08","1,247.65","1,256.94",-7.26,-0.57,-0.57,"1,000,550,016.00",4/22/2019
734,"1,232.53","1,264.20","1,230.22","1,264.20",31.94,2.59,2.59,"1,004,000,000.00",4/21/2019
735,"1,217.11","1,232.26","1,214.95","1,232.26",15.22,1.25,1.25,"732,081,024.00",4/18/2019
736,"1,212.34","1,223.42","1,210.35","1,217.04",4.99,0.41,0.41,"803,244,992.00",4/17/2019
737,"1,187.73","1,212.05","1,187.73","1,212.05",23.34,1.96,1.96,"723,990,016.00",4/16/2019
738,"1,184.22","1,188.71","1,181.95","1,188.71",4.69,0.4,0.40,"289,871,008.00",4/15/2019
739,"1,184.29","1,189.98","1,180.18","1,184.02",-0.59,-0.05,-0.05,"387,624,000.00",4/11/2019
740,"1,181.72","1,187.98","1,174.88","1,184.61",3.51,0.3,0.30,"358,990,016.00",4/10/2019
741,"1,191.78","1,194.62","1,180.00","1,181.10",-10.58,-0.89,-0.89,"622,529,984.00",4/9/2019
742,"1,183.46","1,197.88","1,179.47","1,191.68",9.32,0.79,0.79,"864,142,976.00",4/8/2019
743,"1,164.94","1,182.36","1,161.66","1,182.36",17.16,1.47,1.47,"518,228,000.00",4/7/2019
744,"1,165.85","1,169.87","1,159.90","1,165.20",-0.64,-0.05,-0.05,"386,452,000.00",4/4/2019
745,"1,163.71","1,172.40","1,158.79","1,165.84",2.02,0.17,0.17,"524,422,016.00",4/3/2019
746,"1,153.89","1,164.41","1,153.89","1,163.82",13.83,1.22,1.20,"472,344,992.00",4/2/2019
747,"1,142.65","1,152.05","1,142.06","1,149.99",6.9,0.56,0.60,"326,448,992.00",4/1/2019
748,"1,145.95","1,149.81","1,139.68","1,143.09",-1.44,-0.13,-0.13,"241,951,008.00",3/31/2019
749,"1,142.00","1,144.53","1,140.56","1,144.53",1.92,0.17,0.17,"215,416,992.00",3/28/2019
750,"1,140.69","1,142.81","1,140.16","1,142.61",-38.23,0.17,-3.24,"208,898,000.00",3/27/2019
801,"1,179.36","1,183.19","1,179.36","1,180.84",1.48,0.13,0.13,"344,812,992.00",1/10/2019
802,"1,177.87","1,177.07","1,183.12","1,179.36",2.29,0.19,0.19,"275,980,992.00",1/9/2019
803,"1,177.87","1,180.85","1,177.15","1,177.07",-0.39,-0.03,-0.03,"332,627,008.00",1/8/2019
804,"1,170.72","1,181.17","1,170.36","1,177.46",6.67,0.57,0.57,"322,203,008.00",1/7/2019
805,"1,178.25","1,181.58","1,170.11","1,170.79",-8.08,-0.69,-0.69,"298,870,016.00",1/6/2019
806,"1,180.47","1,184.95","1,178.06","1,178.87",-1.56,-0.13,-0.13,"262,468,000.00",1/3/2019
807,"1,185.91","1,186.90","1,180.43","1,180.43",-5.48,-0.46,-0.46,"246,231,008.00",1/2/2019
808,"1,187.30","1,196.18","1,183.84","1,185.91",-2.28,-0.19,-0.19,"227,166,000.00",1/1/2019
809,"1,204.68","1,207.25","1,188.19","1,188.19",-16.35,-1.36,-1.36,"390,624,000.00",12/31/2018
810,"1,215.14","1,219.29","1,204.24","1,204.54",-10.62,-0.87,-0.87,"433,888,992.00",12/30/2018
811,"1,216.57","1,232.74","1,211.72","1,215.16",-1.11,-0.09,-0.09,"1,097,720,064.00",12/27/2018
812,"1,186.11","1,216.27","1,184.30","1,216.27",30.24,2.55,2.55,"679,681,024.00",12/26/2018
813,"1,192.61","1,192.95","1,182.41","1,186.03",-5.71,-0.48,-0.48,"337,190,016.00",12/25/2018
814,"1,198.26","1,207.88","1,190.86","1,191.74",-6.44,-0.54,-0.54,"695,494,976.00",12/24/2018
815,"1,166.33","1,198.18","1,166.33","1,198.18",32.21,2.76,2.76,"756,868,992.00",12/23/2018
816,"1,162.65","1,173.80","1,162.65","1,165.97",3.27,0.28,0.28,"393,798,016.00",12/20/2018
817,"1,168.29","1,171.58","1,158.88","1,162.70",-5.47,-0.47,-0.47,"342,703,008.00",12/19/2018
818,"1,183.12","1,185.36","1,165.59","1,168.17",-14.61,-1.24,-1.24,"512,580,992.00",12/18/2018
819,"1,167.55","1,182.81","1,166.06","1,182.78",15.11,1.29,1.29,"360,561,984.00",12/17/2018
820,"1,149.23","1,168.59","1,149.23","1,167.67",18.89,1.64,1.64,"437,036,992.00",12/16/2018
821,"1,141.25","1,153.17","1,140.54","1,148.78",7.6,0.67,0.67,"298,800,000.00",12/13/2018
822,"1,140.83","1,143.70","1,137.67","1,141.18",0.08,0.01,0.01,"208,110,000.00",12/12/2018
823,"1,143.85","1,145.75","1,139.95","1,141.10",-3.09,-0.27,-0.27,"370,360,992.00",12/11/2018
824,"1,131.43","1,145.61","1,131.43","1,144.19",12.49,1.1,1.10,"386,500,000.00",12/10/2018
825,"1,121.16","1,128.45","1,121.10","1,131.70",10.86,0.97,0.97,"218,708,992.00",12/9/2018
826,"1,117.97","1,126.00","1,109.32","1,120.84",2.71,0.24,0.24,"338,912,992.00",12/6/2018
827,"1,140.99","1,142.06","1,117.45","1,118.13",-23.88,-2.09,-2.09,"329,556,992.00",12/5/2018
828,"1,133.00","1,142.01","1,131.15","1,142.01",10.28,0.91,0.91,"363,332,992.00",12/4/2018
829,"1,130.31","1,144.00","1,128.91","1,131.73",0.84,0.08,0.07,"622,254,976.00",12/3/2018
830,"1,148.29","1,148.36","1,129.89","1,130.89",-17.47,-1.52,-1.52,"451,952,000.00",12/2/2018
831,"1,159.07","1,160.42","1,148.13","1,148.36",-10.72,-0.92,-0.92,"314,926,016.00",11/29/2018
832,"1,161.50","1,162.98","1,158.75","1,159.08",-2.41,-0.21,-0.21,"396,228,000.00",11/28/2018
833,"1,159.75","1,167.17","1,159.75","1,161.49",1.67,0.14,0.14,"218,848,992.00",11/27/2018
834,"1,166.59","1,167.19","1,159.31","1,159.82",-6.81,-0.58,-0.58,"293,713,984.00",11/26/2018
835,"1,181.96","1,182.44","1,166.01","1,166.63",-14.61,-1.24,-1.24,"244,220,992.00",11/25/2018
836,"1,184.01","1,184.92","1,181.34","1,181.24",-1.31,-0.11,-0.11,"248,907,008.00",11/22/2018
837,"1,182.17","1,182.74","1,176.45","1,182.55",0.8,0.07,0.07,"227,711,008.00",11/21/2018
838,"1,189.97","1,190.15","1,181.66","1,181.75",-8.45,-0.72,-0.71,"171,414,000.00",11/20/2018
839,"1,196.08","1,196.15","1,187.96","1,190.20",-5.25,-0.44,-0.44,"207,570,000.00",11/19/2018
840,"1,203.94","1,204.79","1,194.18","1,195.45",-9.57,-0.79,-0.79,"319,399,008.00",11/18/2018
841,"1,208.89","1,213.63","1,205.20","1,205.02",-3.87,-0.32,-0.32,"236,074,000.00",11/15/2018
842,"1,208.28","1,209.23","1,203.58","1,208.89",1.32,0.11,0.11,"178,260,736.00",11/14/2018
843,"1,192.87","1,209.10","1,191.72","1,207.57",14.23,1.19,1.19,"166,104,000.00",11/13/2018
844,"1,204.64","1,204.64","1,192.22","1,193.34",-11.88,-0.99,-0.99,"132,057,000.00",11/12/2018
845,"1,224.39","1,224.39","1,205.22","1,205.22",-17.31,-1.42,-1.42,"98,566,496.00",11/11/2018
846,"1,222.53","1,222.53","1,222.53","1,222.53",3.33,0.27,0.27,"33,213,900.00",11/6/2018
847,"1,207.28","1,219.75","1,205.81","1,219.20",11.92,0.99,0.99,"239,046,000.00",11/5/2018
848,"1,220.98","1,221.22","1,206.48","1,207.28",-13.7,-1.12,-1.12,"280,206,016.00",11/4/2018
849,"1,221.46","1,223.76","1,217.46","1,220.98",-0.48,-0.04,-0.04,"241,964,000.00",11/1/2018
850,"1,224.36","1,224.99","1,218.83","1,221.46",-2.9,-0.24,-0.24,"158,274,000.00",10/31/2018
851,"1,216.93","1,224.36","1,216.00","1,224.36",7.43,0.61,0.61,"213,728,000.00",10/30/2018
852,"1,227.49","1,227.49","1,215.82","1,216.93",-10.56,-0.86,-0.86,"214,403,008.00",10/29/2018
853,"1,241.11","1,241.82","1,225.38","1,227.49",-13.62,-1.1,-1.10,"300,731,008.00",10/28/2018
854,"1,249.93","1,250.30","1,240.58","1,241.11",-8.82,-0.71,-0.71,"270,716,000.00",10/25/2018
855,"1,241.84","1,250.45","1,239.01","1,249.93",8.09,0.65,0.65,"218,378,000.00",10/24/2018
856,"1,244.54","1,246.22","1,238.63","1,241.84",-2.7,-0.22,-0.22,"192,782,000.00",10/23/2018
857,"1,246.52","1,248.09","1,240.58","1,244.54",-1.98,-0.16,-0.16,"167,090,000.00",10/22/2018
858,"1,241.63","1,248.51","1,241.15","1,246.52",4.89,0.39,0.39,"136,048,000.00",10/21/2018
859,"1,242.43","1,246.14","1,241.48","1,241.63",-0.8,-0.06,-0.06,"306,736,992.00",10/15/2018
860,"1,228.28","1,242.43","1,228.16","1,242.43",14.15,1.15,1.15,"265,802,000.00",10/14/2018
861,"1,218.33","1,228.28","1,214.77","1,228.28",9.95,0.82,0.82,"231,244,000.00",10/11/2018
862,"1,217.93","1,218.86","1,213.58","1,218.33",0.4,0.03,0.03,"218,171,008.00",10/10/2018
863,"1,220.52","1,227.07","1,217.06","1,217.93",-2.59,-0.21,-0.21,"336,793,984.00",10/9/2018
864,"1,214.36","1,222.78","1,213.36","1,220.52",6.16,0.51,0.51,"360,992,992.00",10/8/2018
865,"1,227.37","1,227.37","1,212.88","1,214.36",-13.01,-1.06,-1.06,"378,448,000.00",10/7/2018
866,"1,230.60","1,231.84","1,221.33","1,227.37",-3.23,-0.26,-0.26,"365,169,984.00",10/4/2018
867,"1,241.36","1,242.27","1,230.60","1,230.60",-10.76,-0.87,-0.87,"365,169,984.00",10/3/2018
868,"1,238.67","1,247.44","1,237.53","1,241.36",2.69,0.22,0.22,"440,748,992.00",10/2/2018
869,"1,256.71","1,258.26","1,237.97","1,238.67",-18.04,-1.44,-1.44,"524,752,000.00",10/1/2018
870,"1,267.18","1,267.76","1,253.44","1,256.71",-10.47,-0.83,-0.83,"561,558,976.00",9/30/2018
871,"1,277.74","1,278.71","1,266.18","1,267.18",-10.56,-0.83,-0.83,"492,740,992.00",9/27/2018
872,"1,280.05","1,288.52","1,270.05","1,277.74",-2.31,-0.18,-0.18,"890,030,016.00",9/26/2018
873,"1,257.68","1,283.45","1,257.74","1,280.05",22.37,1.78,1.78,"1,051,049,984.00",9/25/2018
874,"1,255.09","1,260.39","1,250.90","1,257.68",2.61,0.21,0.21,"618,721,024.00",9/23/2018
875,"1,258.81","1,260.96","1,249.78","1,255.07",-3.74,-0.3,-0.30,"528,860,992.00",9/20/2018
876,"1,256.40","1,261.61","1,251.25","1,258.81",2.41,0.19,0.19,"440,420,000.00",9/18/2018
877,"1,256.55","1,261.19","1,247.90","1,256.40",-0.13,-0.01,-0.01,"579,804,992.00",9/17/2018
878,"1,244.84","1,270.19","1,244.99","1,256.53",11.69,0.94,0.94,"886,097,024.00",9/16/2018
879,"1,230.71","1,246.24","1,230.80","1,244.84",14.13,1.15,1.15,"687,436,992.00",9/13/2018
880,"1,217.65","1,230.96","1,215.62","1,230.71",13.06,1.07,1.07,"399,812,000.00",9/12/2018
881,"1,210.88","1,224.60","1,210.88","1,217.65",6.77,0.56,0.56,"314,528,000.00",9/11/2018
882,"1,218.98","1,220.25","1,206.88","1,210.88",-8.1,-0.66,-0.66,"234,584,000.00",9/10/2018
883,"1,229.77","1,230.37","1,217.33","1,218.98",-10.79,-0.88,-0.88,"298,512,992.00",9/9/2018
884,"1,234.15","1,247.35","1,224.25","1,229.77",-4.36,-0.35,-0.35,"695,782,016.00",9/6/2018
885,"1,210.24","1,243.61","1,210.30","1,234.13",23.89,1.97,1.97,"690,163,008.00",9/5/2018
886,"1,206.26","1,214.20","1,202.68","1,210.24",3.98,0.33,0.33,"405,795,008.00",9/4/2018
887,"1,190.28","1,213.86","1,190.27","1,206.26",15.98,1.34,1.34,"519,075,008.00",9/3/2018
888,"1,181.69","1,191.93","1,178.59","1,190.28",8.59,0.73,0.73,"283,239,008.00",9/2/2018
889,"1,172.30","1,181.69","1,170.69","1,181.69",9.39,0.8,0.80,"214,779,008.00",8/30/2018
890,"1,177.09","1,177.79","1,171.00","1,172.30",-4.79,-0.41,-0.41,"177,668,000.00",8/29/2018
891,"1,175.72","1,177.09","1,172.78","1,177.09",1.37,0.12,0.12,"176,827,008.00",8/28/2018
892,"1,178.50","1,178.67","1,175.50","1,175.72",-2.78,-0.24,-0.24,"131,823,000.00",8/26/2018
893,"1,182.42","1,183.13","1,175.35","1,178.50",-3.92,-0.33,-0.33,"261,260,992.00",8/23/2018
894,"1,183.89","1,185.34","1,180.26","1,182.42",-1.47,-0.12,-0.12,"105,630,000.00",8/22/2018
895,"1,188.08","1,188.27","1,181.98","1,183.89",-4.18,-0.35,-0.35,"173,720,000.00",8/21/2018
896,"1,196.29","1,196.84","1,185.82","1,188.07",-8.22,-0.69,-0.69,"193,962,000.00",8/20/2018
897,"1,210.32","1,210.75","1,195.70","1,196.29",-14.03,-1.16,-1.16,"281,052,992.00",8/19/2018
898,"1,209.71","1,218.71","1,203.14","1,210.32",0.61,0.05,0.05,"410,744,992.00",8/16/2018
899,"1,180.98","1,210.09","1,180.99","1,209.71",28.73,2.43,2.43,"315,848,000.00",8/15/2018
900,"1,174.37","1,181.39","1,170.09","1,180.98",6.61,0.56,0.56,"179,439,008.00",8/14/2018
901,"1,163.94","1,174.62","1,161.96","1,174.37",10.43,0.9,0.90,"162,339,008.00",8/13/2018
902,"1,180.63","1,181.58","1,163.41","1,163.94",-16.69,-1.41,-1.41,"240,828,992.00",8/12/2018
903,"1,187.32","1,189.23","1,179.25","1,180.63",-6.69,-0.56,-0.56,"185,994,000.00",8/9/2018
904,"1,188.21","1,190.30","1,186.09","1,187.32",-0.89,-0.08,-0.07,"139,159,008.00",8/8/2018
905,"1,189.67","1,192.06","1,186.26","1,188.21",-1.46,-0.12,-0.12,"171,795,008.00",8/7/2018
906,"1,189.88","1,192.97","1,188.05","1,189.67",-0.21,-0.02,-0.02,"156,654,000.00",8/6/2018
907,"1,191.31","1,192.53","1,188.44","1,189.88",-1.43,-0.12,-0.12,"158,752,992.00",8/5/2018
908,"1,193.87","1,195.94","1,191.13","1,191.31",-2.56,-0.21,-0.21,"185,231,008.00",8/2/2018
909,"1,191.47","1,194.61","1,190.04","1,193.87",2.4,0.2,0.20,"166,588,000.00",8/1/2018
910,"1,194.38","1,196.56","1,189.77","1,191.47",-2.91,-0.24,-0.24,"162,706,000.00",7/31/2018
911,"1,194.82","1,198.56","1,193.17","1,194.38",-0.44,-0.04,-0.04,"271,272,992.00",7/30/2018
912,"1,191.20","1,196.79","1,191.20","1,194.82",3.62,0.3,0.30,"175,888,992.00",7/29/2018
913,"1,194.35","1,197.00","1,188.15","1,191.20",-3.15,-0.26,-0.26,"179,884,992.00",7/26/2018
914,"1,194.50","1,200.00","1,192.26","1,194.35",-4.92,-0.41,-0.41,"148,591,008.00",7/25/2018
915,"1,194.50","1,213.15","1,194.09","1,199.27",4.77,0.4,0.40,"281,844,992.00",7/24/2018
916,"1,181.66","1,194.90","1,181.40","1,194.50",12.84,1.09,1.09,"178,876,992.00",7/23/2018
917,"1,193.39","1,194.00","1,181.12","1,181.66",-11.73,-0.98,-0.98,"198,144,992.00",7/22/2018
918,"1,198.77","1,199.54","1,192.78","1,193.39",-5.38,-0.45,-0.45,"239,239,008.00",7/19/2018
919,"1,204.31","1,205.15","1,196.21","1,198.77",-5.54,-0.46,-0.46,"163,767,008.00",7/18/2018
920,"1,212.36","1,214.85","1,202.85","1,204.31",-8.05,-0.66,-0.66,"192,836,992.00",7/17/2018
921,"1,200.09","1,212.36","1,197.06","1,212.36",12.27,1.02,1.02,"93,616,400.00",7/16/2018
922,"1,191.98","1,200.31","1,192.00","1,200.09",8.11,0.68,0.68,"160,974,000.00",7/15/2018
923,"1,205.64","1,210.60","1,190.09","1,191.98",-13.66,-1.13,-1.13,"372,244,992.00",7/12/2018
924,"1,205.93","1,221.75","1,204.29","1,205.64",-0.29,-0.02,-0.02,"353,544,992.00",7/11/2018
925,"1,206.43","1,214.45","1,202.79","1,205.93",-0.5,-0.04,-0.04,"252,370,000.00",7/10/2018
926,"1,224.39","1,226.09","1,204.95","1,206.43",-17.96,-1.47,-1.47,"381,536,000.00",7/9/2018
927,"1,224.41","1,240.93","1,224.37","1,224.39",-0.02,0,0.00,"453,251,008.00",7/8/2018
928,"1,188.40","1,224.41","1,188.37","1,224.41",36.01,3.03,3.03,"445,847,008.00",7/5/2018
929,"1,180.36","1,190.17","1,175.88","1,188.40",8.04,0.68,0.68,"226,062,000.00",7/4/2018
930,"1,179.71","1,183.03","1,174.56","1,180.36",0.65,0.06,0.06,"180,480,000.00",7/3/2018
931,"1,184.53","1,187.04","1,174.83","1,179.71",-4.82,-0.41,-0.41,"196,692,992.00",7/2/2018
932,"1,198.54","1,199.05","1,183.52","1,184.53",-14.01,-1.17,-1.17,"187,736,992.00",7/1/2018
933,"1,199.42","1,203.96","1,197.34","1,198.54",-0.88,-0.07,-0.07,"219,600,992.00",6/28/2018
934,"1,194.80","1,205.53","1,190.95","1,199.42",4.62,0.39,0.39,"159,571,008.00",6/27/2018
935,"1,210.09","1,211.17","1,194.35","1,194.80",-15.29,-1.26,-1.26,"208,990,000.00",6/26/2018
936,"1,219.81","1,220.76","1,209.02","1,210.09",-9.72,-0.8,-0.80,"178,132,000.00",6/25/2018
937,"1,218.46","1,227.74","1,216.21","1,219.81",1.35,0.11,0.11,"173,104,992.00",6/24/2018
938,"1,217.84","1,225.43","1,211.31","1,218.46",0.62,0.05,0.05,"170,062,000.00",6/21/2018
939,"1,226.18","1,226.83","1,217.46","1,217.84",-8.34,-0.68,-0.68,"242,912,992.00",6/20/2018
940,"1,235.15","1,236.48","1,223.93","1,226.18",-8.97,-0.73,-0.73,"189,708,992.00",6/19/2018
941,"1,233.23","1,235.15","1,221.92","1,235.15",1.92,0.16,0.16,"188,058,000.00",6/18/2018
942,"1,247.30","1,248.62","1,232.41","1,233.23",-14.07,-1.13,-1.13,"226,919,008.00",6/17/2018
943,"1,239.26","1,252.87","1,241.85","1,247.30",5.23,0.42,0.42,"269,468,000.00",6/14/2018
944,"1,239.26","1,243.10","1,235.01","1,242.07",2.81,0.23,0.23,"189,940,992.00",6/13/2018
945,"1,241.19","1,244.85","1,230.42","1,239.26",-1.93,-0.16,-0.16,"271,081,984.00",6/12/2018
946,"1,231.64","1,252.70","1,223.78","1,241.19",9.55,0.78,0.78,"371,065,984.00",6/11/2018
947,"1,257.07","1,259.04","1,231.06","1,231.64",-25.43,-2.02,-2.02,"427,745,984.00",6/10/2018
948,"1,282.75","1,285.84","1,256.75","1,257.07",-25.68,-2,-2.00,"413,830,016.00",6/7/2018
949,"1,268.84","1,295.82","1,268.91","1,282.75",13.91,1.1,1.10,"189,312,992.00",6/6/2018
950,"1,273.95","1,281.98","1,258.58","1,268.84",-5.11,-0.4,-0.40,"403,524,992.00",6/4/2018
951,"1,307.66","1,307.63","1,273.02","1,273.95",-33.71,-2.58,-2.58,"496,812,000.00",6/3/2018
952,"1,327.21","1,323.11","1,305.61","1,307.66",-14.61,-1.1,-1.10,"327,692,000.00",5/31/2018
953,"1,327.21","1,341.71","1,318.24","1,322.27",-4.94,-0.37,-0.37,"428,747,008.00",5/30/2018
954,"1,336.39","1,340.60","1,322.34","1,327.21",-9.18,-0.69,-0.69,"407,628,992.00",5/29/2018
955,"1,300.41","1,336.71","1,291.34","1,336.39",35.98,2.77,2.77,"397,385,984.00",5/28/2018
956,"1,318.22","1,318.30","1,300.13","1,300.41",-17.81,-1.35,-1.35,"368,198,016.00",5/27/2018
957,"1,328.27","1,331.02","1,317.34","1,318.22",-10.05,-0.76,-0.76,"364,064,992.00",5/24/2018
958,"1,332.82","1,333.05","1,326.28","1,328.27",-4.55,-0.34,-0.34,"290,099,008.00",5/23/2018
959,"1,337.15","1,338.29","1,331.81","1,332.82",-4.31,-0.32,-0.32,"310,732,992.00",5/22/2018
960,"1,339.19","1,340.72","1,332.27","1,337.13",-2.06,-0.15,-0.15,"300,710,016.00",5/21/2018
961,"1,339.65","1,356.94","1,335.94","1,339.19",-0.46,-0.03,-0.03,"322,665,984.00",5/20/2018
962,"1,338.01","1,348.12","1,337.65","1,339.65",1.64,0.12,0.12,"276,532,000.00",5/17/2018
963,"1,333.85","1,338.45","1,333.54","1,338.01",4.16,0.31,0.31,"213,126,000.00",5/16/2018
964,"1,338.17","1,341.18","1,332.41","1,333.85",-4.32,-0.32,-0.32,"136,671,008.00",5/15/2018
965,"1,348.45","1,350.14","1,337.44","1,338.17",-10.28,-0.76,-0.76,"395,136,992.00",5/14/2018
966,"1,356.15","1,356.93","1,348.45","1,348.45",-7.7,-0.57,-0.57,"332,507,008.00",5/10/2018
967,"1,361.02","1,365.62","1,352.67","1,356.15",-4.87,-0.36,-0.36,"331,771,008.00",5/9/2018
968,"1,345.37","1,361.02","1,344.32","1,361.02",15.65,1.16,1.16,"476,043,008.00",5/8/2018
969,"1,353.64","1,353.79","1,344.00","1,345.37",-8.27,-0.61,-0.61,"406,921,984.00",5/7/2018
970,"1,366.15","1,366.67","1,353.40","1,353.64",-12.51,-0.92,-0.92,"345,672,992.00",5/6/2018
971,"1,360.38","1,376.68","1,360.41","1,366.15",5.77,0.42,0.42,"710,668,992.00",5/3/2018
972,"1,349.01","1,360.87","1,335.39","1,360.38",11.37,0.84,0.84,"362,500,000.00",5/2/2018
973,"1,357.22","1,362.66","1,337.93","1,349.01",-8.21,-0.6,-0.60,"378,035,008.00",4/29/2018
974,"1,386.47","1,392.63","1,354.19","1,357.22",-29.25,-2.11,-2.11,"567,923,968.00",4/26/2018
975,"1,394.86","1,399.46","1,384.59","1,386.47",-8.39,-0.6,-0.60,"529,377,984.00",4/25/2018
976,"1,410.85","1,413.99","1,391.19","1,394.86",-15.99,-1.13,-1.13,"688,872,000.00",4/24/2018
977,"1,438.49","1,461.21","1,398.41","1,410.85",-27.64,-1.92,-1.92,"1,457,789,952.00",4/23/2018
978,"1,388.31","1,438.57","1,388.66","1,438.49",50.18,3.61,3.61,"1,154,540,032.00",4/22/2018
979,"1,363.01","1,391.74","1,361.18","1,388.31",25.3,1.86,1.86,"1,044,529,984.00",4/19/2018
980,"1,331.18","1,392.16","1,327.78","1,363.01",31.83,2.39,2.39,"1,064,979,968.00",4/18/2018
981,"1,297.57","1,334.45","1,297.58","1,331.18",33.61,2.59,2.59,"916,345,984.00",4/17/2018
982,"1,280.15","1,302.10","1,277.01","1,297.57",17.42,1.36,1.36,"560,924,992.00",4/16/2018
983,"1,277.55","1,280.90","1,259.21","1,280.15",2.6,0.2,0.20,"292,868,992.00",4/15/2018
984,"1,273.33","1,285.54","1,273.37","1,277.55",4.22,0.33,0.33,"404,896,992.00",4/12/2018
985,"1,270.23","1,273.35","1,257.92","1,273.33",3.1,0.24,0.24,"250,412,000.00",4/11/2018
986,"1,287.78","1,292.00","1,266.85","1,270.23",-17.55,-1.36,-1.36,"333,681,984.00",4/10/2018
987,"1,294.65","1,316.60","1,286.76","1,287.78",-6.87,-0.53,-0.53,"796,424,000.00",4/9/2018
988,"1,250.39","1,303.30","1,250.19","1,294.65",44.26,3.54,3.54,"885,886,976.00",4/8/2018
989,"1,226.45","1,250.49","1,226.45","1,250.39",23.94,1.95,1.95,"605,590,976.00",4/5/2018
990,"1,199.00","1,227.97","1,199.06","1,226.45",27.45,2.29,2.29,"318,393,984.00",4/4/2018
991,"1,192.96","1,200.35","1,188.51","1,199.00",6.04,0.51,0.51,"213,594,000.00",4/3/2018
992,"1,196.24","1,199.78","1,191.24","1,192.96",-3.28,-0.27,-0.27,"184,803,008.00",4/2/2018
993,"1,204.81","1,222.63","1,185.51","1,196.24",-24.05,-1.97,-1.97,"293,590,016.00",4/1/2018
994,"1,204.81","1,222.58","1,204.69","1,220.29",15.48,1.28,1.28,"321,771,008.00",3/29/2018
995,"1,207.71","1,222.95","1,187.04","1,204.81",-2.9,-0.24,-0.24,"493,057,984.00",3/28/2018
996,"1,168.55","1,217.39","1,134.92","1,207.71",39.16,3.35,3.35,"468,104,000.00",3/27/2018
997,"1,220.44","1,220.44","1,166.01","1,168.55",-51.89,-4.25,-4.25,"453,727,008.00",3/26/2018
998,"1,231.07","1,238.61","1,207.56","1,220.44",-10.63,-0.86,-0.86,"431,647,008.00",3/22/2018
999,"1,255.47","1,257.52","1,224.39","1,231.07",-24.4,-1.94,-1.94,"360,376,992.00",3/21/2018
1000,"1,270.52","1,271.13","1,249.60","1,255.47",-15.05,-1.18,-1.18,"302,363,008.00",3/20/2018
1001,"1,278.96","1,281.34","1,269.25","1,270.52",-8.44,-0.66,-0.66,"256,922,000.00",3/19/2018
1002,"1,288.36","1,292.72","1,277.53","1,278.96",-9.4,-0.73,-0.73,"266,955,008.00",3/18/2018
1003,"1,285.96","1,298.68","1,284.75","1,288.36",2.4,0.19,0.19,"221,290,000.00",3/15/2018
1004,"1,281.90","1,285.96","1,279.28","1,285.96",4.06,0.32,0.32,"168,392,000.00",3/14/2018
1005,"1,277.01","1,281.90","1,276.68","1,281.90",4.89,0.38,0.38,"226,427,008.00",3/13/2018
1006,"1,284.09","1,289.52","1,273.03","1,277.01",-7.08,-0.55,-0.55,"297,712,992.00",3/12/2018
1007,"1,315.13","1,315.51","1,283.85","1,284.09",-31.04,-2.36,-2.36,"303,252,992.00",3/11/2018
1008,"1,296.44","1,315.13","1,295.83","1,315.13",18.69,1.44,1.44,"422,131,008.00",3/7/2018
1009,"1,287.74","1,306.10","1,267.23","1,296.44",8.7,0.68,0.68,"430,979,008.00",3/6/2018
1010,"1,304.43","1,319.54","1,286.19","1,287.74",-16.69,-1.28,-1.28,"371,527,008.00",3/5/2018
1011,"1,345.99","1,345.79","1,291.42","1,304.43",-41.56,-3.09,-3.09,"440,904,000.00",3/4/2018
1012,"1,364.81","1,364.96","1,343.80","1,345.99",-18.82,-1.38,-1.38,"491,740,992.00",2/28/2018
1013,"1,358.95","1,377.62","1,358.69","1,364.81",5.86,0.43,0.43,"437,884,992.00",2/27/2018
1014,"1,374.73","1,379.78","1,356.64","1,358.95",-15.78,-1.15,-1.15,"446,529,984.00",2/26/2018
1015,"1,386.98","1,389.31","1,374.08","1,374.73",-12.25,-0.88,-0.88,"252,644,000.00",2/25/2018
1016,"1,387.08","1,395.40","1,382.04","1,386.98",-0.1,-0.01,-0.01,"330,896,992.00",2/22/2018
1017,"1,396.72","1,397.66","1,386.00","1,387.08",-9.64,-0.69,-0.69,"244,471,008.00",2/21/2018
1018,"1,413.90","1,424.38","1,396.59","1,396.72",-17.18,-1.22,-1.22,"310,777,984.00",2/20/2018
1019,"1,424.95","1,444.94","1,413.07","1,413.90",-11.05,-0.78,-0.78,"567,721,984.00",2/18/2018
1020,"1,388.94","1,426.56","1,388.94","1,424.95",36.01,2.59,2.59,"628,467,008.00",2/15/2018
1021,"1,380.29","1,389.04","1,376.18","1,388.94",8.65,0.63,0.63,"277,982,016.00",2/14/2018
1022,"1,384.71","1,385.87","1,378.64","1,380.29",-4.42,-0.32,-0.32,"218,002,000.00",2/12/2018
1023,"1,391.03","1,394.37","1,383.95","1,384.71",-6.32,-0.45,-0.45,"194,698,000.00",2/11/2018
1024,"1,382.02","1,391.12","1,378.58","1,391.03",9.01,0.65,0.65,"256,940,000.00",2/8/2018
1025,"1,394.03","1,395.25","1,380.99","1,382.02",-12.01,-0.86,-0.86,"255,580,000.00",2/7/2018
1026,"1,400.05","1,401.58","1,393.16","1,394.03",-6.02,-0.43,-0.43,"222,879,008.00",2/6/2018
1027,"1,404.49","1,413.14","1,399.20","1,400.05",-10.46,-0.74,-0.74,"287,900,992.00",2/5/2018
1028,"1,404.49","1,418.21","1,409.62","1,410.51",-1.01,-0.07,-0.07,"440,143,008.00",2/4/2018
1029,"1,404.49","1,415.18","1,403.15","1,411.52",7.03,0.5,0.50,"396,398,016.00",2/1/2018
1030,"1,402.23","1,405.99","1,399.67","1,404.49",2.26,0.16,0.16,"291,264,000.00",1/31/2018
1031,"1,405.95","1,407.86","1,397.73","1,402.23",-3.72,-0.26,-0.26,"261,374,000.00",1/29/2018
1032,"1,404.53","1,411.68","1,403.46","1,405.95",1.42,0.1,0.10,"341,291,008.00",1/28/2018
1033,"1,394.73","1,404.53","1,394.28","1,404.53",9.8,0.7,0.70,"271,240,000.00",1/25/2018
1034,"1,393.04","1,397.10","1,391.35","1,394.73",1.69,0.12,0.12,"218,552,000.00",1/24/2018
1035,"1,402.09","1,402.94","1,392.09","1,393.04",-9.05,-0.65,-0.65,"301,217,984.00",1/23/2018
1036,"1,402.67","1,407.28","1,400.60","1,402.09",-0.58,-0.04,-0.04,"336,096,000.00",1/22/2018
1037,"1,406.52","1,413.45","1,402.31","1,402.67",-3.85,-0.27,-0.27,"381,268,992.00",1/21/2018
1038,"1,413.71","1,413.77","1,399.39","1,406.52",-7.19,-0.51,-0.51,"398,921,984.00",1/17/2018
1039,"1,431.10","1,431.17","1,408.88","1,413.71",-17.39,-1.22,-1.22,"340,700,992.00",1/16/2018
1040,"1,440.29","1,442.03","1,426.45","1,431.10",-9.19,-0.64,-0.64,"316,456,000.00",1/14/2018
1041,"1,456.07","1,457.89","1,439.87","1,440.29",-15.78,-1.08,-1.08,"356,148,000.00",1/10/2018
1042,"1,443.80","1,457.90","1,441.88","1,456.07",12.27,0.85,0.85,"459,059,008.00",1/9/2018
1043,"1,431.80","1,448.78","1,431.80","1,443.80",12,0.84,0.84,"444,126,016.00",1/8/2018
1044,"1,423.83","1,435.23","1,422.31","1,431.80",7.97,0.56,0.56,"316,608,992.00",1/7/2018
1045,"1,416.61","1,423.83","1,414.74","1,423.83",7.22,0.51,0.51,"365,937,984.00",1/4/2018
1046,"1,437.24","1,439.24","1,414.96","1,416.61",-20.63,-1.44,-1.44,"435,828,992.00",1/3/2018
1047,"1,434.80","1,453.85","1,429.85","1,437.24",2.44,0.17,0.17,"603,081,984.00",1/2/2018
1048,"1,390.58","1,434.95","1,390.59","1,434.80",44.22,3.18,3.18,"462,478,016.00",1/1/2018
1049,"1,414.78","1,414.87","1,382.33","1,390.58",-24.2,-1.71,-1.71,"422,227,008.00",12/31/2017
1050,"1,425.51","1,427.47","1,409.31","1,414.78",-10.73,-0.75,-0.75,"732,625,984.00",12/28/2017
1051,"1,447.04","1,447.30","1,421.29","1,425.51",-21.53,-1.49,-1.49,"643,049,984.00",12/27/2017
1052,"1,467.68","1,470.84","1,445.25","1,447.04",-20.64,-1.41,-1.41,"523,652,992.00",12/26/2017
1053,"1,472.15","1,481.06","1,466.46","1,467.68",-4.47,-0.3,-0.30,"500,308,000.00",12/24/2017
1054,"1,484.47","1,487.16","1,470.64","1,472.15",-12.32,-0.83,-0.83,"447,976,000.00",12/21/2017
1055,"1,493.76","1,494.06","1,482.52","1,484.47",-9.29,-0.62,-0.62,"391,591,008.00",12/20/2017
1056,"1,508.25","1,510.96","1,493.00","1,493.76",-14.49,-0.96,-0.96,"490,559,008.00",12/19/2017
1057,"1,509.14","1,516.90","1,507.68","1,508.25",-0.89,-0.06,-0.06,"518,272,992.00",12/18/2017
1058,"1,520.15","1,520.95","1,505.84","1,509.14",-11.01,-0.72,-0.72,"479,945,984.00",12/17/2017
1059,"1,520.74","1,524.39","1,515.16","1,520.15",-0.59,-0.04,-0.04,"404,048,000.00",12/14/2017
1060,"1,510.21","1,520.81","1,504.13","1,520.74",10.53,0.7,0.70,"430,999,008.00",12/13/2017
1061,"1,527.75","1,530.84","1,509.86","1,510.21",-17.54,-1.15,-1.15,"556,129,984.00",12/12/2017
1062,"1,530.49","1,533.01","1,520.19","1,527.75",-2.74,-0.18,-0.18,"379,048,000.00",12/11/2017
1063,"1,536.54","1,556.84","1,529.12","1,530.49",-6.05,-0.39,-0.39,"807,576,000.00",12/10/2017
1064,"1,524.87","1,537.51","1,524.36","1,536.54",11.67,0.77,0.77,"608,851,968.00",12/6/2017
1065,"1,526.77","1,528.63","1,517.99","1,524.87",-1.9,-0.12,-0.12,"490,348,992.00",12/5/2017
1066,"1,537.67","1,544.93","1,524.54","1,526.77",-10.9,-0.71,-0.71,"525,312,992.00",12/4/2017
1067,"1,536.12","1,540.84","1,527.14","1,537.67",1.55,0.1,0.10,"714,825,984.00",11/30/2017
1068,"1,523.86","1,548.67","1,523.86","1,536.12",12.26,0.8,0.80,"1,009,910,016.00",11/29/2017
1069,"1,513.74","1,524.01","1,510.23","1,523.86",10.12,0.67,0.67,"542,232,000.00",11/28/2017
1070,"1,514.34","1,521.15","1,508.22","1,513.74",-0.6,-0.04,-0.04,"640,464,000.00",11/27/2017
1071,"1,493.29","1,516.73","1,493.29","1,514.34",21.05,1.41,1.41,"588,665,984.00",11/26/2017
1072,"1,480.26","1,494.10","1,480.26","1,493.29",13.03,0.88,0.88,"426,372,000.00",11/23/2017
1073,"1,469.16","1,482.05","1,470.97","1,480.26",8.02,0.54,0.54,"295,387,008.00",11/22/2017
1074,"1,469.16","1,481.30","1,465.89","1,472.24",3.08,0.21,0.21,"290,092,000.00",11/21/2017
1075,"1,475.72","1,476.53","1,467.07","1,469.16",-6.56,-0.44,-0.44,"354,720,000.00",11/20/2017
1076,"1,489.06","1,494.20","1,475.04","1,475.72",-13.34,-0.9,-0.90,"424,575,008.00",11/19/2017
1077,"1,504.79","1,506.81","1,488.52","1,489.06",-15.73,-1.05,-1.05,"416,516,000.00",11/16/2017
1078,"1,516.02","1,521.01","1,503.97","1,504.79",-11.23,-0.74,-0.74,"584,502,016.00",11/15/2017
1079,"1,490.88","1,521.87","1,490.82","1,516.02",25.14,1.69,1.69,"681,294,016.00",11/14/2017
1080,"1,477.14","1,492.02","1,476.86","1,490.88",13.74,0.93,0.93,"514,395,008.00",11/13/2017
1081,"1,460.73","1,477.19","1,456.66","1,477.14",16.41,1.12,1.12,"323,486,016.00",11/12/2017
1082,"1,466.62","1,475.83","1,452.24","1,460.73",-5.89,-0.4,-0.40,"444,492,992.00",11/9/2017
1083,"1,484.45","1,484.54","1,459.40","1,466.62",-17.83,-1.2,-1.20,"446,584,992.00",11/8/2017
1084,"1,493.42","1,503.32","1,483.92","1,484.45",-8.97,-0.6,-0.60,"377,729,984.00",11/7/2017
1085,"1,496.46","1,503.43","1,480.32","1,493.42",-3.04,-0.2,-0.20,"486,160,000.00",11/6/2017
1086,"1,522.81","1,524.43","1,489.17","1,496.46",-26.35,-1.73,-1.73,"581,257,024.00",11/5/2017
1087,"1,526.51","1,527.08","1,519.77","1,522.81",-3.7,-0.24,-0.24,"360,876,000.00",11/2/2017
1088,"1,533.53","1,535.88","1,523.52","1,526.51",-7.02,-0.46,-0.46,"368,937,984.00",11/1/2017
1089,"1,536.72","1,539.94","1,528.12","1,533.53",-3.19,-0.21,-0.21,"339,512,992.00",10/31/2017
1090,"1,540.23","1,542.91","1,534.20","1,536.72",-3.51,-0.23,-0.23,"389,572,000.00",10/30/2017
1091,"1,553.72","1,555.21","1,539.41","1,540.23",-13.49,-0.87,-0.87,"373,524,000.00",10/29/2017
1092,"1,567.64","1,568.06","1,552.91","1,553.72",-13.92,-0.89,-0.89,"409,729,984.00",10/25/2017
1093,"1,568.30","1,572.40","1,562.56","1,567.64",-0.66,-0.04,-0.04,"377,179,008.00",10/24/2017
1094,"1,571.92","1,575.67","1,564.48","1,568.30",-3.62,-0.23,-0.23,"377,179,008.00",10/23/2017
1095,"1,568.35","1,586.89","1,567.96","1,571.92",3.57,0.23,0.23,"346,168,992.00",10/22/2017
1096,"1,559.18","1,568.52","1,548.32","1,568.35",9.17,0.59,0.59,"350,052,000.00",10/18/2017
1097,"1,564.90","1,573.91","1,552.12","1,559.18",-5.72,-0.37,-0.37,"554,140,032.00",10/17/2017
1098,"1,518.28","1,564.99","1,518.28","1,564.90",46.62,3.07,3.07,"545,788,032.00",10/16/2017
1099,"1,510.02","1,518.47","1,507.95","1,518.28",8.26,0.55,0.55,"498,376,000.00",10/15/2017
1100,"1,505.99","1,512.30","1,505.52","1,510.02",4.03,0.27,0.27,"386,200,992.00",10/12/2017
1101,"1,502.63","1,513.38","1,499.38","1,505.99",3.36,0.22,0.22,"274,908,000.00",10/11/2017
1102,"1,501.89","1,507.82","1,493.97","1,502.63",0.74,0.05,0.05,"297,796,000.00",10/10/2017
1103,"1,510.01","1,513.06","1,493.83","1,501.89",-8.12,-0.54,-0.54,"308,187,008.00",10/9/2017
1104,"1,542.65","1,542.53","1,492.20","1,510.01",-32.64,-2.12,-2.12,"389,966,016.00",10/8/2017
1105,"1,556.35","1,558.61","1,539.89","1,542.65",-13.7,-0.88,-0.88,"272,360,992.00",10/4/2017
1106,"1,549.46","1,556.35","1,546.10","1,556.35",6.89,0.44,0.44,"129,759,000.00",10/3/2017
1107,"1,545.44","1,553.44","1,545.34","1,549.46",4.02,0.26,0.26,"303,448,000.00",9/26/2017
1108,"1,536.92","1,545.65","1,536.85","1,545.44",8.52,0.55,0.55,"255,570,000.00",9/25/2017
1109,"1,539.81","1,540.38","1,534.61","1,536.92",-2.89,-0.19,-0.19,"271,105,984.00",9/24/2017
1110,"1,543.70","1,546.89","1,530.23","1,539.81",-3.89,-0.25,-0.25,"414,631,008.00",9/20/2017
1111,"1,547.94","1,556.34","1,541.31","1,543.70",-4.24,-0.27,-0.27,"450,840,992.00",9/18/2017
1112,"1,530.31","1,549.11","1,528.94","1,547.94",17.63,1.15,1.15,"576,883,008.00",9/17/2017
1113,"1,493.20","1,530.31","1,489.40","1,530.31",37.11,2.49,2.49,"591,177,984.00",9/14/2017
1114,"1,502.20","1,509.24","1,483.96","1,493.20",-9,-0.6,-0.60,"591,177,984.00",9/13/2017
1115,"1,523.26","1,523.26","1,499.55","1,502.20",-21.06,-1.38,-1.38,"540,275,008.00",9/12/2017
1116,"1,519.66","1,530.23","1,510.23","1,523.26",3.6,0.24,0.24,"727,353,984.00",9/11/2017
1117,"1,554.55","1,556.77","1,519.12","1,519.66",-34.89,-2.24,-2.24,"877,347,968.00",9/10/2017
1118,"1,566.50","1,571.01","1,553.99","1,554.55",-11.95,-0.76,-0.76,"653,435,008.00",9/7/2017
1119,"1,554.56","1,580.40","1,554.56","1,566.50",11.94,0.77,0.77,"702,812,032.00",9/6/2017
1120,"1,580.03","1,580.86","1,553.87","1,554.56",-25.47,-1.61,-1.61,"809,582,016.00",9/4/2017
1121,"1,598.36","1,599.03","1,577.68","1,580.03",-18.33,-1.15,-1.15,"789,476,992.00",8/31/2017
1122,"1,612.91","1,614.75","1,595.92","1,598.36",-14.55,-0.9,-0.90,"848,014,976.00",8/30/2017
1123,"1,622.32","1,627.35","1,611.91","1,612.91",-9.41,-0.58,-0.58,"870,353,984.00",8/28/2017
1124,"1,617.81","1,627.98","1,617.86","1,622.32",4.51,0.28,0.28,"718,817,984.00",8/27/2017
1125,"1,611.27","1,618.03","1,608.96","1,617.81",6.54,0.41,0.41,"555,446,976.00",8/24/2017
1126,"1,614.05","1,617.58","1,609.89","1,611.27",-2.78,-0.17,-0.17,"574,001,024.00",8/23/2017
1127,"1,611.57","1,622.68","1,607.18","1,614.05",2.48,0.15,0.15,"662,060,032.00",8/22/2017
1128,"1,617.97","1,619.32","1,609.41","1,611.57",-6.4,-0.4,-0.40,"474,737,984.00",8/21/2017
1129,"1,629.75","1,633.72","1,617.06","1,617.97",-11.78,-0.72,-0.72,"705,353,984.00",8/20/2017
1130,"1,632.66","1,633.90","1,624.05","1,629.75",-2.91,-0.18,-0.18,"629,568,000.00",8/17/2017
1131,"1,629.16","1,644.52","1,625.01","1,632.66",3.5,0.21,0.21,"631,038,976.00",8/16/2017
1132,"1,642.13","1,644.74","1,628.04","1,629.16",-12.97,-0.79,-0.79,"701,028,992.00",8/15/2017
1133,"1,653.53","1,661.18","1,640.84","1,642.13",-11.4,-0.69,-0.69,"743,803,008.00",8/13/2017
1134,"1,661.72","1,664.11","1,650.20","1,653.53",-8.19,-0.49,-0.49,"869,953,984.00",8/10/2017
1135,"1,667.94","1,675.31","1,661.25","1,661.72",-6.22,-0.37,-0.37,"824,171,008.00",8/9/2017
1136,"1,665.05","1,671.46","1,663.26","1,667.94",2.89,0.17,0.17,"868,548,992.00",8/7/2017
1137,"1,660.58","1,670.01","1,659.99","1,665.05",4.47,0.27,0.27,"962,364,992.00",8/6/2017
1138,"1,662.74","1,669.00","1,658.88","1,660.58",-2.16,-0.13,-0.13,"1,081,469,952.00",8/3/2017
1139,"1,660.25","1,668.55","1,659.19","1,662.74",2.49,0.15,0.15,"1,019,910,016.00",8/2/2017
1140,"1,652.69","1,661.73","1,652.36","1,660.25",7.56,0.46,0.46,"1,013,820,032.00",8/1/2017
1141,"1,643.28","1,657.01","1,643.28","1,652.69",9.41,0.57,0.57,"978,681,024.00",7/31/2017
1142,"1,646.53","1,649.93","1,635.42","1,643.28",-3.25,-0.2,-0.20,"932,892,992.00",7/30/2017
1143,"1,645.03","1,653.20","1,637.67","1,646.53",1.5,0.09,0.09,"1,120,790,016.00",7/27/2017
1144,"1,636.19","1,649.53","1,636.19","1,645.03",8.84,0.54,0.54,"1,109,970,048.00",7/26/2017
1145,"1,629.08","1,645.57","1,627.76","1,636.19",7.11,0.44,0.44,"808,281,984.00",7/25/2017
1146,"1,635.56","1,636.01","1,625.09","1,629.08",-6.48,-0.4,-0.40,"1,008,200,000.00",7/24/2017
1147,"1,635.75","1,640.30","1,633.82","1,635.56",-0.19,-0.01,-0.01,"1,021,249,984.00",7/23/2017
1148,"1,637.27","1,640.34","1,633.60","1,635.75",-1.52,-0.09,-0.09,"907,945,984.00",7/20/2017
1149,"1,638.41","1,652.73","1,634.97","1,637.27",-1.14,-0.07,-0.07,"1,107,469,952.00",7/19/2017
1150,"1,604.15","1,638.41","1,603.76","1,638.41",34.26,2.14,2.14,"1,102,710,016.00",7/18/2017
1151,"1,583.57","1,604.31","1,582.48","1,604.15",20.58,1.3,1.30,"599,289,984.00",7/17/2017
1152,"1,582.67","1,584.38","1,580.08","1,583.57",0.9,0.06,0.06,"430,724,000.00",7/16/2017
1153,"1,587.56","1,589.16","1,578.94","1,582.67",-4.89,-0.31,-0.31,"716,166,976.00",7/13/2017
1154,"1,585.01","1,590.61","1,582.06","1,587.56",2.55,0.16,0.16,"561,254,016.00",7/12/2017
1155,"1,575.22","1,586.35","1,571.75","1,585.01",9.79,0.62,0.62,"544,070,976.00",7/11/2017
1156,"1,584.15","1,584.34","1,572.00","1,575.22",-8.93,-0.56,-0.56,"642,406,976.00",7/10/2017
1157,"1,582.11","1,605.39","1,561.79","1,584.15",2.04,0.13,0.13,"1,042,430,016.00",7/9/2017
1158,"1,551.06","1,582.52","1,550.77","1,582.11",31.05,2,2.00,"712,723,008.00",7/6/2017
1159,"1,541.28","1,551.07","1,537.99","1,551.06",9.78,0.63,0.63,"455,596,992.00",7/5/2017
1160,"1,544.29","1,546.13","1,540.62","1,541.28",-3.01,-0.19,-0.19,"354,695,008.00",7/4/2017
1161,"1,541.82","1,551.98","1,541.06","1,544.29",2.47,0.16,0.16,"402,097,984.00",7/3/2017
1162,"1,563.81","1,563.93","1,539.75","1,541.82",-21.99,-1.41,-1.41,"520,582,016.00",7/2/2017
1163,"1,565.09","1,566.35","1,559.61","1,563.81",-1.28,-0.08,-0.08,"450,164,992.00",6/28/2017
1164,"1,567.72","1,571.72","1,563.04","1,565.09",-2.63,-0.17,-0.17,"578,462,976.00",6/27/2017
1165,"1,559.49","1,569.94","1,559.30","1,567.72",8.23,0.53,0.53,"582,424,000.00",6/25/2017
1166,"1,554.69","1,565.56","1,554.43","1,559.49",4.8,0.31,0.31,"494,652,000.00",6/22/2017
1167,"1,551.07","1,559.07","1,548.04","1,554.69",3.62,0.23,0.23,"425,968,000.00",6/21/2017
1168,"1,555.16","1,560.35","1,542.06","1,551.07",-4.09,-0.26,-0.26,"552,184,000.00",6/20/2017
1169,"1,575.98","1,576.82","1,554.09","1,555.16",-20.82,-1.32,-1.32,"614,467,968.00",6/19/2017
1170,"1,589.59","1,591.90","1,574.73","1,575.98",-13.61,-0.86,-0.86,"533,216,000.00",6/18/2017
1171,"1,584.49","1,605.01","1,578.66","1,589.59",5.1,0.32,0.32,"612,854,976.00",6/15/2017
1172,"1,585.15","1,586.92","1,581.41","1,584.49",-0.66,-0.04,-0.04,"530,158,016.00",6/14/2017
1173,"1,580.52","1,592.02","1,576.46","1,585.15",4.63,0.29,0.29,"468,572,000.00",6/13/2017
1174,"1,590.49","1,593.39","1,577.75","1,580.52",-9.97,-0.63,-0.63,"482,025,984.00",6/12/2017
1175,"1,615.19","1,618.98","1,589.71","1,590.49",-24.7,-1.53,-1.53,"646,574,976.00",6/11/2017
1176,"1,623.13","1,623.50","1,610.02","1,615.19",-7.94,-0.49,-0.49,"474,460,992.00",6/8/2017
1177,"1,637.37","1,651.29","1,622.27","1,623.13",-14.24,-0.87,-0.87,"752,364,032.00",6/7/2017
1178,"1,602.65","1,637.39","1,602.65","1,637.37",34.72,2.17,2.17,"896,185,024.00",6/6/2017
1179,"1,593.81","1,610.30","1,593.90","1,602.65",8.84,0.55,0.55,"546,643,008.00",6/5/2017
1180,"1,604.31","1,606.13","1,590.67","1,593.81",-10.5,-0.65,-0.65,"527,332,000.00",6/4/2017
1181,"1,608.11","1,614.85","1,604.20","1,604.31",-3.8,-0.24,-0.24,"562,675,968.00",6/1/2017
1182,"1,594.43","1,612.80","1,582.72","1,608.11",13.68,0.86,0.86,"649,315,968.00",5/31/2017
1183,"1,615.58","1,616.07","1,592.40","1,594.43",-21.15,-1.31,-1.31,"732,868,992.00",5/30/2017
1184,"1,629.58","1,629.90","1,611.22","1,615.58",-14,-0.86,-0.86,"723,315,968.00",5/28/2017
1185,"1,626.51","1,632.11","1,615.18","1,629.58",3.07,0.19,0.19,"629,254,976.00",5/24/2017
1186,"1,616.40","1,636.14","1,611.61","1,626.51",10.11,0.63,0.63,"754,849,024.00",5/23/2017
1187,"1,627.24","1,629.38","1,612.07","1,616.40",-10.84,-0.67,-0.67,"513,321,984.00",5/22/2017
1188,"1,643.87","1,648.35","1,625.49","1,627.24",-16.63,-1.01,-1.01,"641,156,992.00",5/21/2017
1189,"1,644.26","1,646.04","1,635.65","1,643.87",-0.39,-0.02,-0.02,"757,734,976.00",5/18/2017
1190,"1,649.24","1,655.09","1,644.25","1,644.26",-4.98,-0.3,-0.30,"574,614,976.00",5/17/2017
1191,"1,659.23","1,660.52","1,647.63","1,649.24",-9.99,-0.6,-0.60,"447,912,000.00",5/16/2017
1192,"1,658.58","1,675.57","1,658.16","1,659.23",0.65,0.04,0.04,"596,112,000.00",5/15/2017
1193,"1,650.81","1,659.05","1,650.72","1,658.58",7.77,0.47,0.47,"840,556,032.00",5/11/2017
1194,"1,637.30","1,651.09","1,637.21","1,650.81",13.51,0.83,0.83,"597,118,976.00",5/9/2017
1195,"1,628.98","1,647.21","1,627.02","1,637.30",8.32,0.51,0.51,"560,332,032.00",5/8/2017
1196,"1,653.18","1,655.72","1,625.76","1,628.98",-24.2,-1.46,-1.46,"668,144,000.00",5/7/2017
1197,"1,662.38","1,668.30","1,652.21","1,653.18",-9.2,-0.55,-0.55,"752,230,976.00",5/4/2017
1198,"1,658.33","1,679.82","1,658.88","1,662.38",4.05,0.24,0.24,"864,366,976.00",5/3/2017
1199,"1,650.78","1,667.97","1,642.37","1,658.33",7.55,0.46,0.46,"874,723,968.00",5/2/2017
1200,"1,670.62","1,670.69","1,648.11","1,650.78",-19.84,-1.19,-1.19,"747,966,016.00",4/30/2017
1201,"1,670.30","1,679.31","1,656.68","1,670.62",0.32,0.02,0.02,"1,063,420,032.00",4/27/2017
1202,"1,672.38","1,677.90","1,666.09","1,670.30",-2.08,-0.12,-0.12,"856,094,976.00",4/26/2017
1203,"1,675.78","1,682.91","1,668.71","1,672.38",-3.4,-0.2,-0.20,"1,036,600,000.00",4/25/2017
1204,"1,693.72","1,696.85","1,673.08","1,675.78",-17.94,-1.06,-1.06,"941,086,976.00",4/24/2017
1205,"1,658.34","1,724.54","1,659.46","1,693.72",35.38,2.13,2.13,"1,515,859,968.00",4/23/2017
1206,"1,662.02","1,684.33","1,653.62","1,658.34",-3.68,-0.22,-0.22,"1,299,580,032.00",4/20/2017
1207,"1,612.04","1,662.02","1,609.80","1,662.02",49.98,3.1,3.10,"1,037,200,000.00",4/19/2017
1208,"1,651.61","1,651.74","1,603.59","1,612.04",-39.57,-2.4,-2.40,"1,458,509,952.00",4/18/2017
1209,"1,697.13","1,704.02","1,651.10","1,651.61",-45.52,-2.68,-2.68,"1,163,069,952.00",4/16/2017
1210,"1,703.07","1,709.08","1,679.68","1,697.13",-5.94,-0.35,-0.35,"1,391,820,032.00",4/13/2017
1211,"1,709.82","1,737.91","1,702.70","1,703.07",-6.75,-0.4,-0.39,"1,986,259,968.00",4/12/2017
1212,"1,676.22","1,710.74","1,676.25","1,709.82",33.6,2,2.00,"1,860,470,016.00",4/11/2017
1213,"1,651.60","1,677.18","1,651.28","1,676.22",24.62,1.49,1.49,"1,542,029,952.00",4/10/2017
1214,"1,651.04","1,665.55","1,644.31","1,651.60",0.56,0.03,0.03,"1,194,230,016.00",4/9/2017
1215,"1,657.02","1,666.91","1,642.91","1,651.04",-5.98,-0.36,-0.36,"1,351,320,064.00",4/6/2017
1216,"1,660.52","1,675.95","1,635.22","1,657.02",-3.5,-0.21,-0.21,"1,566,310,016.00",4/4/2017
1217,"1,667.11","1,746.82","1,648.21","1,660.52",-6.59,-0.4,-0.40,"2,442,589,952.00",4/3/2017
1218,"1,587.64","1,667.11","1,587.64","1,667.11",79.47,5.01,5.01,"903,900,032.00",4/2/2017
1219,"1,588.29","1,600.57","1,569.43","1,587.64",-0.65,-0.04,-0.04,"1,447,270,016.00",3/30/2017
1220,"1,610.62","1,644.77","1,587.21","1,588.29",-22.33,-1.39,-1.39,"2,043,980,032.00",3/29/2017
1221,"1,533.83","1,610.67","1,533.83","1,610.62",76.79,5.01,5.01,"1,339,960,064.00",3/28/2017
1222,"1,486.04","1,546.48","1,486.04","1,533.83",47.79,3.22,3.22,"1,511,490,048.00",3/26/2017
1223,"1,481.08","1,495.58","1,469.57","1,486.04",4.96,0.33,0.33,"961,484,032.00",3/23/2017
1224,"1,462.23","1,513.19","1,462.23","1,481.08",18.85,1.29,1.29,"1,306,419,968.00",3/22/2017
1225,"1,424.38","1,463.09","1,412.97","1,462.23",37.85,2.66,2.66,"1,313,200,000.00",3/21/2017
1226,"1,382.19","1,424.78","1,381.87","1,424.38",42.19,3.05,3.05,"1,205,650,048.00",3/20/2017
1227,"1,357.34","1,382.30","1,357.08","1,382.19",24.85,1.83,1.83,"640,144,000.00",3/19/2017
1228,"1,356.13","1,359.65","1,354.75","1,357.34",1.21,0.09,0.09,"417,496,000.00",3/16/2017
1229,"1,347.09","1,358.24","1,340.30","1,356.13",9.04,0.67,0.67,"287,448,992.00",3/15/2017
1230,"1,355.23","1,360.37","1,346.70","1,347.09",-8.14,-0.6,-0.60,"309,343,008.00",3/14/2017
1231,"1,347.53","1,359.49","1,347.56","1,355.23",7.7,0.57,0.57,"335,582,016.00",3/13/2017
1232,"1,341.56","1,353.45","1,341.48","1,347.53",5.97,0.44,0.45,"452,680,992.00",3/9/2017
1233,"1,358.41","1,358.48","1,339.27","1,341.56",-16.85,-1.24,-1.24,"402,360,992.00",3/7/2017
1234,"1,354.34","1,371.53","1,353.47","1,358.41",4.07,0.3,0.30,"732,656,000.00",3/6/2017
1235,"1,329.41","1,358.27","1,328.00","1,354.34",24.93,1.88,1.88,"558,435,968.00",3/5/2017
1236,"1,316.80","1,329.41","1,316.80","1,329.41",12.61,0.96,0.96,"400,524,992.00",3/2/2017
1237,"1,299.29","1,316.96","1,299.10","1,316.80",17.51,1.35,1.35,"314,716,000.00",3/1/2017
1238,"1,313.01","1,313.01","1,294.19","1,299.29",-13.72,-1.04,-1.04,"528,111,008.00",2/28/2017
1239,"1,337.46","1,338.49","1,313.01","1,313.01",-24.45,-1.83,-1.83,"245,987,008.00",2/26/2017
1240,"1,344.11","1,344.07","1,335.68","1,337.46",-6.65,-0.49,-0.49,"269,056,000.00",2/23/2017
1241,"1,357.57","1,358.91","1,338.45","1,344.11",-13.46,-0.99,-0.99,"319,015,008.00",2/22/2017
1242,"1,365.11","1,385.90","1,346.59","1,357.57",-7.54,-0.55,-0.55,"577,590,016.00",2/21/2017
1243,"1,369.35","1,394.06","1,361.05","1,365.11",-4.24,-0.31,-0.31,"798,889,024.00",2/20/2017
1244,"1,343.85","1,369.41","1,326.71","1,369.35",25.5,1.9,1.90,"628,798,016.00",2/19/2017
1245,"1,316.80","1,345.33","1,314.08","1,343.85",27.05,2.05,2.05,"621,523,968.00",2/16/2017
1246,"1,274.97","1,316.81","1,275.06","1,316.80",41.83,3.28,3.28,"520,287,008.00",2/15/2017
1247,"1,278.98","1,284.04","1,260.84","1,274.97",-4.01,-0.31,-0.31,"390,963,008.00",2/14/2017
1248,"1,252.50","1,278.98","1,218.86","1,278.98",26.48,2.11,2.11,"462,281,984.00",2/13/2017
1249,"1,296.23","1,297.30","1,252.42","1,252.50",-43.73,-3.37,-3.37,"451,153,984.00",2/12/2017
1250,"1,322.98","1,323.32","1,296.20","1,296.23",-26.75,-2.02,-2.02,"411,400,992.00",2/9/2017
1251,"1,344.60","1,346.26","1,321.23","1,322.98",-21.62,-1.61,-1.61,"324,199,008.00",2/8/2017
1252,"1,348.84","1,350.96","1,338.06","1,344.60",-4.24,-0.31,-0.31,"297,356,992.00",2/7/2017
1253,"1,364.50","1,364.86","1,346.19","1,348.84",-15.66,-1.15,-1.15,"222,291,008.00",2/6/2017
1254,"1,382.45","1,384.00","1,353.76","1,364.50",-17.95,-1.3,-1.30,"255,400,992.00",2/5/2017
1255,"1,389.83","1,416.93","1,377.19","1,382.45",-7.38,-0.53,-0.53,"516,676,000.00",2/2/2017
1256,"1,326.60","1,390.56","1,326.60","1,389.83",63.23,4.77,4.77,"564,668,032.00",2/1/2017
1257,"1,309.70","1,335.23","1,292.98","1,326.60",16.9,1.29,1.29,"469,633,984.00",1/31/2017
1258,"1,375.14","1,375.93","1,307.62","1,309.70",-65.44,-4.76,-4.76,"512,318,016.00",1/30/2017
1259,"1,396.61","1,396.61","1,357.31","1,375.14",-21.47,-1.54,-1.54,"490,808,000.00",1/26/2017
1260,"1,432.99","1,433.63","1,395.91","1,396.61",-36.38,-2.54,-2.54,"398,868,000.00",1/25/2017
1261,"1,457.88","1,460.37","1,432.99","1,432.99",-24.89,-1.71,-1.71,"317,612,992.00",1/24/2017
1262,"1,465.84","1,467.01","1,457.85","1,457.88",-7.96,-0.54,-0.54,"298,895,008.00",1/23/2017
1263,"1,462.56","1,468.72","1,462.41","1,465.84",3.28,0.22,0.22,"231,915,008.00",1/22/2017
1264,"1,462.23","1,468.86","1,461.42","1,462.56",0.33,0.02,0.02,"297,208,992.00",1/19/2017
1265,"1,463.04","1,463.66","1,456.95","1,462.23",-0.81,-0.05,-0.06,"291,684,992.00",1/18/2017
1266,"1,466.09","1,467.38","1,454.99","1,463.04",-3.05,-0.21,-0.21,"333,654,016.00",1/17/2017
1267,"1,477.72","1,480.07","1,465.53","1,466.09",-11.63,-0.79,-0.79,"260,408,992.00",1/16/2017
1268,"1,479.86","1,484.43","1,476.25","1,477.72",-2.14,-0.14,-0.14,"267,938,000.00",1/15/2017
1269,"1,476.51","1,481.77","1,476.26","1,479.86",3.35,0.23,0.23,"257,332,992.00",1/12/2017
1270,"1,476.90","1,484.57","1,473.71","1,476.51",-0.39,-0.03,-0.03,"290,327,008.00",1/11/2017
1271,"1,458.97","1,477.81","1,460.60","1,476.90",17.93,1.23,1.23,"356,823,008.00",1/10/2017
1272,"1,447.45","1,461.23","1,447.50","1,458.97",11.52,0.8,0.80,"261,236,992.00",1/9/2017
1273,"1,454.14","1,453.89","1,445.66","1,447.45",-6.69,-0.46,-0.46,"385,014,016.00",1/8/2017
1274,"1,457.82","1,465.72","1,451.36","1,454.14",-3.68,-0.25,-0.25,"326,768,000.00",1/5/2017
1275,"1,456.82","1,462.83","1,442.51","1,457.82",1,0.07,0.07,"320,670,016.00",1/4/2017
1276,"1,482.85","1,484.26","1,456.69","1,456.82",-26.03,-1.76,-1.76,"385,836,992.00",1/3/2017
1277,"1,465.72","1,484.89","1,465.72","1,482.85",17.13,1.17,1.17,"494,264,992.00",1/2/2017
1278,"1,443.38","1,476.82","1,443.80","1,465.72",22.34,1.55,1.55,"561,280,000.00",1/1/2017
1279,"1,413.15","1,454.64","1,412.90","1,443.38",30.23,2.14,2.14,"560,499,008.00",12/29/2016
1280,"1,407.53","1,422.89","1,402.81","1,413.15",5.62,0.4,0.40,"433,379,008.00",12/28/2016
1281,"1,432.57","1,433.60","1,394.18","1,407.53",-25.04,-1.75,-1.75,"546,097,024.00",12/27/2016
1282,"1,475.41","1,476.50","1,432.57","1,432.57",-42.84,-2.9,-2.90,"458,576,992.00",12/26/2016
1283,"1,470.63","1,480.19","1,466.75","1,475.41",4.78,0.33,0.33,"444,880,992.00",12/22/2016
1284,"1,495.99","1,496.23","1,469.55","1,470.63",-25.36,-1.7,-1.70,"475,655,008.00",12/21/2016
1285,"1,514.88","1,515.08","1,494.76","1,495.99",-18.89,-1.25,-1.25,"668,400,000.00",12/20/2016
1286,"1,531.35","1,532.00","1,512.79","1,514.88",-16.47,-1.08,-1.08,"537,187,008.00",12/19/2016
1287,"1,530.06","1,531.43","1,518.74","1,531.35",1.29,0.08,0.08,"566,508,992.00",12/18/2016
1288,"1,516.08","1,531.32","1,514.17","1,530.06",13.98,0.92,0.92,"479,159,008.00",12/15/2016
1289,"1,509.43","1,518.07","1,502.10","1,516.08",6.65,0.44,0.44,"466,484,992.00",12/14/2016
1290,"1,522.80","1,523.98","1,495.91","1,509.43",-13.37,-0.88,-0.88,"519,555,008.00",12/12/2016
1291,"1,544.68","1,546.21","1,522.64","1,522.80",-21.88,-1.42,-1.42,"388,068,000.00",12/11/2016
1292,"1,553.90","1,554.24","1,541.52","1,544.68",-9.22,-0.59,-0.59,"584,075,008.00",12/8/2016
1293,"1,554.51","1,557.42","1,548.01","1,553.90",-0.61,-0.04,-0.04,"488,444,000.00",12/7/2016
1294,"1,544.60","1,559.54","1,536.78","1,554.51",9.91,0.64,0.64,"711,153,984.00",12/6/2016
1295,"1,570.95","1,573.97","1,541.21","1,544.60",-26.35,-1.68,-1.68,"639,254,976.00",12/5/2016
1296,"1,600.49","1,600.63","1,569.47","1,570.95",-29.54,-1.85,-1.85,"702,654,016.00",12/4/2016
1297,"1,608.33","1,624.79","1,586.47","1,600.49",-7.84,-0.49,-0.49,"1,186,850,048.00",12/1/2016
1298,"1,553.68","1,608.37","1,553.42","1,608.33",54.65,3.52,3.52,"1,348,320,000.00",11/30/2016
1299,"1,510.16","1,554.59","1,468.28","1,553.68",43.52,2.88,2.88,"1,173,600,000.00",11/29/2016
1300,"1,469.48","1,512.19","1,404.20","1,510.16",40.68,2.77,2.77,"1,088,150,016.00",11/28/2016
1301,"1,534.03","1,536.53","1,468.99","1,469.48",-64.55,-4.21,-4.21,"891,988,992.00",11/27/2016
1302,"1,540.01","1,572.72","1,516.74","1,534.03",-5.98,-0.39,-0.39,"913,265,984.00",11/24/2016
1303,"1,582.47","1,583.00","1,539.04","1,540.01",-42.46,-2.68,-2.68,"1,037,779,968.00",11/23/2016
1304,"1,606.29","1,606.19","1,574.81","1,582.47",-23.82,-1.48,-1.48,"813,587,008.00",11/22/2016
1305,"1,599.62","1,618.95","1,572.17","1,606.29",6.67,0.42,0.42,"893,379,008.00",11/21/2016
1306,"1,658.08","1,658.51","1,577.71","1,599.62",-58.46,-3.53,-3.53,"1,225,080,064.00",11/20/2016
1307,"1,698.90","1,700.95","1,657.37","1,658.08",-40.82,-2.4,-2.40,"1,448,920,064.00",11/17/2016
1308,"1,701.91","1,709.61","1,695.94","1,698.90",-3.01,-0.18,-0.18,"1,170,429,952.00",11/16/2016
1309,"1,706.28","1,714.60","1,699.88","1,701.91",-4.37,-0.26,-0.26,"802,971,008.00",11/15/2016
1310,"1,700.00","1,708.84","1,700.77","1,706.28",6.28,0.37,0.37,"770,372,992.00",11/14/2016
1311,"1,697.17","1,708.18","1,690.79","1,700.00",2.83,0.17,0.17,"718,371,968.00",11/13/2016
1312,"1,696.86","1,711.91","1,689.20","1,697.17",0.31,0.02,0.02,"702,545,984.00",11/10/2016
1313,"1,724.49","1,724.64","1,692.46","1,696.86",-27.63,-1.6,-1.60,"670,987,008.00",11/9/2016
1314,"1,749.12","1,749.51","1,722.51","1,724.49",-24.63,-1.41,-1.41,"729,078,976.00",11/8/2016
1315,"1,762.21","1,764.26","1,748.93","1,749.12",-13.09,-0.74,-0.74,"669,728,000.00",11/7/2016
1316,"1,759.71","1,762.92","1,753.22","1,762.21",2.5,0.14,0.14,"513,843,008.00",11/3/2016
1317,"1,753.46","1,763.25","1,752.62","1,759.71",6.25,0.36,0.36,"670,206,976.00",10/27/2016
1318,"1,751.00","1,755.74","1,736.71","1,753.46",2.46,0.14,0.14,"771,998,976.00",10/26/2016
1319,"1,768.89","1,769.17","1,749.14","1,751.00",-17.89,-1.01,-1.01,"702,017,024.00",10/25/2016
1320,"1,782.39","1,783.83","1,763.77","1,768.89",-13.5,-0.76,-0.76,"917,342,976.00",10/24/2016
1321,"1,794.47","1,798.33","1,780.83","1,782.39",-12.08,-0.67,-0.67,"954,121,984.00",10/23/2016
1322,"1,787.89","1,795.24","1,787.70","1,794.47",6.58,0.37,0.37,"686,382,976.00",10/20/2016
1323,"1,792.73","1,794.14","1,784.79","1,787.89",-4.84,-0.27,-0.27,"527,768,992.00",10/19/2016
1324,"1,793.36","1,794.67","1,782.57","1,792.73",-0.63,-0.04,-0.04,"500,712,000.00",10/18/2016
1325,"1,803.74","1,805.42","1,784.19","1,793.36",-10.38,-0.58,-0.58,"626,633,024.00",10/17/2016
1326,"1,806.60","1,820.96","1,801.41","1,803.74",-16.14,-0.89,-0.89,"593,185,984.00",10/16/2016
1327,"1,806.60","1,822.41","1,806.39","1,819.88",13.28,0.74,0.74,"991,689,984.00",10/6/2016
1328,"1,798.50","1,806.70","1,794.58","1,806.60",8.1,0.45,0.45,"918,851,008.00",10/5/2016
1329,"1,780.41","1,800.50","1,780.41","1,798.50",18.1,1.02,1.02,"1,087,990,016.00",10/4/2016
1330,"1,763.90","1,784.05","1,763.67","1,780.40",16.62,0.94,0.94,"761,833,984.00",10/3/2016
1331,"1,753.48","1,764.86","1,753.21","1,763.78",10.4,0.59,0.59,"853,209,984.00",10/2/2016
1332,"1,749.19","1,758.16","1,744.10","1,753.38",4.28,0.24,0.24,"768,590,976.00",9/29/2016
1333,"1,753.81","1,756.59","1,746.69","1,749.10",-4.62,-0.26,-0.26,"710,563,008.00",9/28/2016
1334,"1,757.10","1,767.34","1,750.30","1,753.72",-3.38,-0.19,-0.19,"700,600,000.00",9/27/2016
1335,"1,730.67","1,758.22","1,730.67","1,757.10",26.46,1.53,1.53,"1,011,699,968.00",9/26/2016
1336,"1,766.91","1,767.82","1,725.05","1,730.64",-36.27,-2.05,-2.05,"1,046,030,016.00",9/25/2016
1337,"1,786.50","1,780.56","1,766.25","1,766.91",-12.22,-0.69,-0.69,"880,014,016.00",9/22/2016
1338,"1,786.50","1,788.34","1,765.09","1,779.13",0,-0.41,0.00,"899,432,000.00",9/21/2016
1339,"1,786.50","1,788.34","1,765.09","1,779.13",-7.37,-0.41,-0.41,"899,432,000.00",9/21/2016
1340,"1,804.48","1,807.62","1,785.00","1,786.50",-17.98,-1,-1.00,"1,259,800,064.00",9/20/2016
1341,"1,815.17","1,818.70","1,801.02","1,804.48",0,-0.59,0.00,"2,397,339,904.00",9/18/2016
1342,"1,815.17","1,818.70","1,801.02","1,804.48",-10.69,-0.59,-0.59,"2,397,339,904.00",9/18/2016
1343,"1,818.69","1,821.90","1,813.27","1,815.17",-3.52,-0.19,-0.19,"1,331,490,048.00",9/14/2016
1344,"1,816.81","1,819.95","1,809.31","1,818.69",1.88,0.1,0.10,"1,076,189,952.00",9/12/2016
1345,"1,823.05","1,829.20","1,815.61","1,816.81",-6.24,-0.34,-0.34,"1,093,270,016.00",9/11/2016
1346,"1,824.83","1,829.27","1,816.90","1,823.05",-1.78,-0.1,-0.10,"1,383,559,936.00",9/8/2016
1347,"1,834.80","1,838.83","1,818.64","1,824.83",-9.97,-0.54,-0.54,"1,533,389,952.00",9/7/2016
1348,"1,838.90","1,854.69","1,818.36","1,834.80",-4.1,-0.22,-0.22,"1,760,120,064.00",9/6/2016
1349,"1,819.83","1,840.78","1,819.50","1,838.90",19.07,1.05,1.05,"1,791,680,000.00",9/5/2016
1350,"1,805.18","1,821.71","1,804.33","1,819.83",14.65,0.81,0.81,"1,607,699,968.00",9/4/2016
1351,"1,797.45","1,806.13","1,797.49","1,805.18",7.73,0.43,0.43,"1,293,500,032.00",9/1/2016
1352,"1,788.08","1,799.39","1,781.43","1,797.45",9.37,0.52,0.52,"1,154,460,032.00",8/31/2016
1353,"1,766.54","1,790.29","1,766.07","1,788.08",21.54,1.22,1.22,"1,400,060,032.00",8/30/2016
1354,"1,748.23","1,767.60","1,747.71","1,766.54",18.31,1.05,1.05,"1,410,509,952.00",8/29/2016
1355,"1,730.62","1,758.90","1,730.48","1,748.23",0,1.02,0.00,"1,310,380,032.00",8/28/2016
1356,"1,730.62","1,758.90","1,730.48","1,748.23",17.61,1.02,1.02,"1,310,380,032.00",8/28/2016
1357,"1,681.86","1,731.07","1,682.14","1,730.62",48.76,2.9,2.90,"949,550,976.00",8/24/2016
1358,"1,683.12","1,704.71","1,674.85","1,681.86",-1.26,-0.08,-0.07,"810,753,024.00",8/23/2016
1359,"1,722.43","1,725.97","1,683.12","1,683.12",-39.31,-2.28,-2.28,"788,593,984.00",8/22/2016
1360,"1,734.93","1,744.84","1,719.78","1,722.43",-12.63,-0.73,-0.73,"618,347,008.00",8/21/2016
1361,"1,717.45","1,742.16","1,716.47","1,735.06",17.61,1.03,1.03,"948,409,984.00",8/17/2016
1362,"1,694.81","1,718.00","1,681.67","1,717.45",22.64,1.34,1.34,"983,681,984.00",8/16/2016
1363,"1,733.93","1,735.51","1,685.26","1,694.81",-39.12,-2.26,-2.26,"1,126,070,016.00",8/15/2016
1364,"1,774.87","1,775.03","1,730.95","1,733.93",-40.94,-2.31,-2.31,"1,096,530,048.00",8/14/2016
1365,"1,779.57","1,789.05","1,768.02","1,774.87",-4.7,-0.26,-0.26,"1,188,630,016.00",8/11/2016
1366,"1,760.74","1,789.49","1,741.03","1,779.57",19.15,1.09,1.09,"1,933,049,984.00",8/10/2016
1367,"1,675.91","1,760.42","1,675.92","1,760.42",84.51,5.04,5.04,"294,799,008.00",8/9/2016
1368,"1,764.72","1,766.14","1,675.91","1,675.91",0,-5.03,0.00,"854,620,032.00",8/8/2016
1369,"1,764.72","1,766.14","1,675.91","1,675.91",-88.81,-5.03,-5.03,"854,620,032.00",8/8/2016
1370,"1,768.60","1,805.75","1,759.24","1,764.72",-3.88,-0.22,-0.22,"1,495,219,968.00",8/7/2016
1371,"1,813.72","1,814.04","1,768.68","1,768.60",-45.12,-2.49,-2.49,"1,403,490,048.00",8/4/2016
1372,"1,826.47","1,831.70","1,795.89","1,813.72",0,-0.7,0.00,"1,245,689,984.00",8/3/2016
1373,"1,826.47","1,831.70","1,795.89","1,813.72",-12.75,-0.7,-0.70,"1,245,689,984.00",8/3/2016
1374,"1,845.41","1,846.91","1,824.66","1,826.47",-18.94,-1.03,-1.03,"1,364,979,968.00",8/2/2016
1375,"1,863.05","1,866.89","1,831.61","1,845.41",-17.35,-0.93,-0.93,"1,496,390,016.00",8/1/2016
1376,"1,877.93","1,878.02","1,861.13","1,862.76",-15.17,-0.81,-0.81,"1,715,219,968.00",7/31/2016
1377,"1,881.45","1,888.01","1,863.32","1,877.93",-3.52,-0.19,-0.19,"2,106,669,952.00",7/28/2016
1378,"1,866.50","1,888.36","1,866.26","1,881.45",14.95,0.8,0.80,"2,178,769,920.00",7/27/2016
1379,"1,838.49","1,869.08","1,837.97","1,866.50",28.01,1.52,1.52,"2,177,649,920.00",7/26/2016
1380,"1,798.83","1,838.59","1,798.83","1,838.49",39.66,2.2,2.20,"2,158,749,952.00",7/25/2016
1381,"1,786.84","1,804.75","1,779.71","1,798.83",0,0.67,0.00,"1,429,859,968.00",7/21/2016
1382,"1,786.84","1,804.75","1,779.71","1,798.83",11.99,0.67,0.67,"1,429,859,968.00",7/21/2016
1383,"1,800.47","1,813.44","1,782.57","1,786.84",-13.63,-0.76,-0.76,"2,057,750,016.00",7/20/2016
1384,"1,786.57","1,813.42","1,785.33","1,800.47",13.9,0.78,0.78,"2,101,240,064.00",7/19/2016
1385,"1,745.74","1,786.68","1,745.74","1,786.57",40.83,2.34,2.34,"1,839,369,984.00",7/18/2016
1386,"1,720.52","1,749.96","1,715.12","1,745.74",27.59,1.61,1.61,"1,285,520,000.00",7/17/2016
1387,"1,690.43","1,725.01","1,689.52","1,718.15",27.72,1.64,1.64,"1,356,649,984.00",7/14/2016
1388,"1,693.07","1,696.57","1,671.05","1,690.43",-2.64,-0.16,-0.16,"1,018,860,032.00",7/13/2016
1389,"1,702.27","1,709.48","1,654.02","1,693.07",-9.2,-0.54,-0.54,"1,093,299,968.00",7/12/2016
1390,"1,722.53","1,727.37","1,701.94","1,702.27",-20.26,-1.18,-1.18,"859,897,024.00",7/11/2016
1391,"1,715.77","1,732.22","1,715.77","1,722.53",6.81,0.4,0.40,"1,324,669,952.00",7/10/2016
1392,"1,713.03","1,723.34","1,712.94","1,715.72",2.69,0.16,0.16,"1,173,100,032.00",7/6/2016
1393,"1,716.83","1,717.95","1,705.06","1,713.03",-3.8,-0.22,-0.22,"1,160,760,064.00",7/5/2016
1394,"1,723.23","1,724.02","1,714.84","1,716.83",-2.37,-0.14,-0.14,"1,423,340,032.00",7/4/2016
1395,"1,723.23","1,725.47","1,709.34","1,719.20",-4.03,-0.23,-0.23,"1,720,080,000.00",7/3/2016
1396,"1,724.59","1,734.21","1,707.66","1,723.23",-1.36,-0.08,-0.08,"1,599,010,048.00",6/30/2016
1397,"1,724.19","1,732.68","1,721.24","1,724.59",0.4,0.02,0.02,"1,457,209,984.00",6/29/2016
1398,"1,712.84","1,733.28","1,711.68","1,724.19",2.42,0.66,0.14,"1,700,720,000.00",6/28/2016
1399,"1,685.17","1,721.77","1,693.68","1,721.77",36.6,2.17,2.17,"1,508,530,048.00",6/27/2016
1400,"1,666.29","1,688.48","1,665.27","1,685.17",18.88,1.13,1.13,"1,461,120,000.00",6/26/2016
1401,"1,648.17","1,670.71","1,648.17","1,666.29",18.78,1.14,1.14,"1,894,710,016.00",6/23/2016
1402,"1,628.81","1,651.86","1,628.84","1,647.51",18.7,1.15,1.15,"1,751,960,064.00",6/22/2016
1403,"1,615.22","1,628.92","1,615.22","1,628.81",13.71,0.85,0.85,"1,196,109,952.00",6/21/2016
1404,"1,632.94","1,625.76","1,609.38","1,615.10",-7.17,-0.44,-0.44,"1,115,449,984.00",6/20/2016
1405,"1,632.94","1,637.27","1,617.51","1,622.27",-10.67,-0.65,-0.65,"1,463,939,968.00",6/19/2016
1406,"1,632.94","1,632.94","1,632.94","1,632.94",12.47,0.77,0.77,"1,997,389,952.00",6/16/2016
1407,"1,620.47","1,620.47","1,620.47","1,620.47",6.32,0.39,0.39,"1,369,689,984.00",6/15/2016
1408,"1,614.15","1,614.15","1,614.15","1,614.15",4.56,0.28,0.28,"1,676,819,968.00",6/14/2016
1409,"1,597.96","1,626.03","1,595.86","1,609.59",11.63,0.73,0.73,"1,671,020,032.00",6/13/2016
1410,"1,566.70","1,602.00","1,564.45","1,597.96",31.26,2,2.00,"1,919,480,064.00",6/12/2016
1411,"1,566.70","1,566.70","1,566.70","1,566.70",19.9,1.29,1.29,"1,867,000,064.00",6/9/2016
1412,"1,531.49","1,547.65","1,529.24","1,546.80",15.31,1,1.00,"1,269,299,968.00",6/8/2016
1413,"1,516.80","1,537.98","1,516.80","1,531.49",14.69,0.97,0.97,"1,123,600,000.00",6/7/2016
1414,"1,483.21","1,516.80","1,483.21","1,516.80",33.66,2.27,2.27,"1,078,499,968.00",6/6/2016
1415,"1,483.14","1,483.14","1,483.14","1,483.14",-34.98,-2.3,-2.30,"1,246,659,968.00",6/5/2016
1416,"1,518.12","1,518.12","1,518.12","1,518.12",-5.44,-0.36,-0.36,"1,009,539,968.00",6/2/2016
1417,"1,523.56","1,523.56","1,523.56","1,523.56",-8.56,-0.56,-0.56,"1,196,009,984.00",6/1/2016
1418,"1,532.12","1,532.12","1,532.12","1,532.12",5.16,0.34,0.34,"1,298,520,064.00",5/31/2016
1419,"1,526.96","1,526.96","1,526.96","1,526.96",4.71,0.31,0.31,"1,148,169,984.00",5/30/2016
1420,"1,522.25","1,522.25","1,522.25","1,522.25",-2.84,-0.19,-0.19,"1,152,870,016.00",5/29/2016
1421,"1,525.09","1,525.09","1,525.09","1,525.09",0.97,0.06,0.06,0,5/26/2016
1422,"1,524.12","1,524.12","1,524.12","1,524.12",-20.41,-1.32,-1.32,0,5/25/2016
1423,"1,544.53","1,544.53","1,544.53","1,544.53",20.46,1.34,1.34,0,5/24/2016
1424,"1,524.07","1,524.07","1,524.07","1,524.07",14.68,0.97,0.97,0,5/23/2016
1425,"1,509.39","1,509.39","1,509.39","1,509.39",10.07,0.67,0.67,0,5/22/2016
1426,"1,499.32","1,499.32","1,499.32","1,499.32",2.91,0.19,0.19,0,5/19/2016
1427,"1,496.41","1,496.41","1,496.41","1,496.41",12.73,0.86,0.86,0,5/18/2016
1428,"1,483.68","1,483.68","1,483.68","1,483.68",16.17,1.1,1.10,0,5/17/2016
1429,"1,467.51","1,467.51","1,467.51","1,467.51",-9.87,-0.67,-0.67,0,5/16/2016
1430,"1,477.38","1,477.38","1,477.38","1,477.38",-4.56,-0.31,-0.31,0,5/15/2016
1431,"1,481.94","1,481.94","1,481.94","1,481.94",0.76,0.05,0.05,0,5/12/2016
1432,"1,481.18","1,481.18","1,481.18","1,481.18",-2.86,-0.19,-0.19,0,5/11/2016
1433,"1,484.04","1,484.04","1,484.04","1,484.04",1.14,0.08,0.08,0,5/10/2016
1434,"1,482.90","1,482.90","1,482.90","1,482.90",10.21,0.69,0.69,0,5/9/2016
1435,"1,472.69","1,472.69","1,472.69","1,472.69",9.56,0.65,0.65,0,5/8/2016
1436,"1,463.13","1,463.13","1,463.13","1,463.13",-4.98,-0.34,-0.34,0,5/5/2016
1437,"1,468.11","1,468.11","1,468.11","1,468.11",-3.84,-0.26,-0.26,0,5/4/2016
1438,"1,471.95","1,471.95","1,471.95","1,471.95",-2.52,-0.17,-0.17,0,5/3/2016
1439,"1,474.47","1,474.47","1,474.47","1,474.47",9.56,0.65,0.65,0,5/2/2016
1440,"1,464.91","1,464.91","1,464.91","1,464.91",6.53,0.45,0.45,0,4/28/2016
1441,"1,458.38","1,458.38","1,458.38","1,458.38",5.27,0.36,0.36,0,4/27/2016
1442,"1,453.11","1,453.11","1,453.11","1,453.11",-8.64,-0.59,-0.59,0,4/26/2016
1443,"1,461.75","1,461.75","1,461.75","1,461.75",7.4,0.51,0.51,0,4/25/2016
1444,"1,454.35","1,454.35","1,454.35","1,454.35",12.68,0.88,0.88,0,4/24/2016
1445,"1,441.67","1,441.67","1,441.67","1,441.67",0.98,0.07,0.07,0,4/21/2016
1446,"1,440.69","1,440.69","1,440.69","1,440.69",9.88,0.69,0.69,0,4/20/2016
1447,"1,430.81","1,430.81","1,430.81","1,430.81",2.21,0.15,0.15,0,4/19/2016
1448,"1,428.60","1,428.60","1,428.60","1,428.60",19.17,1.36,1.36,0,4/18/2016
1449,"1,409.43","1,409.43","1,409.43","1,409.43",3.65,0.26,0.26,0,4/17/2016
1450,"1,405.78","1,405.78","1,405.78","1,405.78",17.15,1.24,1.24,0,4/14/2016
1451,"1,388.63","1,388.63","1,388.63","1,388.63",4.78,0.35,0.35,0,4/12/2016
1452,"1,383.85","1,383.85","1,383.85","1,383.85",1.43,0.1,0.10,0,4/11/2016
1453,"1,382.42","1,382.42","1,382.42","1,382.42",5,0.36,0.36,0,4/10/2016
1454,"1,377.42","1,377.42","1,377.42","1,377.42",2.16,0.16,0.16,0,4/6/2016
1455,"1,375.26","1,375.26","1,375.26","1,375.26",12.73,0.93,0.93,0,4/5/2016
1456,"1,362.53","1,362.53","1,362.53","1,362.53",10.99,0.81,0.81,0,4/4/2016
1457,"1,351.54","1,351.54","1,351.54","1,351.54",-3.94,-0.29,-0.29,0,4/3/2016
1458,"1,355.48","1,355.48","1,355.48","1,355.48",-7.5,-0.55,-0.55,0,3/31/2016
1459,"1,362.98","1,362.98","1,362.98","1,362.98",-7.06,-0.86,-0.52,0,3/30/2016
1460,"1,370.04","1,370.04","1,370.04","1,370.04",-4.71,-0.34,-0.34,0,3/29/2016
1461,"1,374.75","1,374.75","1,374.75","1,374.75",-2.58,-0.19,-0.19,0,3/28/2016
1462,"1,377.33","1,377.33","1,377.33","1,377.33",20.19,1.49,1.49,0,3/27/2016
1463,"1,357.14","1,357.14","1,357.14","1,357.14",11.61,0.86,0.86,0,3/24/2016
1464,"1,345.53","1,345.53","1,345.53","1,345.53",3.46,0.26,0.26,0,3/23/2016
1465,"1,342.07","1,342.07","1,342.07","1,342.07",-1.86,-0.14,-0.14,0,3/21/2016
1466,"1,343.93","1,343.93","1,343.93","1,343.93",17.4,1.31,1.31,0,3/20/2016
1467,"1,326.53","1,326.53","1,326.53","1,326.53",10.76,0.82,0.82,0,3/17/2016
1468,"1,315.77","1,315.77","1,315.77","1,315.77",2.92,0.22,0.22,0,3/16/2016
1469,"1,312.85","1,312.85","1,312.85","1,312.85",0.65,0.05,0.05,0,3/15/2016
1470,"1,312.20","1,312.20","1,312.20","1,312.20",-6.68,-0.51,-0.51,0,3/14/2016
1471,"1,318.88","1,318.88","1,318.88","1,318.88",0.85,0.06,0.06,0,3/13/2016
1472,"1,318.03","1,318.03","1,318.03","1,318.03",11.49,0.88,0.88,0,3/10/2016
1473,"1,306.54","1,306.54","1,306.54","1,306.54",5.78,0.44,0.44,0,3/6/2016
1474,"1,300.76","1,300.76","1,300.76","1,300.76",4.98,0.38,0.38,0,3/3/2016
1475,"1,295.78","1,295.78","1,295.78","1,295.78",6.26,0.49,0.49,0,3/2/2016
1476,"1,289.52","1,289.52","1,289.52","1,289.52",5.58,0.43,0.43,0,3/1/2016
1477,"1,283.94","1,283.94","1,283.94","1,283.94",0.27,0.02,0.02,0,2/29/2016
1478,"1,283.67","1,283.67","1,283.67","1,283.67",0.15,0.01,0.01,0,2/28/2016
1479,"1,283.52","1,283.52","1,283.52","1,283.52",3.62,0.28,0.28,0,2/25/2016
1480,"1,279.90","1,279.90","1,279.90","1,279.90",-6.03,-0.47,-0.47,0,2/24/2016
1481,"1,285.93","1,285.93","1,285.93","1,285.93",-5.88,-0.46,-0.46,0,2/23/2016
1482,"1,291.81","1,291.81","1,291.81","1,291.81",12.89,1.01,1.01,0,2/22/2016
1483,"1,278.92","1,278.92","1,278.92","1,278.92",5.64,0.44,0.44,0,2/21/2016
1484,"1,273.28","1,273.28","1,273.28","1,273.28",7.2,0.57,0.57,0,2/18/2016
1485,"1,266.08","1,266.08","1,266.08","1,266.08",8.74,0.7,0.70,0,2/17/2016
1486,"1,257.34","1,257.34","1,257.34","1,257.34",-0.89,-0.07,-0.07,0,2/16/2016
1487,"1,258.23","1,258.23","1,258.23","1,258.23",-1.12,-0.09,-0.09,0,2/15/2016
1488,"1,259.35","1,259.35","1,259.35","1,259.35",-4.37,-0.35,-0.35,0,2/14/2016
1489,"1,263.72","1,263.72","1,263.72","1,263.72",-0.03,0,0.00,0,2/11/2016
1490,"1,263.75","1,263.75","1,263.75","1,263.75",0.93,0.07,0.07,0,2/8/2016
1491,"1,262.82","1,262.82","1,262.82","1,262.82",11.4,0.91,0.91,0,2/7/2016
1492,"1,251.42","1,251.42","1,251.42","1,251.42",9.29,0.75,0.75,0,2/4/2016
1493,"1,242.13","1,242.13","1,242.13","1,242.13",2.06,0.17,0.17,0,2/3/2016
1494,"1,240.07","1,240.07","1,240.07","1,240.07",2.05,0.17,0.17,0,2/2/2016
1495,"1,238.02","1,238.02","1,238.02","1,238.02",17.32,1.42,1.42,0,2/1/2016
1496,"1,220.70","1,220.70","1,220.70","1,220.70",4.59,0.38,0.38,0,1/31/2016
1497,"1,216.11","1,216.11","1,216.11","1,216.11",-0.85,-0.07,-0.07,0,1/28/2016
1498,"1,216.96","1,216.96","1,216.96","1,216.96",-1.43,-0.12,-0.12,0,1/27/2016
1499,"1,218.39","1,218.39","1,218.39","1,218.39",-4.04,-0.33,-0.33,0,1/26/2016
1500,"1,222.43","1,222.43","1,222.43","1,222.43",2.81,0.23,0.23,0,1/25/2016
1501,"1,219.62","1,219.62","1,219.62","1,219.62",7.3,0.6,0.60,0,1/24/2016
1502,"1,212.32","1,212.32","1,212.32","1,212.32",-1.25,-0.1,-0.10,0,1/21/2016
1503,"1,213.57","1,213.57","1,213.57","1,213.57",-0.14,-0.01,-0.01,0,1/20/2016
1504,"1,213.71","1,213.71","1,213.71","1,213.71",-0.6,-0.05,-0.05,0,1/19/2016
1505,"1,214.31","1,214.31","1,214.31","1,214.31",2.31,0.19,0.19,0,1/18/2016
1506,"1,212.00","1,212.00","1,212.00","1,212.00",21.84,1.84,1.84,0,1/17/2016
1507,"1,190.16","1,190.16","1,190.16","1,190.16",9.18,0.78,0.78,0,1/14/2016
1508,"1,180.98","1,180.98","1,180.98","1,180.98",7.38,0.63,0.63,0,1/13/2016
1509,"1,173.60","1,173.60","1,173.60","1,173.60",4.79,0.41,0.41,0,1/12/2016
1510,"1,168.81","1,168.81","1,168.81","1,168.81",1.63,0.14,0.14,0,1/11/2016
1511,"1,167.18","1,167.18","1,167.18","1,167.18",3.04,0.26,0.26,0,1/10/2016
1512,"1,164.14","1,164.14","1,164.14","1,164.14",14.25,1.24,1.24,0,1/7/2016
1513,"1,149.89","1,149.89","1,149.89","1,149.89",3.78,0.27,0.33,0,1/6/2016
1514,"1,146.11","1,146.11","1,146.11","1,146.11",-8.51,-0.68,-0.74,0,1/5/2016
1515,"1,154.62","1,154.62","1,154.62","1,154.62",3.24,-0.54,0.28,0,1/4/2016
1516,"1,151.38","1,151.38","1,151.38","1,151.38",9.21,0.81,0.81,0,12/31/2015
1517,"1,142.17","1,142.17","1,142.17","1,142.17",10.22,0.9,0.90,0,12/29/2015
1518,"1,131.95","1,131.95","1,131.95","1,131.95",-3.52,-0.31,-0.31,0,12/28/2015
1519,"1,135.47","1,135.47","1,135.47","1,135.47",-1.56,-0.14,-0.14,0,12/27/2015
1520,"1,137.03","1,137.03","1,137.03","1,137.03",3.69,0.33,0.33,0,12/24/2015
1521,"1,133.34","1,133.34","1,133.34","1,133.34",-4.84,-0.43,-0.43,0,12/23/2015
1522,"1,138.18","1,138.18","1,138.18","1,138.18",6.66,0.59,0.59,0,12/22/2015
1523,"1,131.52","1,131.52","1,131.52","1,131.52",12.71,1.12,1.14,0,12/21/2015
1524,"1,118.81","1,118.81","1,118.81","1,118.81",8.13,0.73,0.73,0,12/20/2015
1525,"1,110.68","1,110.68","1,110.68","1,110.68",-5.51,-0.49,-0.49,0,12/17/2015
1526,"1,116.19","1,116.19","1,116.19","1,116.19",-4.83,-0.43,-0.43,0,12/16/2015
1527,"1,121.02","1,121.02","1,121.02","1,121.02",0.84,0.07,0.07,0,12/15/2015
1528,"1,120.18","1,120.18","1,120.18","1,120.18",1.61,0.14,0.14,0,12/14/2015
1529,"1,118.57","1,118.57","1,118.57","1,118.57",-0.78,-0.07,-0.07,0,12/13/2015
1530,"1,119.35","1,119.35","1,119.35","1,119.35",-3.44,-0.31,-0.31,0,12/10/2015
1531,"1,122.79","1,122.79","1,122.79","1,122.79",15.56,1.41,1.41,0,12/9/2015
1532,"1,107.23","1,107.23","1,107.23","1,107.23",-0.71,-0.06,-0.06,0,12/8/2015
1533,"1,107.94","1,107.94","1,107.94","1,107.94",5.1,0.46,0.46,0,12/7/2015
1534,"1,102.84","1,102.84","1,102.84","1,102.84",29.9,2.79,2.79,0,12/6/2015
1535,"1,072.94","1,072.94","1,072.94","1,072.94",10.16,0.96,0.96,0,12/3/2015
1536,"1,062.78","1,062.78","1,062.78","1,062.78",-3.6,-0.34,-0.34,0,12/2/2015
1537,"1,066.38","1,066.38","1,066.38","1,066.38",32.26,3.12,3.12,0,12/1/2015
1538,"1,034.12","1,034.12","1,034.12","1,034.12",11.35,1.11,1.11,0,11/30/2015
1539,"1,022.77","1,022.77","1,022.77","1,022.77",-21.24,-2.03,-2.03,0,11/29/2015
1540,"1,044.01","1,044.01","1,044.01","1,044.01",-12.41,-1.17,-1.17,0,11/26/2015
1541,"1,056.42","1,056.42","1,056.42","1,056.42",-10.27,-0.96,-0.96,0,11/25/2015
1542,"1,066.69","1,066.69","1,066.69","1,066.69",-9.11,-0.85,-0.85,0,11/24/2015
1543,"1,075.80","1,075.80","1,075.80","1,075.80",4.42,0.41,0.41,0,11/23/2015
1544,"1,071.38","1,071.38","1,071.38","1,071.38",-23.19,-2.12,-2.12,0,11/22/2015
1545,"1,094.57","1,094.57","1,094.57","1,094.57",-4.68,-0.43,-0.43,0,11/19/2015
1546,"1,099.25","1,099.25","1,099.25","1,099.25",5.07,0.46,0.46,0,11/18/2015
1547,"1,094.18","1,094.18","1,094.18","1,094.18",-5.91,-0.54,-0.54,0,11/16/2015
1548,"1,100.09","1,100.09","1,100.09","1,100.09",-9.2,-0.83,-0.83,0,11/15/2015
1549,"1,109.29","1,109.29","1,109.29","1,109.29",1.86,0.17,0.17,0,11/10/2015
1550,"1,107.43","1,107.43","1,107.43","1,107.43",20.86,1.92,1.92,0,11/9/2015
1551,"1,086.57","1,086.57","1,086.57","1,086.57",-4.11,-0.38,-0.38,0,11/8/2015
1552,"1,090.68","1,090.68","1,090.68","1,090.68",-1.62,-0.15,-0.15,0,11/5/2015
1553,"1,092.30","1,092.30","1,092.30","1,092.30",6.43,0.59,0.59,0,11/4/2015
1554,"1,085.87","1,085.87","1,085.87","1,085.87",-5.96,-0.55,-0.55,0,11/3/2015
1555,"1,091.83","1,091.83","1,091.83","1,091.83",3.53,0.32,0.32,0,11/2/2015
1556,"1,088.30","1,088.30","1,088.30","1,088.30",-3.74,-0.34,-0.34,0,11/1/2015
1557,"1,092.04","1,092.04","1,092.04","1,092.04",7.67,0.71,0.71,0,10/29/2015
1558,"1,084.37","1,084.37","1,084.37","1,084.37",-7.36,-0.67,-0.67,0,10/28/2015
1559,"1,091.73","1,091.73","1,091.73","1,091.73",-29.32,-2.62,-2.62,0,10/27/2015
1560,"1,121.05","1,121.05","1,121.05","1,121.05",-6.37,-0.56,-0.57,0,10/25/2015
1561,"1,127.42","1,127.42","1,127.42","1,127.42",7.59,0.68,0.68,0,10/19/2015
1562,"1,119.83","1,119.83","1,119.83","1,119.83",-14.64,-1.29,-1.29,0,10/18/2015
1563,"1,134.47","1,134.47","1,134.47","1,134.47",-0.62,-0.05,-0.05,0,10/15/2015
1564,"1,135.09","1,135.09","1,135.09","1,135.09",-8.79,-0.77,-0.77,0,10/14/2015
1565,"1,143.88","1,143.88","1,143.88","1,143.88",-18.18,-1.56,-1.56,0,10/11/2015
1566,"1,162.06","1,162.06","1,162.06","1,162.06",12.61,1.1,1.10,0,10/8/2015
1567,"1,149.45","1,149.45","1,149.45","1,149.45",-9.34,-0.81,-0.81,0,10/7/2015
1568,"1,158.79","1,158.79","1,158.79","1,158.79",-12.48,-1.07,-1.07,0,10/6/2015
1569,"1,171.27","1,171.27","1,171.27","1,171.27",-12.21,-1.03,-1.03,0,10/5/2015
1570,"1,183.48","1,183.48","1,183.48","1,183.48",4.74,0.4,0.40,0,10/4/2015
1571,"1,178.74","1,178.74","1,178.74","1,178.74",-2.54,-0.22,-0.22,0,10/1/2015
1572,"1,181.28","1,181.28","1,181.28","1,181.28",11.98,1.02,1.02,0,9/30/2015
1573,"1,169.30","1,169.30","1,169.30","1,169.30",9.21,0.79,0.79,0,9/29/2015
1574,"1,160.09","1,160.09","1,160.09","1,160.09",-16.77,-1.42,-1.42,0,9/28/2015
1575,"1,176.86","1,176.86","1,176.86","1,176.86",-6.5,-0.55,-0.55,0,9/24/2015
1576,"1,183.36","1,183.36","1,183.36","1,183.36",27.28,2.35,2.36,0,9/23/2015
1577,"1,156.08","1,156.08","1,156.08","1,156.08",-39.94,-3.34,-3.34,0,9/22/2015
1578,"1,196.02","1,196.02","1,196.02","1,196.02",-6.79,-0.56,-0.56,0,9/17/2015
1579,"1,202.81","1,202.81","1,202.81","1,202.81",-3.03,-0.25,-0.25,0,9/16/2015
1580,"1,205.84","1,205.84","1,205.84","1,205.84",11.84,0.98,0.99,0,9/15/2015
1581,"1,194.00","1,194.00","1,194.00","1,194.00",10,0.86,0.84,0,9/14/2015
1582,"1,184.00","1,184.00","1,184.00","1,184.00",15,1.3,1.28,0,9/13/2015
1583,"1,169.00","1,169.00","1,169.00","1,169.00",-4,-0.38,-0.34,0,9/10/2015
1584,"1,173.00","1,173.00","1,173.00","1,173.00",-2,-0.13,-0.17,0,9/9/2015
1585,"1,175.00","1,175.00","1,175.00","1,175.00",4,0.32,0.34,0,9/8/2015
1586,"1,171.00","1,171.00","1,171.00","1,171.00",4,0.37,0.34,0,9/7/2015
1587,"1,167.00","1,167.00","1,167.00","1,167.00",-2,-0.23,-0.17,0,9/6/2015
1588,"1,169.00","1,169.00","1,169.00","1,169.00",-7,-0.58,-0.60,0,9/3/2015
1589,"1,176.00","1,176.00","1,176.00","1,176.00",-15,-1.27,-1.26,0,9/2/2015
1590,"1,191.00","1,191.00","1,191.00","1,191.00",-9,-0.73,-0.75,0,9/1/2015
1591,"1,200.00","1,200.00","1,200.00","1,200.00",16,1.39,1.35,0,8/31/2015
1592,"1,184.00","1,184.00","1,184.00","1,184.00",8,0.7,0.68,0,8/27/2015
1593,"1,176.00","1,176.00","1,176.00","1,176.00",-5,-0.49,-0.42,0,8/26/2015
1594,"1,181.00","1,181.00","1,181.00","1,181.00",-1,-0.03,-0.08,0,8/25/2015
1595,"1,182.00","1,182.00","1,182.00","1,182.00",-3,-0.25,-0.25,0,8/24/2015
1596,"1,185.00","1,185.00","1,185.00","1,185.00",-16,-1.35,-1.33,0,8/23/2015
1597,"1,201.00","1,201.00","1,201.00","1,201.00",9,0.76,0.76,0,8/20/2015
1598,"1,192.00","1,192.00","1,192.00","1,192.00",32,2.76,2.76,0,8/19/2015
1599,"1,160.00","1,160.00","1,160.00","1,160.00",2,0.2,0.17,0,8/18/2015
1600,"1,158.00","1,158.00","1,158.00","1,158.00",46,4.1,4.14,0,8/17/2015
1601,"1,112.00","1,112.00","1,112.00","1,112.00",24,2.17,2.21,0,8/16/2015
1602,"1,088.00","1,088.00","1,088.00","1,088.00",11,1.04,1.02,0,8/13/2015
1603,"1,077.00","1,077.00","1,077.00","1,077.00",-1,-0.05,-0.09,0,8/12/2015
1604,"1,078.00","1,078.00","1,078.00","1,078.00",-3,-0.38,-0.28,0,8/11/2015
1605,"1,081.00","1,081.00","1,081.00","1,081.00",18,1.69,1.69,0,8/10/2015
1606,"1,063.00","1,063.00","1,063.00","1,063.00",23,2.22,2.21,0,8/9/2015
1607,"1,040.00","1,040.00","1,040.00","1,040.00",6,0.61,0.58,0,8/6/2015
1608,"1,034.00","1,034.00","1,034.00","1,034.00",4,0.4,0.39,0,8/5/2015
1609,"1,030.00","1,030.00","1,030.00","1,030.00",0,-0.05,0.00,0,8/4/2015
1610,"1,030.00","1,030.00","1,030.00","1,030.00",-4,-0.36,-0.39,0,8/3/2015
1611,"1,034.00","1,034.00","1,034.00","1,034.00",6,0.6,0.58,0,8/2/2015
1612,"1,028.00","1,028.00","1,028.00","1,028.00",7,0.65,0.69,0,7/30/2015
1613,"1,021.00","1,021.00","1,021.00","1,021.00",-7,-0.66,-0.68,0,7/29/2015
1614,"1,028.00","1,028.00","1,028.00","1,028.00",-18,-1.75,-1.72,0,7/28/2015
1615,"1,046.00","1,046.00","1,046.00","1,046.00",-8,-0.72,-0.76,0,7/27/2015
1616,"1,054.00","1,054.00","1,054.00","1,054.00",51,5.04,5.08,0,7/26/2015
1617,"1,003.00","1,003.00","1,003.00","1,003.00",40,4.16,4.15,0,7/23/2015
1618,963,963,963,963,2,0.21,0.21,0,7/22/2015
1619,961,961,961,961,10,1.11,1.05,0,7/16/2015
1620,951,951,951,951,5,0.45,0.53,0,7/15/2015
1621,946,946,946,946,2,0.26,0.21,0,7/14/2015
1622,944,944,944,944,-1,-0.1,-0.11,0,7/13/2015
1623,945,945,945,945,2,0.16,0.21,0,7/12/2015
1624,943,943,943,943,0,0.03,0.00,0,7/9/2015
1625,943,943,943,943,2,0.19,0.21,0,7/8/2015
1626,941,941,941,941,4,0.49,0.43,0,7/7/2015
1627,937,937,937,937,-1,-0.13,-0.11,0,7/6/2015
1628,938,938,938,938,-1,-0.1,-0.11,0,7/5/2015
1629,939,939,939,939,-7,-0.72,-0.74,0,7/2/2015
1630,946,946,946,946,-3,-0.35,-0.32,0,7/1/2015
1631,949,949,949,949,3,0.3,0.32,0,6/30/2015
1632,946,946,946,946,8,0.89,0.85,0,6/29/2015
1633,938,938,938,938,8,0.82,0.86,0,6/28/2015
1634,930,930,930,930,2,0.24,0.22,0,6/25/2015
1635,928,928,928,928,2,0.22,0.22,0,6/24/2015
1636,926,926,926,926,4,0.39,0.43,0,6/23/2015
1637,922,922,922,922,4,0.49,0.44,0,6/22/2015
1638,918,918,918,918,-7,-0.72,-0.76,0,6/21/2015
1639,925,925,925,925,-3,-0.35,-0.32,0,6/18/2015
1640,928,928,928,928,-3,-0.31,-0.32,0,6/17/2015
1641,931,931,931,931,-3,-0.32,-0.32,0,6/16/2015
1642,934,934,934,934,6,0.58,0.65,0,6/15/2015
1643,928,928,928,928,-10,-1.02,-1.07,0,6/14/2015
1644,938,938,938,938,-18,-1.85,-1.88,0,6/11/2015
1645,956,956,956,956,-11,-1.13,-1.14,0,6/10/2015
1646,967,967,967,967,22,2.23,2.33,0,6/9/2015
1647,945,945,945,945,14,1.54,1.50,0,6/8/2015
1648,931,931,931,931,4,0.47,0.43,0,6/7/2015
1649,927,927,927,927,2,0.15,0.22,0,6/4/2015
1650,925,925,925,925,23,2.61,2.55,0,6/3/2015
1651,902,902,902,902,12,1.3,1.35,0,6/2/2015
1652,890,890,890,890,18,2.12,2.06,0,6/1/2015
1653,872,872,872,872,30,3.56,3.56,0,5/31/2015
1654,842,842,842,842,4,0.49,0.48,0,5/28/2015
1655,838,838,838,838,-22,-2.57,-2.56,0,5/27/2015
1656,860,860,860,860,-21,-2.33,-2.38,0,5/26/2015
1657,881,881,881,881,-29,-3.22,-3.19,0,5/25/2015
1658,910,910,910,910,-28,-3.02,-2.99,0,5/24/2015
1659,938,938,938,938,-4,-0.41,-0.42,0,4/23/2015
1660,942,942,942,942,-3,-0.33,-0.32,0,4/22/2015
1661,945,945,945,945,0,0.01,0.00,0,4/21/2015
1662,945,945,945,945,-1,-0.08,-0.11,0,4/20/2015
1663,946,946,946,946,-4,-0.44,-0.42,0,4/19/2015
1664,950,950,950,950,6,0.61,0.64,0,4/16/2015
1665,944,944,944,944,-4,-0.45,-0.42,0,4/15/2015
1666,948,948,948,948,-4,-0.39,-0.42,0,4/13/2015
1667,952,952,952,952,5,0.54,0.53,0,4/12/2015
1668,947,947,947,947,5,0.5,0.53,0,4/9/2015
1669,942,942,942,942,6,0.71,0.64,0,4/8/2015
1670,936,936,936,936,-2,-0.28,-0.21,0,4/7/2015
1671,938,938,938,938,4,0.41,0.43,0,4/6/2015
1672,934,934,934,934,-6,-0.62,-0.64,0,4/5/2015
1673,940,940,940,940,0,0.06,0.00,0,4/2/2015
1674,940,940,940,940,-6,-0.66,-0.63,0,4/1/2015
1675,946,946,946,946,7,0.71,0.75,0,3/31/2015
1676,939,939,939,939,-3,-0.34,-0.32,0,3/30/2015
1677,942,942,942,942,0,-0.01,0.00,0,3/29/2015
1678,942,942,942,942,-9,-0.93,-0.95,0,3/26/2015
1679,951,951,951,951,-3,-0.27,-0.31,0,3/25/2015
1680,954,954,954,954,-3,-0.29,-0.31,0,3/24/2015
1681,957,957,957,957,-7,-0.78,-0.73,0,3/23/2015
1682,964,964,964,964,-4,-0.36,-0.41,0,3/22/2015
1683,968,968,968,968,4,0.35,0.41,0,3/19/2015
1684,964,964,964,964,1,0.08,0.10,0,3/18/2015
1685,963,963,963,963,4,0.45,0.42,0,3/17/2015
1686,959,959,959,959,-12,-1.19,-1.24,0,3/16/2015
1687,971,971,971,971,-7,-0.79,-0.72,0,3/15/2015
1688,978,978,978,978,-6,-0.57,-0.61,0,3/12/2015
1689,984,984,984,984,0,-0.04,0.00,0,3/11/2015
1690,984,984,984,984,-5,-0.44,-0.51,0,3/10/2015
1691,989,989,989,989,6,0.54,0.61,0,3/9/2015
1692,983,983,983,983,2,0.21,0.20,0,3/4/2015
1693,981,981,981,981,-4,-0.35,-0.41,0,3/3/2015
1694,985,985,985,985,9,0.94,0.92,0,3/2/2015
1695,976,976,976,976,-3,-0.37,-0.31,0,3/1/2015
1696,979,979,979,979,8,0.89,0.82,0,2/26/2015
1697,971,971,971,971,0,-0.02,0.00,0,2/25/2015
1698,971,971,971,971,-3,-0.33,-0.31,0,2/24/2015
1699,974,974,974,974,3,0.26,0.31,0,2/23/2015
1700,971,971,971,971,-12,-1.14,-1.22,0,2/22/2015
1701,983,983,983,983,-4,-0.45,-0.41,0,2/18/2015
1702,987,987,987,987,-3,-0.28,-0.30,0,2/16/2015
1703,990,990,990,990,5,0.54,0.51,0,2/15/2015
1704,985,985,985,985,4,0.36,0.41,0,2/12/2015
1705,981,981,981,981,0,0.05,0.00,0,2/11/2015
1706,981,981,981,981,0,-0.02,0.00,0,2/10/2015
1707,981,981,981,981,-5,-0.54,-0.51,0,2/9/2015
1708,986,986,986,986,2,0.18,0.20,0,2/8/2015
1709,984,984,984,984,-3,-0.28,-0.30,0,2/5/2015
1710,987,987,987,987,-1,-0.05,-0.10,0,2/4/2015
1711,988,988,988,988,-3,-0.32,-0.30,0,2/3/2015
1712,991,991,991,991,0,-0.07,0.00,0,2/2/2015
1713,991,991,991,991,4,0.48,0.41,0,2/1/2015
1714,987,987,987,987,-1,-0.14,-0.10,0,1/29/2015
1715,988,988,988,988,13,1.33,1.33,0,1/28/2015
1716,975,975,975,975,6,0.67,0.62,0,1/27/2015
1717,969,969,969,969,0,-0.04,0.00,0,1/26/2015
1718,969,969,969,969,10,1.02,1.04,0,1/25/2015
1719,959,959,959,959,-4,-0.37,-0.42,0,1/22/2015
1720,963,963,963,963,-12,-1.3,-1.23,0,1/20/2015
1721,975,975,975,975,30,3.18,3.17,0,1/19/2015
1722,945,945,945,945,5,0.62,0.53,0,1/18/2015
1723,940,940,940,940,3,0.22,0.32,0,1/14/2015
1724,937,937,937,937,9,1.04,0.97,0,1/13/2015
1725,928,928,928,928,0,-0.06,0.00,0,1/12/2015
1726,928,928,928,928,-3,-0.28,-0.32,0,1/11/2015
1727,931,931,931,931,6,0.7,0.65,0,1/8/2015
1728,925,925,925,925,8,0.78,0.87,0,1/7/2015
1729,917,917,917,917,-3,-0.26,-0.33,0,1/6/2015
1730,920,920,920,920,2,0.25,0.22,0,1/5/2015
1731,918,918,918,918,14,1.53,1.55,0,1/4/2015
1732,904,904,904,904,2,0.15,0.22,0,1/1/2015
1733,902,902,902,902,-5,-0.54,-0.55,0,12/31/2014
1734,907,907,907,907,3,0.39,0.33,0,12/29/2014
1735,904,904,904,904,16,1.79,1.80,0,12/28/2014
1736,888,888,888,888,11,0.27,1.25,0,12/24/2014
1737,877,877,877,877,-8,-0.93,-0.90,0,12/23/2014
1738,885,885,885,885,-12,-1.25,-1.34,0,12/22/2014
1739,897,897,897,897,-7,-0.81,-0.77,0,12/21/2014
1740,904,904,904,904,4,0.39,0.44,0,12/18/2014
1741,900,900,900,900,-10,-1.08,-1.10,0,12/17/2014
1742,910,910,910,910,-7,-0.71,-0.76,0,12/16/2014
1743,917,917,917,917,7,0.74,0.77,0,12/15/2014
1744,910,910,910,910,39,4.52,4.48,0,12/14/2014
1745,871,871,871,871,15,1.77,1.75,0,12/11/2014
1746,856,856,856,856,7,0.8,0.82,0,12/10/2014
1747,849,849,849,849,1,0.04,0.12,0,12/9/2014
1748,848,848,848,848,-3,-0.29,-0.35,0,12/8/2014
1749,851,851,851,851,-3,-0.34,-0.35,0,12/7/2014
1750,854,854,854,854,4,0.42,0.47,0,12/4/2014
1751,850,850,850,850,4,0.44,0.47,0,12/3/2014
1752,846,846,846,846,-5,-0.59,-0.59,0,12/2/2014
1753,851,851,851,851,-6,-0.64,-0.70,0,12/1/2014
1754,857,857,857,857,-6,-0.71,-0.70,0,11/30/2014
1755,863,863,863,863,-1,-0.15,-0.12,0,11/25/2014
1756,864,864,864,864,-5,-0.56,-0.58,0,11/24/2014
1757,869,869,869,869,6,0.77,0.70,0,11/23/2014
1758,863,863,863,863,9,1,1.05,0,11/20/2014
1759,854,854,854,854,10,1.17,1.18,0,11/19/2014
1760,844,844,844,844,-4,-0.49,-0.47,0,11/18/2014
1761,848,848,848,848,-18,-2.08,-2.08,0,11/17/2014
1762,866,866,866,866,-15,-1.69,-1.70,0,11/16/2014
1763,881,881,881,881,-3,-0.37,-0.34,0,11/13/2014
1764,884,884,884,884,-9,-0.92,-1.01,0,11/12/2014
1765,893,893,893,893,8,0.88,0.90,0,11/11/2014
1766,885,885,885,885,-10,-1.19,-1.12,0,11/10/2014
1767,895,895,895,895,-10,-1.05,-1.10,0,11/9/2014
1768,905,905,905,905,0,0.03,0.00,0,11/6/2014
1769,905,905,905,905,8,0.8,0.89,0,11/5/2014
1770,897,897,897,897,-7,-0.73,-0.77,0,11/4/2014
1771,904,904,904,904,-17,-1.87,-1.85,0,11/3/2014
1772,921,921,921,921,-9,-0.96,-0.97,0,11/2/2014
1773,930,930,930,930,-3,-0.31,-0.32,0,10/30/2014
1774,933,933,933,933,-2,-0.21,-0.21,0,10/28/2014
1775,935,935,935,935,5,0.5,0.54,0,10/27/2014
1776,930,930,930,930,1,0.14,0.11,0,10/26/2014
1777,929,929,929,929,5,0.5,0.54,0,10/22/2014
1778,924,924,924,924,-2,-0.13,-0.22,0,10/21/2014
1779,926,926,926,926,0,-0.04,0.00,0,10/20/2014
1780,926,926,926,926,2,0.24,0.22,0,10/19/2014
1781,924,924,924,924,1,0.05,0.11,0,10/16/2014
1782,923,923,923,923,11,1.24,1.21,0,10/15/2014
1783,912,912,912,912,3,0.33,0.33,0,10/14/2014
1784,909,909,909,909,-6,-0.68,-0.66,0,10/13/2014
1785,915,915,915,915,-7,-0.74,-0.76,0,10/12/2014
1786,922,922,922,922,-3,-0.36,-0.32,0,10/9/2014
1787,925,925,925,925,-13,-1.36,-1.39,0,10/8/2014
1788,938,938,938,938,1,0.07,0.11,0,9/30/2014
1789,937,937,937,937,20,2.26,2.18,0,9/29/2014
1790,917,917,917,917,5,0.47,0.55,0,9/28/2014
1791,912,912,912,912,16,1.82,1.79,0,9/24/2014
1792,896,896,896,896,14,1.6,1.59,0,9/23/2014
1793,882,882,882,882,-2,-0.19,-0.23,0,9/22/2014
1794,884,884,884,884,-16,-1.82,-1.78,0,9/21/2014
1795,900,900,900,900,-13,-1.48,-1.42,0,9/18/2014
1796,913,913,913,913,-7,-0.7,-0.76,0,9/17/2014
1797,920,920,920,920,11,1.15,1.21,0,9/16/2014
1798,909,909,909,909,7,0.8,0.78,0,9/15/2014
1799,902,902,902,902,-9,-0.93,-0.99,0,9/14/2014
1800,911,911,911,911,0,0,0.00,0,9/11/2014
1801,911,911,911,911,-9,-1.03,-0.98,0,9/10/2014
1802,920,920,920,920,44,5.08,5.02,0,9/9/2014
1803,876,876,876,876,-46,-5,-4.99,0,9/7/2014
1804,922,922,922,922,-12,-1.31,-1.28,0,9/4/2014
1805,934,934,934,934,-13,-1.34,-1.37,0,9/3/2014
1806,947,947,947,947,-6,-0.63,-0.63,0,9/1/2014
1807,953,953,953,953,-19,-2.01,-1.95,0,8/31/2014
1808,972,972,972,972,12,1.22,1.25,0,8/28/2014
1809,960,960,960,960,38,4.18,4.12,0,8/27/2014
1810,922,922,922,922,-26,-2.74,-2.74,0,8/26/2014
1811,948,948,948,948,-37,-3.82,-3.76,0,8/25/2014
1812,985,985,985,985,-13,-1.27,-1.30,0,8/24/2014
1813,998,998,998,998,2,0.24,0.20,0,8/21/2014
1814,996,996,996,996,-18,-1.77,-1.78,0,8/20/2014
1815,"1,014.00","1,014.00","1,014.00","1,014.00",1,0.04,0.10,0,8/19/2014
1816,"1,013.00","1,013.00","1,013.00","1,013.00",-21,-2.04,-2.03,0,8/18/2014
1817,"1,034.00","1,034.00","1,034.00","1,034.00",8,0.8,0.78,0,8/14/2014
1818,"1,026.00","1,026.00","1,026.00","1,026.00",4,0.43,0.39,0,8/13/2014
1819,"1,022.00","1,022.00","1,022.00","1,022.00",-19,-1.8,-1.83,0,8/12/2014
1820,"1,041.00","1,041.00","1,041.00","1,041.00",0,-0.06,0.00,0,8/7/2014
1821,"1,041.00","1,041.00","1,041.00","1,041.00",-4,-0.34,-0.38,0,8/6/2014
1822,"1,045.00","1,045.00","1,045.00","1,045.00",6,0.55,0.58,0,8/5/2014
1823,"1,039.00","1,039.00","1,039.00","1,039.00",-17,-1.65,-1.61,0,8/4/2014
1824,"1,056.00","1,056.00","1,056.00","1,056.00",-10,-0.91,-0.94,0,8/3/2014
1825,"1,066.00","1,066.00","1,066.00","1,066.00",4,0.34,0.38,0,7/31/2014
1826,"1,062.00","1,062.00","1,062.00","1,062.00",-11,-0.97,-1.03,0,7/30/2014
1827,"1,073.00","1,073.00","1,073.00","1,073.00",-1,-0.1,-0.09,0,7/28/2014
1828,"1,074.00","1,074.00","1,074.00","1,074.00",-5,-0.48,-0.46,0,7/27/2014
1829,"1,079.00","1,079.00","1,079.00","1,079.00",-3,-0.22,-0.28,0,7/24/2014
1830,"1,082.00","1,082.00","1,082.00","1,082.00",4,0.36,0.37,0,7/23/2014
1831,"1,078.00","1,078.00","1,078.00","1,078.00",-6,-0.54,-0.55,0,7/22/2014
1832,"1,084.00","1,084.00","1,084.00","1,084.00",9,0.8,0.84,0,7/21/2014
1833,"1,075.00","1,075.00","1,075.00","1,075.00",29,2.78,2.77,0,7/20/2014
1834,"1,046.00","1,046.00","1,046.00","1,046.00",10,0.94,0.97,0,7/17/2014
1835,"1,036.00","1,036.00","1,036.00","1,036.00",10,1.02,0.97,0,7/16/2014
1836,"1,026.00","1,026.00","1,026.00","1,026.00",-3,-0.32,-0.29,0,7/15/2014
1837,"1,029.00","1,029.00","1,029.00","1,029.00",-8,-0.78,-0.77,0,7/14/2014
1838,"1,037.00","1,037.00","1,037.00","1,037.00",14,1.32,1.37,0,7/13/2014
1839,"1,023.00","1,023.00","1,023.00","1,023.00",6,0.69,0.59,0,7/10/2014
1840,"1,017.00","1,017.00","1,017.00","1,017.00",2,0.18,0.20,0,7/9/2014
1841,"1,015.00","1,015.00","1,015.00","1,015.00",20,1.96,2.01,0,7/8/2014
1842,995,995,995,995,9,0.89,0.91,0,7/7/2014
1843,986,986,986,986,13,1.39,1.34,0,7/6/2014
1844,973,973,973,973,1,0.04,0.10,0,7/3/2014
1845,972,972,972,972,15,1.66,1.57,0,7/2/2014
1846,957,957,957,957,11,1.39,1.16,0,7/1/2014
1847,946,946,946,946,3,0.25,0.32,0,6/30/2014
1848,943,943,943,943,7,0.77,0.75,0,6/29/2014
1849,936,936,936,936,4,0.44,0.43,0,6/26/2014
1850,932,932,932,932,8,0.93,0.87,0,6/25/2014
1851,924,924,924,924,6,0.65,0.65,0,6/24/2014
1852,918,918,918,918,-9,-0.96,-0.97,0,6/23/2014
1853,927,927,927,927,-5,-0.61,-0.54,0,6/19/2014
1854,932,932,932,932,-3,-0.35,-0.32,0,6/18/2014
1855,935,935,935,935,-4,-0.36,-0.43,0,6/17/2014
1856,939,939,939,939,11,1.22,1.19,0,6/16/2014
1857,928,928,928,928,23,2.53,2.54,0,6/15/2014
1858,905,905,905,905,5,0.56,0.56,0,6/12/2014
1859,900,900,900,900,5,0.5,0.56,0,6/11/2014
1860,895,895,895,895,10,1.11,1.13,0,6/10/2014
1861,885,885,885,885,2,0.23,0.23,0,6/9/2014
1862,883,883,883,883,4,0.44,0.46,0,6/8/2014
1863,879,879,879,879,-4,-0.41,-0.45,0,6/5/2014
1864,883,883,883,883,-2,-0.2,-0.23,0,6/4/2014
1865,885,885,885,885,5,0.51,0.57,0,6/3/2014
1866,880,880,880,880,11,1.26,1.27,0,6/2/2014
1867,869,869,869,869,2,0.3,0.23,0,6/1/2014
1868,867,867,867,867,10,1.17,1.17,0,5/28/2014
1869,857,857,857,857,-4,-0.47,-0.46,0,5/27/2014
1870,861,861,861,861,0,-0.1,0.00,0,5/26/2014
1871,861,861,861,861,9,1.1,1.06,0,5/25/2014
1872,852,852,852,852,4,0.42,0.47,0,5/22/2014
1873,848,848,848,848,4,0.48,0.47,0,5/21/2014
1874,844,844,844,844,0,0,0.00,0,5/20/2014
1875,844,844,844,844,-6,-0.6,-0.71,0,5/19/2014
1876,850,850,850,850,-3,-0.41,-0.35,0,5/18/2014
1877,853,853,853,853,1,0.13,0.12,0,5/15/2014
1878,852,852,852,852,-1,-0.07,-0.12,0,5/13/2014
1879,853,853,853,853,3,0.36,0.35,0,5/12/2014
1880,850,850,850,850,-7,-0.83,-0.82,0,5/11/2014
1881,857,857,857,857,-9,-1.09,-1.04,0,5/8/2014
1882,866,866,866,866,4,0.55,0.46,0,5/7/2014
1883,862,862,862,862,15,1.73,1.77,0,5/6/2014
1884,847,847,847,847,16,1.93,1.93,0,5/5/2014
1885,831,831,831,831,8,0.9,0.97,0,5/4/2014
1886,823,823,823,823,7,0.86,0.86,0,4/30/2014
1887,816,816,816,816,2,0.26,0.25,0,4/29/2014
1888,814,814,814,814,-4,-0.54,-0.49,0,4/28/2014
1889,818,818,818,818,-2,-0.33,-0.24,0,4/27/2014
1890,820,820,820,820,5,0.6,0.61,0,4/23/2014
1891,815,815,815,815,7,0.91,0.87,0,4/22/2014
1892,808,808,808,808,0,-0.04,0.00,0,4/21/2014
1893,808,808,808,808,-3,-0.33,-0.37,0,4/20/2014
1894,811,811,811,811,0,-0.04,0.00,0,4/17/2014
1895,811,811,811,811,-8,-0.87,-0.98,0,4/16/2014
1896,819,819,819,819,1,0.11,0.12,0,4/15/2014
1897,818,818,818,818,7,0.77,0.86,0,4/13/2014
1898,811,811,811,811,9,1.2,1.12,0,4/10/2014
1899,802,802,802,802,6,0.73,0.75,0,4/9/2014
1900,796,796,796,796,-1,-0.18,-0.13,0,4/7/2014
1901,797,797,797,797,-4,-0.4,-0.50,0,4/6/2014
1902,801,801,801,801,-2,-0.3,-0.25,0,4/3/2014
1903,803,803,803,803,2,0.25,0.25,0,4/2/2014
1904,801,801,801,801,9,1.11,1.14,0,4/1/2014
1905,792,792,792,792,9,1.15,1.15,0,3/31/2014
1906,783,783,783,783,2,0.27,0.26,0,3/27/2014
1907,781,781,781,781,1,0.07,0.13,0,3/26/2014
1908,780,780,780,780,-3,-0.29,-0.38,0,3/25/2014
1909,783,783,783,783,8,1.03,1.03,0,3/24/2014
1910,775,775,775,775,0,-0.07,0.00,0,3/23/2014
1911,775,775,775,775,10,1.36,1.31,0,3/20/2014
1912,765,765,765,765,10,1.31,1.32,0,3/19/2014
1913,755,755,755,755,-14,-1.76,-1.82,0,3/18/2014
1914,769,769,769,769,-14,-1.86,-1.79,0,3/17/2014
1915,783,783,783,783,2,0.32,0.26,0,3/13/2014
1916,781,781,781,781,-7,-0.94,-0.89,0,3/12/2014
1917,788,788,788,788,-6,-0.7,-0.76,0,3/11/2014
1918,794,794,794,794,-3,-0.37,-0.38,0,3/10/2014
1919,797,797,797,797,-9,-1.13,-1.12,0,3/9/2014
1920,806,806,806,806,-4,-0.6,-0.49,0,3/6/2014
1921,810,810,810,810,10,1.3,1.25,0,3/5/2014
1922,800,800,800,800,-11,-1.36,-1.36,0,3/4/2014
1923,811,811,811,811,-15,-1.78,-1.82,0,3/3/2014
1924,826,826,826,826,-3,-0.45,-0.36,0,2/26/2014
1925,829,829,829,829,-1,-0.05,-0.12,0,2/25/2014
1926,830,830,830,830,-2,-0.24,-0.24,0,2/24/2014
1927,832,832,832,832,9,1.12,1.09,0,2/23/2014
1928,823,823,823,823,8,1,0.98,0,2/20/2014
1929,815,815,815,815,11,1.34,1.37,0,2/18/2014
1930,804,804,804,804,3,0.3,0.37,0,2/17/2014
1931,801,801,801,801,-2,-0.22,-0.25,0,2/16/2014
1932,803,803,803,803,5,0.6,0.63,0,2/13/2014
1933,798,798,798,798,1,0.22,0.13,0,2/12/2014
1934,797,797,797,797,-6,-0.82,-0.75,0,2/11/2014
1935,803,803,803,803,19,2.44,2.42,0,2/10/2014
1936,784,784,784,784,-2,-0.23,-0.25,0,2/9/2014
1937,786,786,786,786,5,0.56,0.64,0,2/6/2014
1938,781,781,781,781,6,0.83,0.77,0,2/5/2014
1939,775,775,775,775,5,0.7,0.65,0,2/4/2014
1940,770,770,770,770,-6,-0.83,-0.77,0,2/3/2014
1941,776,776,776,776,-5,-0.71,-0.64,0,2/2/2014
1942,781,781,781,781,-1,-0.12,-0.13,0,1/29/2014
1943,782,782,782,782,2,0.24,0.26,0,1/28/2014
1944,780,780,780,780,-4,-0.41,-0.51,0,1/27/2014
1945,784,784,784,784,-2,-0.26,-0.25,0,1/26/2014
1946,786,786,786,786,2,0.23,0.26,0,1/23/2014
1947,784,784,784,784,-1,-0.19,-0.13,0,1/22/2014
1948,785,785,785,785,-5,-0.61,-0.63,0,1/21/2014
1949,790,790,790,790,-5,-0.62,-0.63,0,1/20/2014
1950,795,795,795,795,0,0.07,0.00,0,1/19/2014
1951,795,795,795,795,8,0.93,1.02,0,1/16/2014
1952,787,787,787,787,5,0.63,0.64,0,1/14/2014
1953,782,782,782,782,0,0.02,0.00,0,1/13/2014
1954,782,782,782,782,9,1.22,1.16,0,1/12/2014
1955,773,773,773,773,1,0.14,0.13,0,1/9/2014
1956,772,772,772,772,10,1.34,1.31,0,1/8/2014
1957,762,762,762,762,5,0.56,0.66,0,1/7/2014
1958,757,757,757,757,-1,-0.16,-0.13,0,1/6/2014
1959,758,758,758,758,-6,-0.69,-0.79,0,1/5/2014
1960,764,764,764,764,10,1.24,1.33,0,1/2/2014
1961,754,754,754,754,-17,-2.13,-2.20,0,1/1/2014
1962,771,771,771,771,-9,-1.14,-1.15,0,12/31/2013
1963,780,780,780,780,-7,-0.96,-0.89,0,12/29/2013
1964,787,787,787,787,10,1.3,1.29,0,12/26/2013
1965,777,777,777,777,8,1.1,1.04,0,12/24/2013
1966,769,769,769,769,-26,-3.33,-3.27,0,12/23/2013
1967,795,795,795,795,-11,-1.3,-1.36,0,12/22/2013
1968,806,806,806,806,-1,-0.14,-0.12,0,12/19/2013
1969,807,807,807,807,36,4.62,4.67,0,12/18/2013
1970,771,771,771,771,38,5.18,5.18,0,12/16/2013
1971,733,733,733,733,19,2.71,2.66,0,12/15/2013
1972,714,714,714,714,3,0.44,0.42,0,12/12/2013
1973,711,711,711,711,11,1.56,1.57,0,12/11/2013
1974,700,700,700,700,-4,-0.61,-0.57,0,12/10/2013
1975,704,704,704,704,2,0.23,0.28,0,12/9/2013
1976,702,702,702,702,-5,-0.69,-0.71,0,12/8/2013
1977,707,707,707,707,6,0.94,0.86,0,12/5/2013
1978,701,701,701,701,23,3.39,3.39,0,12/4/2013
1979,678,678,678,678,16,2.42,2.42,0,12/3/2013
1980,662,662,662,662,10,1.51,1.53,0,12/2/2013
1981,652,652,652,652,8,1.24,1.24,0,12/1/2013
1982,644,644,644,644,-3,-0.5,-0.46,0,11/28/2013
1983,647,647,647,647,-2,-0.3,-0.31,0,11/27/2013
1984,649,649,649,649,1,0.17,0.15,0,11/26/2013
1985,648,648,648,648,-9,-1.33,-1.37,0,11/25/2013
1986,657,657,657,657,23,3.53,3.63,0,11/24/2013
1987,634,634,634,634,34,5.64,5.67,0,11/21/2013
1988,600,600,600,600,0,0.05,0.00,0,11/14/2013
1989,600,600,600,600,2,0.34,0.33,0,11/13/2013
1990,598,598,598,598,7,1.15,1.18,0,11/12/2013
1991,591,591,591,591,11,1.86,1.90,0,11/11/2013
1992,580,580,580,580,1,0.17,0.17,0,11/10/2013
1993,579,579,579,579,0,0.04,0.00,0,11/7/2013
1994,579,579,579,579,0,-0.03,0.00,0,11/6/2013
1995,579,579,579,579,0,0.13,0.00,0,10/31/2013
1996,579,579,579,579,3,0.53,0.52,0,10/30/2013
1997,576,576,576,576,1,0.04,0.17,0,10/29/2013
1998,575,575,575,575,-3,-0.41,-0.52,0,10/28/2013
1999,578,578,578,578,-2,-0.31,-0.34,0,10/27/2013
2000,580,580,580,580,-1,-0.16,-0.17,0,10/24/2013
2001,581,581,581,581,-1,-0.21,-0.17,0,10/23/2013
2002,582,582,582,582,-6,-1.04,-1.02,0,10/22/2013
2003,588,588,588,588,4,0.66,0.68,0,10/21/2013
2004,584,584,584,584,12,2.15,2.10,0,10/20/2013
2005,572,572,572,572,5,0.85,0.88,0,10/17/2013
2006,567,567,567,567,7,1.16,1.25,0,10/10/2013
2007,560,560,560,560,3,0.66,0.54,0,10/9/2013
2008,557,557,557,557,1,0.2,0.18,0,10/8/2013
2009,556,556,556,556,4,0.73,0.72,0,10/7/2013
2010,552,552,552,552,7,1.13,1.28,0,10/6/2013
2011,545,545,545,545,2,0.42,0.37,0,10/3/2013
2012,543,543,543,543,1,0.28,0.18,0,10/2/2013
2013,542,542,542,542,0,-0.02,0.00,0,10/1/2013
2014,542,542,542,542,0,0.02,0.00,0,9/30/2013
2015,542,542,542,542,0,0.03,0.00,0,9/29/2013
2016,542,542,542,542,-1,-0.3,-0.18,0,9/26/2013
2017,543,543,543,543,1,0.25,0.18,0,9/25/2013
2018,542,542,542,542,4,0.68,0.74,0,9/24/2013
2019,538,538,538,538,-4,-0.59,-0.74,0,9/23/2013
2020,542,542,542,542,-7,-1.36,-1.28,0,9/22/2013
2021,549,549,549,549,-3,-0.54,-0.54,0,9/19/2013
2022,552,552,552,552,0,-0.01,0.00,0,9/17/2013
2023,552,552,552,552,2,0.36,0.36,0,9/16/2013
2024,550,550,550,550,0,0.03,0.00,0,9/15/2013
2025,550,550,550,550,2,0.25,0.36,0,9/12/2013
2026,548,548,548,548,0,0.16,0.00,0,9/11/2013
2027,548,548,548,548,-4,-0.85,-0.72,0,9/10/2013
2028,552,552,552,552,0,0.05,0.00,0,9/9/2013
2029,552,552,552,552,6,1.01,1.10,0,9/8/2013
2030,546,546,546,546,0,0.18,0.00,0,9/5/2013
2031,546,546,546,546,-2,-0.48,-0.36,0,9/4/2013
2032,548,548,548,548,-2,-0.39,-0.36,0,9/3/2013
2033,550,550,550,550,-2,-0.23,-0.36,0,9/2/2013
2034,552,552,552,552,1,0.03,0.18,0,9/1/2013
2035,551,551,551,551,-1,-0.14,-0.18,0,8/29/2013
2036,552,552,552,552,5,1.01,0.91,0,8/27/2013
2037,547,547,547,547,-1,-0.25,-0.18,0,8/26/2013
2038,548,548,548,548,0,-0.05,0.00,0,8/25/2013
2039,548,548,548,548,4,0.85,0.74,0,8/20/2013
2040,544,544,544,544,4,0.6,0.74,0,8/19/2013
2041,540,540,540,540,4,0.76,0.75,0,8/18/2013
2042,536,536,536,536,-1,-0.13,-0.19,0,8/15/2013
2043,537,537,537,537,-1,-0.23,-0.19,0,8/14/2013
2044,538,538,538,538,-1,-0.03,-0.19,0,8/13/2013
2045,539,539,539,539,0,-0.16,0.00,0,8/12/2013
2046,539,539,539,539,-4,-0.59,-0.74,0,8/11/2013
2047,543,543,543,543,1,0.05,0.18,0,8/8/2013
2048,542,542,542,542,-1,-0.09,-0.18,0,8/7/2013
2049,543,543,543,543,2,0.36,0.37,0,8/6/2013
2050,541,541,541,541,-6,-1.04,-1.10,0,8/5/2013
2051,547,547,547,547,0,-0.05,0.00,0,8/4/2013
2052,547,547,547,547,-1,-0.14,-0.18,0,8/1/2013
2053,548,548,548,548,2,0.3,0.37,0,7/31/2013
2054,546,546,546,546,7,1.28,1.30,0,7/30/2013
2055,539,539,539,539,5,0.9,0.94,0,7/29/2013
2056,534,534,534,534,5,0.97,0.95,0,7/28/2013
2057,529,529,529,529,-1,-0.11,-0.19,0,7/25/2013
2058,530,530,530,530,-3,-0.62,-0.56,0,7/24/2013
2059,533,533,533,533,0,0.02,0.00,0,7/23/2013
2060,533,533,533,533,-3,-0.53,-0.56,0,7/22/2013
2061,536,536,536,536,14,2.72,2.68,0,7/21/2013
2062,522,522,522,522,10,1.94,1.95,0,7/18/2013
2063,512,512,512,512,3,0.45,0.59,0,7/17/2013
2064,509,509,509,509,-9,-1.73,-1.74,0,7/16/2013
2065,518,518,518,518,7,1.41,1.37,0,7/15/2013
2066,511,511,511,511,5,0.91,0.99,0,7/14/2013
2067,506,506,506,506,1,0.22,0.20,0,7/11/2013
2068,505,505,505,505,-1,-0.06,-0.20,0,7/10/2013
2069,506,506,506,506,5,0.93,1.00,0,7/9/2013
2070,501,501,501,501,7,1.32,1.42,0,7/8/2013
2071,494,494,494,494,0,0.15,0.00,0,7/7/2013
2072,494,494,494,494,0,-0.16,0.00,0,7/4/2013
2073,494,494,494,494,0,0.02,0.00,0,7/3/2013
2074,494,494,494,494,0,0,0.00,0,7/2/2013
2075,494,494,494,494,1,0.24,0.20,0,7/1/2013
2076,493,493,493,493,-3,-0.49,-0.60,0,6/30/2013
2077,496,496,496,496,-2,-0.5,-0.40,0,6/27/2013
2078,498,498,498,498,4,0.84,0.81,0,6/26/2013
2079,494,494,494,494,5,1.02,1.02,0,6/25/2013
2080,489,489,489,489,1,0.29,0.20,0,6/24/2013
2081,488,488,488,488,0,-0.19,0.00,0,6/23/2013
2082,488,488,488,488,-2,-0.31,-0.41,0,6/20/2013
2083,490,490,490,490,-1,-0.21,-0.20,0,6/19/2013
2084,491,491,491,491,-2,-0.48,-0.41,0,6/18/2013
2085,493,493,493,493,-2,-0.31,-0.40,0,6/17/2013
2086,495,495,495,495,1,0.12,0.20,0,6/16/2013
2087,494,494,494,494,-1,-0.2,-0.20,0,6/13/2013
2088,495,495,495,495,-1,-0.04,-0.20,0,6/12/2013
2089,496,496,496,496,0,-0.05,0.00,0,6/11/2013
2090,496,496,496,496,-1,-0.32,-0.20,0,6/10/2013
2091,497,497,497,497,-1,-0.19,-0.20,0,6/9/2013
2092,498,498,498,498,0,0.02,0.00,0,6/6/2013
2093,498,498,498,498,0,-0.04,0.00,0,6/5/2013
2094,498,498,498,498,-1,-0.07,-0.20,0,6/4/2013
2095,499,499,499,499,2,0.42,0.40,0,6/3/2013
2096,497,497,497,497,-3,-0.68,-0.60,0,6/2/2013
2097,500,500,500,500,-1,-0.12,-0.20,0,5/30/2013
2098,501,501,501,501,-3,-0.57,-0.60,0,5/28/2013
2099,504,504,504,504,5,0.93,1.00,0,5/27/2013
2100,499,499,499,499,2,0.43,0.40,0,5/26/2013
2101,497,497,497,497,-2,-0.38,-0.40,0,5/23/2013
2102,499,499,499,499,-1,-0.29,-0.20,0,5/22/2013
2103,500,500,500,500,3,0.55,0.60,0,5/21/2013
2104,497,497,497,497,-1,-0.07,-0.20,0,5/20/2013
2105,498,498,498,498,-2,-0.43,-0.40,0,5/19/2013
2106,500,500,500,500,6,1.11,1.21,0,5/16/2013
2107,494,494,494,494,3,0.8,0.61,0,5/15/2013
2108,491,491,491,491,2,0.38,0.41,0,5/14/2013
2109,489,489,489,489,6,1.1,1.24,0,5/13/2013
2110,483,483,483,483,-3,-0.59,-0.62,0,5/12/2013
2111,486,486,486,486,0,-0.02,0.00,0,5/9/2013
2112,486,486,486,486,-4,-0.83,-0.82,0,5/8/2013
2113,490,490,490,490,8,1.76,1.66,0,5/7/2013
2114,482,482,482,482,-6,-1.23,-1.23,0,5/6/2013
2115,488,488,488,488,-5,-1,-1.01,0,5/5/2013
2116,493,493,493,493,-8,-1.58,-1.60,0,5/2/2013
2117,501,501,501,501,-1,-0.32,-0.20,0,4/30/2013
2118,502,502,502,502,-3,-0.53,-0.59,0,4/29/2013
2119,505,505,505,505,-3,-0.65,-0.59,0,4/28/2013
2120,508,508,508,508,-1,-0.14,-0.20,0,4/25/2013
2121,509,509,509,509,5,0.97,0.99,0,4/23/2013
2122,504,504,504,504,-10,-1.85,-1.95,0,4/22/2013
2123,514,514,514,514,-5,-1.04,-0.96,0,4/21/2013
2124,519,519,519,519,0,-0.04,0.00,0,4/18/2013
2125,519,519,519,519,-2,-0.28,-0.38,0,4/17/2013
2126,521,521,521,521,0,-0.14,0.00,0,4/16/2013
2127,521,521,521,521,-2,-0.38,-0.38,0,4/15/2013
2128,523,523,523,523,4,0.8,0.77,0,4/11/2013
2129,519,519,519,519,4,0.85,0.78,0,4/9/2013
2130,515,515,515,515,-1,-0.22,-0.19,0,4/8/2013
2131,516,516,516,516,3,0.53,0.58,0,4/7/2013
2132,513,513,513,513,-5,-0.93,-0.97,0,4/4/2013
2133,518,518,518,518,-1,-0.18,-0.19,0,4/3/2013
2134,519,519,519,519,5,1.03,0.97,0,4/2/2013
2135,514,514,514,514,3,0.44,0.59,0,4/1/2013
2136,511,511,511,511,-8,-1.41,-1.54,0,3/31/2013
2137,519,519,519,519,-2,-0.37,-0.38,0,3/28/2013
2138,521,521,521,521,-1,-0.25,-0.19,0,3/27/2013
2139,522,522,522,522,2,0.46,0.38,0,3/25/2013
2140,520,520,520,520,-8,-1.57,-1.52,0,3/24/2013
2141,528,528,528,528,0,-0.07,0.00,0,3/21/2013
2142,528,528,528,528,-4,-0.71,-0.75,0,3/20/2013
2143,532,532,532,532,1,0.29,0.19,0,3/19/2013
2144,531,531,531,531,-4,-0.87,-0.75,0,3/18/2013
2145,535,535,535,535,-13,-2.41,-2.37,0,3/17/2013
2146,548,548,548,548,2,0.41,0.37,0,3/14/2013
2147,546,546,546,546,6,1.2,1.11,0,3/13/2013
2148,540,540,540,540,1,0.07,0.19,0,3/11/2013
2149,539,539,539,539,-2,-0.31,-0.37,0,3/7/2013
2150,541,541,541,541,3,0.46,0.56,0,3/6/2013
2151,538,538,538,538,-3,-0.51,-0.55,0,3/5/2013
2152,541,541,541,541,-1,-0.07,-0.18,0,3/4/2013
2153,542,542,542,542,0,-0.16,0.00,0,3/3/2013
2154,542,542,542,542,2,0.4,0.37,0,2/28/2013
2155,540,540,540,540,-6,-0.97,-1.10,0,2/27/2013
2156,546,546,546,546,2,0.24,0.37,0,2/26/2013
2157,544,544,544,544,5,1.06,0.93,0,2/25/2013
2158,539,539,539,539,-5,-1.03,-0.92,0,2/24/2013
2159,544,544,544,544,5,0.89,0.93,0,2/21/2013
2160,539,539,539,539,-10,-1.76,-1.82,0,2/20/2013
2161,549,549,549,549,-7,-1.26,-1.26,0,2/19/2013
2162,556,556,556,556,26,4.85,4.91,0,2/17/2013
2163,530,530,530,530,3,0.61,0.57,0,2/14/2013
2164,527,527,527,527,-6,-1.11,-1.13,0,2/13/2013
2165,533,533,533,533,18,3.53,3.50,0,2/12/2013
2166,515,515,515,515,2,0.22,0.39,0,2/10/2013
2167,513,513,513,513,0,-0.11,0.00,0,2/7/2013
2168,513,513,513,513,-2,-0.42,-0.39,0,2/6/2013
2169,515,515,515,515,-2,-0.22,-0.39,0,2/5/2013
2170,517,517,517,517,1,0.1,0.19,0,2/4/2013
2171,516,516,516,516,5,1,0.98,0,2/3/2013
2172,511,511,511,511,-1,-0.2,-0.20,0,1/31/2013
2173,512,512,512,512,-2,-0.5,-0.39,0,1/30/2013
2174,514,514,514,514,0,0,0.00,0,1/28/2013
2175,514,514,514,514,0,0.04,0.00,0,1/27/2013
2176,514,514,514,514,-3,-0.56,-0.58,0,1/24/2013
2177,517,517,517,517,-6,-1.04,-1.15,0,1/23/2013
2178,523,523,523,523,5,0.84,0.97,0,1/22/2013
2179,518,518,518,518,10,1.95,1.97,0,1/21/2013
2180,508,508,508,508,-13,-2.41,-2.50,0,1/20/2013
2181,521,521,521,521,-7,-1.37,-1.33,0,1/17/2013
2182,528,528,528,528,-2,-0.4,-0.38,0,1/16/2013
2183,530,530,530,530,0,0.08,0.00,0,1/15/2013
2184,530,530,530,530,1,0.17,0.19,0,1/13/2013
2185,529,529,529,529,4,0.66,0.76,0,1/10/2013
2186,525,525,525,525,-4,-0.64,-0.76,0,1/9/2013
2187,529,529,529,529,0,-0.08,0.00,0,1/8/2013
2188,529,529,529,529,-3,-0.47,-0.56,0,1/7/2013
2189,532,532,532,532,-2,-0.34,-0.37,0,1/6/2013
2190,534,534,534,534,2,0.32,0.38,0,1/3/2013
2191,532,532,532,532,1,0.21,0.19,0,1/2/2013
2192,531,531,531,531,-3,-0.63,-0.56,0,1/1/2013
2193,534,534,534,534,-7,-1.29,-1.29,0,12/31/2012
2194,541,541,541,541,4,0.86,0.74,0,12/27/2012
2195,537,537,537,537,11,2.06,2.09,0,12/26/2012
2196,526,526,526,526,6,1.16,1.15,0,12/24/2012
2197,520,520,520,520,2,0.34,0.39,0,12/23/2012
2198,518,518,518,518,4,0.78,0.78,0,12/20/2012
2199,514,514,514,514,4,0.71,0.78,0,12/19/2012
2200,510,510,510,510,-3,-0.6,-0.58,0,12/18/2012
2201,513,513,513,513,4,0.84,0.79,0,12/17/2012
2202,509,509,509,509,12,2.43,2.41,0,12/16/2012
2203,497,497,497,497,4,0.8,0.81,0,12/13/2012
2204,493,493,493,493,4,0.83,0.82,0,12/12/2012
2205,489,489,489,489,1,0.23,0.20,0,12/11/2012
2206,488,488,488,488,0,-0.07,0.00,0,12/10/2012
2207,488,488,488,488,-10,-1.94,-2.01,0,12/9/2012
2208,498,498,498,498,-2,-0.42,-0.40,0,12/6/2012
2209,500,500,500,500,10,1.91,2.04,0,12/5/2012
2210,490,490,490,490,8,1.75,1.66,0,12/4/2012
2211,482,482,482,482,-2,-0.39,-0.41,0,12/3/2012
2212,484,484,484,484,-5,-1.05,-1.02,0,12/2/2012
2213,489,489,489,489,-4,-0.78,-0.81,0,11/29/2012
2214,493,493,493,493,0,-0.07,0.00,0,11/28/2012
2215,493,493,493,493,-2,-0.34,-0.40,0,11/27/2012
2216,495,495,495,495,-2,-0.51,-0.40,0,11/26/2012
2217,497,497,497,497,0,0.06,0.00,0,11/25/2012
2218,497,497,497,497,-2,-0.45,-0.40,0,11/22/2012
2219,499,499,499,499,-3,-0.44,-0.60,0,11/21/2012
2220,502,502,502,502,9,1.77,1.83,0,11/20/2012
2221,493,493,493,493,12,2.49,2.49,0,11/18/2012
2222,481,481,481,481,6,1.13,1.26,0,11/12/2012
2223,475,475,475,475,-8,-1.45,-1.66,0,11/11/2012
2224,483,483,483,483,8,1.55,1.68,0,11/8/2012
2225,475,475,475,475,12,2.55,2.59,0,11/7/2012
2226,463,463,463,463,5,1.13,1.09,0,11/6/2012
2227,458,458,458,458,6,1.35,1.33,0,11/5/2012
2228,452,452,452,452,4,0.92,0.89,0,11/4/2012
2229,448,448,448,448,-3,-0.76,-0.67,0,11/1/2012
2230,451,451,451,451,3,0.8,0.67,0,10/31/2012
2231,448,448,448,448,11,2.55,2.52,0,10/30/2012
2232,437,437,437,437,4,0.81,0.92,0,10/18/2012
2233,433,433,433,433,6,1.37,1.41,0,10/17/2012
2234,427,427,427,427,0,0.16,0.00,0,10/15/2012
2235,427,427,427,427,3,0.52,0.71,0,10/14/2012
2236,424,424,424,424,-1,-0.08,-0.24,0,10/11/2012
2237,425,425,425,425,-1,-0.33,-0.23,0,10/10/2012
2238,426,426,426,426,-1,-0.1,-0.23,0,10/9/2012
2239,427,427,427,427,-1,-0.31,-0.23,0,10/8/2012
2240,428,428,428,428,4,1.03,0.94,0,10/7/2012
2241,424,424,424,424,7,1.49,1.68,0,10/4/2012
2242,417,417,417,417,0,-0.02,0.00,0,10/3/2012
2243,417,417,417,417,0,0.12,0.00,0,10/2/2012
2244,417,417,417,417,2,0.45,0.48,0,10/1/2012
2245,415,415,415,415,1,-0.17,0.24,0,9/30/2012
2246,414,414,414,414,0,-0.1,0.00,0,9/26/2012
2247,414,414,414,414,-1,-0.11,-0.24,0,9/25/2012
2248,415,415,415,415,0,-0.15,0.00,0,9/24/2012
2249,415,415,415,415,-5,-1.27,-1.19,0,9/23/2012
2250,420,420,420,420,-2,-0.32,-0.47,0,9/20/2012
2251,422,422,422,422,-3,-0.86,-0.71,0,9/19/2012
2252,425,425,425,425,3,0.76,0.71,0,9/18/2012
2253,422,422,422,422,1,0.34,0.24,0,9/17/2012
2254,421,421,421,421,2,0.46,0.48,0,9/16/2012
2255,419,419,419,419,5,1.09,1.21,0,9/13/2012
2256,414,414,414,414,2,0.45,0.49,0,9/12/2012
2257,412,412,412,412,4,1.18,0.98,0,9/11/2012
2258,408,408,408,408,0,-0.06,0.00,0,9/10/2012
2259,408,408,408,408,0,-0.13,0.00,0,9/9/2012
2260,408,408,408,408,1,0.26,0.25,0,9/6/2012
2261,407,407,407,407,-2,-0.42,-0.49,0,9/5/2012
2262,409,409,409,409,-3,-0.67,-0.73,0,9/4/2012
2263,412,412,412,412,0,-0.01,0.00,0,9/3/2012
2264,412,412,412,412,6,1.49,1.48,0,9/2/2012
2265,406,406,406,406,-1,-0.3,-0.25,0,8/30/2012
2266,407,407,407,407,1,0.22,0.25,0,8/29/2012
2267,406,406,406,406,0,0.09,0.00,0,8/28/2012
2268,406,406,406,406,9,2.17,2.27,0,8/27/2012
2269,397,397,397,397,-1,-0.09,-0.25,0,8/26/2012
2270,398,398,398,398,1,0.18,0.25,0,8/23/2012
2271,397,397,397,397,1,0.15,0.25,0,8/22/2012
2272,396,396,396,396,0,0.15,0.00,0,8/21/2012
2273,396,396,396,396,-2,-0.65,-0.50,0,8/19/2012
2274,398,398,398,398,6,1.59,1.53,0,8/16/2012
2275,392,392,392,392,-5,-1.3,-1.26,0,8/15/2012
2276,397,397,397,397,-3,-0.65,-0.75,0,8/14/2012
2277,400,400,400,400,1,0.14,0.25,0,8/13/2012
2278,399,399,399,399,-3,-0.81,-0.75,0,8/12/2012
2279,402,402,402,402,-2,-0.41,-0.50,0,8/8/2012
2280,404,404,404,404,1,0.24,0.25,0,8/7/2012
2281,403,403,403,403,0,0.05,0.00,0,8/6/2012
2282,403,403,403,403,1,0.18,0.25,0,8/5/2012
2283,402,402,402,402,1,0.3,0.25,0,8/1/2012
2284,401,401,401,401,0,0.09,0.00,0,7/31/2012
2285,401,401,401,401,5,1.15,1.26,0,7/30/2012
2286,396,396,396,396,-6,-1.38,-1.49,0,7/29/2012
2287,402,402,402,402,-3,-0.86,-0.74,0,7/26/2012
2288,405,405,405,405,-1,-0.31,-0.25,0,7/25/2012
2289,406,406,406,406,-2,-0.51,-0.49,0,7/24/2012
2290,408,408,408,408,3,0.9,0.74,0,7/23/2012
2291,405,405,405,405,10,2.35,2.53,0,7/22/2012
2292,395,395,395,395,3,0.87,0.77,0,7/19/2012
2293,392,392,392,392,6,1.55,1.55,0,7/18/2012
2294,386,386,386,386,1,0.29,0.26,0,7/17/2012
2295,385,385,385,385,-5,-1.23,-1.28,0,7/16/2012
2296,390,390,390,390,7,1.63,1.83,0,7/15/2012
2297,383,383,383,383,-1,-0.16,-0.26,0,7/12/2012
2298,384,384,384,384,-1,-0.32,-0.26,0,7/11/2012
2299,385,385,385,385,5,1.36,1.32,0,7/10/2012
2300,380,380,380,380,2,0.63,0.53,0,7/9/2012
2301,378,378,378,378,1,0.09,0.27,0,7/8/2012
2302,377,377,377,377,0,0.05,0.00,0,7/5/2012
2303,377,377,377,377,3,0.78,0.80,0,7/4/2012
2304,374,374,374,374,1,0.36,0.27,0,7/3/2012
2305,373,373,373,373,-2,-0.43,-0.53,0,7/2/2012
2306,375,375,375,375,-2,-0.78,-0.53,0,7/1/2012
2307,377,377,377,377,3,1,0.80,0,6/28/2012
2308,374,374,374,374,6,1.43,1.63,0,6/27/2012
2309,368,368,368,368,-7,-1.84,-1.87,0,6/26/2012
2310,375,375,375,375,10,2.81,2.74,0,6/25/2012
2311,365,365,365,365,1,0.44,0.27,0,6/21/2012
2312,364,364,364,364,2,0.56,0.55,0,6/20/2012
2313,362,362,362,362,-1,-0.31,-0.28,0,6/19/2012
2314,363,363,363,363,2,0.46,0.55,0,6/18/2012
2315,361,361,361,361,-4,-1.01,-1.10,0,6/17/2012
2316,365,365,365,365,-1,-0.42,-0.27,0,6/14/2012
2317,366,366,366,366,-2,-0.47,-0.54,0,6/13/2012
2318,368,368,368,368,2,0.44,0.55,0,6/12/2012
2319,366,366,366,366,2,0.77,0.55,0,6/11/2012
2320,364,364,364,364,-6,-1.69,-1.62,0,6/10/2012
2321,370,370,370,370,4,1.16,1.09,0,6/7/2012
2322,366,366,366,366,-7,-2.01,-1.88,0,6/6/2012
2323,373,373,373,373,-9,-2.24,-2.36,0,6/5/2012
2324,382,382,382,382,-9,-2.4,-2.30,0,6/4/2012
2325,391,391,391,391,17,4.67,4.55,0,6/3/2012
2326,374,374,374,374,1,0.09,0.27,0,5/31/2012
2327,373,373,373,373,-19,-4.77,-4.85,0,5/30/2012
2328,392,392,392,392,-21,-5.08,-5.08,0,5/29/2012
2329,413,413,413,413,14,3.58,3.51,0,5/27/2012
2330,399,399,399,399,13,3.35,3.37,0,5/24/2012
2331,386,386,386,386,-20,-5.03,-4.93,0,5/23/2012
2332,406,406,406,406,-8,-1.95,-1.93,0,5/22/2012
2333,414,414,414,414,5,1.36,1.22,0,5/21/2012
2334,409,409,409,409,-7,-1.87,-1.68,0,5/20/2012
2335,416,416,416,416,4,1.01,0.97,0,5/17/2012
2336,412,412,412,412,0,5.18,0.00,0,5/16/2012
2337,412,412,412,412,20,5.18,5.10,0,5/16/2012
2338,392,392,392,392,19,5.01,5.09,0,5/15/2012
2339,373,373,373,373,-18,-4.46,-4.60,0,5/14/2012
2340,391,391,391,391,-20,-5.05,-4.87,0,5/13/2012
2341,411,411,411,411,-9,-2,-2.14,0,5/10/2012
2342,420,420,420,420,-13,-3.01,-3.00,0,5/9/2012
2343,433,433,433,433,5,1.02,1.17,0,5/8/2012
2344,428,428,428,428,24,5.98,5.94,0,5/7/2012
2345,404,404,404,404,20,5.16,5.21,0,5/3/2012
2346,384,384,384,384,-21,-5.03,-5.19,0,5/2/2012
2347,405,405,405,405,-18,-4.32,-4.26,0,4/30/2012
2348,423,423,423,423,-2,-0.58,-0.47,0,4/29/2012
2349,425,425,425,425,16,3.92,3.91,0,4/26/2012
2350,409,409,409,409,21,5.43,5.41,0,4/25/2012
2351,388,388,388,388,19,5.22,5.15,0,4/24/2012
2352,369,369,369,369,14,4.04,3.94,0,4/22/2012
2353,355,355,355,355,7,1.97,2.01,0,4/19/2012
2354,348,348,348,348,12,3.45,3.57,0,4/18/2012
2355,336,336,336,336,-19,-5.13,-5.35,0,4/17/2012
2356,355,355,355,355,18,5.09,5.34,0,4/16/2012
2357,337,337,337,337,17,5.44,5.31,0,4/15/2012
2358,320,320,320,320,11,3.48,3.56,0,4/12/2012
2359,309,309,309,309,3,1.04,0.98,0,4/11/2012
2360,306,306,306,306,2,0.76,0.66,0,4/10/2012
2361,304,304,304,304,1,0.26,0.33,0,4/9/2012
2362,303,303,303,303,1,0.15,0.33,0,4/8/2012
2363,302,302,302,302,0,0.19,0.00,0,4/5/2012
2364,302,302,302,302,0,0.06,0.00,0,4/4/2012
2365,302,302,302,302,1,0.13,0.33,0,4/3/2012
2366,301,301,301,301,2,0.66,0.67,0,4/2/2012
2367,299,299,299,299,0,0.15,0.00,0,4/1/2012
2368,299,299,299,299,-1,-0.41,-0.33,0,3/29/2012
2369,300,300,300,300,0,-0.11,0.00,0,3/28/2012
2370,300,300,300,300,-1,-0.1,-0.33,0,3/27/2012
2371,301,301,301,301,-2,-0.62,-0.66,0,3/26/2012
2372,303,303,303,303,-1,-0.34,-0.33,0,3/25/2012
2373,304,304,304,304,0,0.69,0.00,0,3/21/2012
2374,304,304,304,304,2,0.69,0.66,0,3/21/2012
2375,302,302,302,302,-1,-0.39,-0.33,0,3/20/2012
2376,303,303,303,303,0,-0.13,0.00,0,3/19/2012
2377,303,303,303,303,-8,-2.44,-2.57,0,3/18/2012
2378,311,311,311,311,-2,-0.72,-0.64,0,3/15/2012
2379,313,313,313,313,-1,-0.28,-0.32,0,3/14/2012
2380,314,314,314,314,0,0.03,0.00,0,3/13/2012
2381,314,314,314,314,-1,-0.5,-0.32,0,3/12/2012
2382,315,315,315,315,-1,-0.14,-0.32,0,3/11/2012
2383,316,316,316,316,0,-0.18,0.00,0,3/6/2012
2384,316,316,316,316,0,0.22,0.00,0,3/5/2012
2385,316,316,316,316,-1,-0.51,-0.32,0,3/4/2012
2386,317,317,317,317,2,0.71,0.63,0,3/1/2012
2387,315,315,315,315,0,0.14,0.00,0,2/29/2012
2388,315,315,315,315,3,0.76,0.96,0,2/28/2012
2389,312,312,312,312,0,-0.04,0.00,0,2/27/2012
2390,312,312,312,312,-1,-0.04,-0.32,0,2/26/2012
2391,313,313,313,313,1,0.23,0.32,0,2/23/2012
2392,312,312,312,312,0,-0.08,0.00,0,2/21/2012
2393,312,312,312,312,0,0.12,0.00,0,2/17/2012
2394,312,312,312,312,0,-0.03,0.00,0,2/15/2012
2395,312,312,312,312,-1,-0.3,-0.32,0,2/14/2012
2396,313,313,313,313,1,0.3,0.32,0,2/13/2012
2397,312,312,312,312,0,-0.07,0.00,0,2/12/2012
2398,312,312,312,312,0,-0.11,0.00,0,2/9/2012
2399,312,312,312,312,-1,-0.2,-0.32,0,2/8/2012
2400,313,313,313,313,-1,-0.28,-0.32,0,2/7/2012
2401,314,314,314,314,-1,-0.24,-0.32,0,2/6/2012
2402,315,315,315,315,-1,-0.55,-0.32,0,2/5/2012
2403,316,316,316,316,0,-0.1,0.00,0,2/2/2012
2404,316,316,316,316,-1,-0.1,-0.32,0,2/2/2012
2405,317,317,317,317,1,0.26,0.32,0,2/1/2012
2406,316,316,316,316,-1,-0.17,-0.32,0,1/31/2012
2407,317,317,317,317,0,-0.05,0.00,0,1/29/2012
2408,317,317,317,317,-1,-0.29,-0.31,0,1/26/2012
2409,318,318,318,318,0,-0.08,0.00,0,1/25/2012
2410,318,318,318,318,-2,-0.73,-0.63,0,1/23/2012
2411,320,320,320,320,-1,-0.11,-0.31,0,1/22/2012
2412,321,321,321,321,1,0.19,0.31,0,1/19/2012
2413,320,320,320,320,-2,-0.69,-0.62,0,1/18/2012
2414,322,322,322,322,0,-0.01,0.00,0,1/17/2012
2415,322,322,322,322,-2,-0.44,-0.62,0,1/16/2012
2416,324,324,324,324,3,0.68,0.93,0,1/12/2012
2417,321,321,321,321,1,0.56,0.31,0,1/11/2012
2418,320,320,320,320,2,0.65,0.63,0,1/10/2012
2419,318,318,318,318,1,0.15,0.32,0,1/9/2012
2420,317,317,317,317,-3,-0.79,-0.94,0,1/8/2012
2421,320,320,320,320,1,0.18,0.31,0,1/5/2012
2422,319,319,319,319,-5,-1.59,-1.54,0,1/4/2012
2423,324,324,324,324,0,-0.07,0.00,0,1/3/2012
2424,324,324,324,324,5,1.77,1.57,0,1/2/2012
2425,319,319,319,319,3,0.87,0.95,0,1/1/2012
2426,316,316,316,316,2,0.58,0.64,0,12/29/2011
2427,314,314,314,314,0,0.08,0.00,0,12/28/2011
2428,314,314,314,314,2,0.46,0.64,0,12/27/2011
2429,312,312,312,312,-1,-0.14,-0.32,0,12/26/2011
2430,313,313,313,313,0,-0.05,0.00,0,12/22/2011
2431,313,313,313,313,-1,-0.19,-0.32,0,12/21/2011
2432,314,314,314,314,1,0.07,0.32,0,12/20/2011
2433,313,313,313,313,-1,-0.07,-0.32,0,12/19/2011
2434,314,314,314,314,-2,-0.82,-0.63,0,12/18/2011
2435,316,316,316,316,-1,-0.36,-0.32,0,12/15/2011
2436,317,317,317,317,3,1.17,0.96,0,12/14/2011
2437,314,314,314,314,-1,-0.32,-0.32,0,12/13/2011
2438,315,315,315,315,-3,-0.93,-0.94,0,12/12/2011
2439,318,318,318,318,-2,-0.8,-0.63,0,12/11/2011
2440,320,320,320,320,-1,-0.11,-0.31,0,12/8/2011
2441,321,321,321,321,0,-0.18,0.00,0,12/7/2011
2442,321,321,321,321,0,-0.1,0.00,0,12/6/2011
2443,321,321,321,321,-1,-0.27,-0.31,0,12/5/2011
2444,322,322,322,322,-1,-0.14,-0.31,0,12/4/2011
2445,323,323,323,323,0,-0.35,0.00,0,12/1/2011
2446,323,323,323,323,-2,-0.41,-0.62,0,11/28/2011
2447,325,325,325,325,0,0.03,0.00,0,11/27/2011
2448,325,325,325,325,0,-0.24,0.00,0,11/24/2011
2449,325,325,325,325,-2,-0.62,-0.61,0,11/23/2011
2450,327,327,327,327,-2,-0.34,-0.61,0,11/22/2011
2451,329,329,329,329,1,0.09,0.30,0,11/21/2011
2452,328,328,328,328,-1,-0.35,-0.30,0,11/20/2011
2453,329,329,329,329,3,1.16,0.92,0,11/17/2011
2454,326,326,326,326,-1,-0.41,-0.31,0,11/16/2011
2455,327,327,327,327,-4,-1.12,-1.21,0,11/15/2011
2456,331,331,331,331,0,0.04,0.00,0,11/14/2011
2457,331,331,331,331,-1,-0.38,-0.30,0,11/13/2011
2458,332,332,332,332,0,-0.19,0.00,0,11/10/2011
2459,332,332,332,332,-3,-0.7,-0.90,0,11/9/2011
2460,335,335,335,335,-3,-0.93,-0.89,0,11/8/2011
2461,338,338,338,338,-6,-1.64,-1.74,0,11/6/2011
2462,344,344,344,344,-3,-0.95,-0.86,0,11/3/2011
2463,347,347,347,347,17,5.03,5.15,0,11/2/2011
2464,330,330,330,330,2,0.77,0.61,0,10/31/2011
2465,328,328,328,328,0,-0.09,0.00,0,10/30/2011
2466,328,328,328,328,1,0.37,0.31,0,10/25/2011
2467,327,327,327,327,1,0.11,0.31,0,10/24/2011
2468,326,326,326,326,-2,-0.54,-0.61,0,10/23/2011
2469,328,328,328,328,-2,-0.45,-0.61,0,10/20/2011
2470,330,330,330,330,0,-0.09,0.00,0,10/19/2011
2471,330,330,330,330,-1,-0.32,-0.30,0,10/18/2011
2472,331,331,331,331,-1,-0.18,-0.30,0,10/17/2011
2473,332,332,332,332,-1,-0.56,-0.30,0,10/16/2011
2474,333,333,333,333,-1,-0.3,-0.30,0,10/13/2011
2475,334,334,334,334,1,0.36,0.30,0,10/12/2011
2476,333,333,333,333,2,0.67,0.60,0,10/10/2011
2477,331,331,331,331,0,-0.09,0.00,0,10/9/2011
2478,331,331,331,331,0,-0.01,0.00,0,10/2/2011
2479,331,331,331,331,0,0.01,0.00,0,9/29/2011
2480,331,331,331,331,0,0.1,0.00,0,9/27/2011
2481,331,331,331,331,-1,-0.15,-0.30,0,9/26/2011
2482,332,332,332,332,4,1.23,1.22,0,9/25/2011
2483,328,328,328,328,5,1.41,1.55,0,9/22/2011
2484,323,323,323,323,3,0.91,0.94,0,9/21/2011
2485,320,320,320,320,3,0.85,0.95,0,9/20/2011
2486,317,317,317,317,-2,-0.37,-0.63,0,9/19/2011
2487,319,319,319,319,-2,-0.82,-0.62,0,9/18/2011
2488,321,321,321,321,2,0.57,0.63,0,9/15/2011
2489,319,319,319,319,-7,-1.97,-2.15,0,9/14/2011
2490,326,326,326,326,-1,-0.39,-0.31,0,9/13/2011
2491,327,327,327,327,-3,-0.79,-0.91,0,9/12/2011
2492,330,330,330,330,-1,-0.51,-0.30,0,9/8/2011
2493,331,331,331,331,-1,-0.15,-0.30,0,9/7/2011
2494,332,332,332,332,-4,-1.31,-1.19,0,9/6/2011
2495,336,336,336,336,-3,-0.84,-0.88,0,9/5/2011
2496,339,339,339,339,-3,-0.74,-0.88,0,9/4/2011
2497,342,342,342,342,2,0.53,0.59,0,9/1/2011
2498,340,340,340,340,2,0.57,0.59,0,8/30/2011
2499,338,338,338,338,1,0.25,0.30,0,8/29/2011
2500,337,337,337,337,-10,-2.82,-2.88,0,8/28/2011
2501,347,347,347,347,-2,-0.57,-0.57,0,8/25/2011
2502,349,349,349,349,-1,-0.17,-0.29,0,8/24/2011
2503,350,350,350,350,0,-0.05,0.00,0,8/23/2011
2504,350,350,350,350,-3,-0.76,-0.85,0,8/22/2011
2505,353,353,353,353,2,0.44,0.57,0,8/18/2011
2506,351,351,351,351,-3,-0.76,-0.85,0,8/17/2011
2507,354,354,354,354,1,0.07,0.28,0,8/16/2011
2508,353,353,353,353,0,0.19,0.00,0,8/15/2011
2509,353,353,353,353,1,0.19,0.28,0,8/11/2011
2510,352,352,352,352,6,1.79,1.73,0,8/10/2011
2511,346,346,346,346,-6,-1.81,-1.70,0,8/9/2011
2512,352,352,352,352,-2,-0.44,-0.56,0,8/8/2011
2513,354,354,354,354,-4,-1.09,-1.12,0,8/7/2011
2514,358,358,358,358,2,0.49,0.56,0,8/4/2011
2515,356,356,356,356,-2,-0.48,-0.56,0,8/3/2011
2516,358,358,358,358,0,-0.02,0.00,0,8/2/2011
2517,358,358,358,358,-1,-0.32,-0.28,0,8/1/2011
2518,359,359,359,359,-2,-1.19,-0.55,0,7/31/2011
2519,361,361,361,361,-3,-0.67,-0.82,0,7/28/2011
2520,364,364,364,364,7,1.82,1.96,0,7/27/2011
2521,357,357,357,357,-3,-0.78,-0.83,0,7/26/2011
2522,360,360,360,360,-5,-1.44,-1.37,0,7/25/2011
2523,365,365,365,365,-12,-2.96,-3.18,0,7/24/2011
2524,377,377,377,377,-3,-0.96,-0.79,0,7/21/2011
2525,380,380,380,380,6,1.63,1.60,0,7/20/2011
2526,374,374,374,374,4,1.08,1.08,0,7/19/2011
2527,370,370,370,370,-8,-2.18,-2.12,0,7/18/2011
2528,378,378,378,378,15,5.34,4.13,0,7/17/2011
2529,363,363,363,363,7,1.7,1.97,0,7/14/2011
2530,356,356,356,356,4,1.2,1.14,0,7/13/2011
2531,352,352,352,352,6,1.79,1.73,0,7/12/2011
2532,346,346,346,346,0,0.01,0.00,0,7/11/2011
2533,346,346,346,346,5,1.48,1.47,0,7/10/2011
2534,341,341,341,341,-4,-1.02,-1.16,0,7/7/2011
2535,345,345,345,345,4,1.18,1.17,0,7/6/2011
2536,341,341,341,341,7,2.06,2.10,0,7/5/2011
2537,334,334,334,334,1,0.21,0.30,0,7/4/2011
2538,333,333,333,333,-4,-1.02,-1.19,0,7/3/2011
2539,337,337,337,337,4,1.13,1.20,0,6/30/2011
2540,333,333,333,333,3,1.04,0.91,0,6/29/2011
2541,330,330,330,330,-17,-4.98,-4.90,0,6/27/2011
2542,347,347,347,347,-17,-4.84,-4.67,0,6/26/2011
2543,364,364,364,364,20,5.86,5.81,0,6/23/2011
2544,344,344,344,344,13,4.07,3.93,0,6/21/2011
2545,331,331,331,331,12,3.69,3.76,0,6/20/2011
2546,319,319,319,319,15,5.09,4.93,0,6/19/2011
2547,304,304,304,304,12,3.84,4.11,0,6/16/2011
2548,292,292,292,292,-6,-1.78,-2.01,0,6/15/2011
2549,298,298,298,298,-4,-1.36,-1.32,0,6/14/2011
2550,302,302,302,302,-2,-0.79,-0.66,0,6/13/2011
2551,304,304,304,304,-5,-1.54,-1.62,0,6/12/2011
2552,309,309,309,309,-2,-0.76,-0.64,0,6/9/2011
2553,311,311,311,311,-6,-1.96,-1.89,0,6/8/2011
2554,317,317,317,317,-6,-1.76,-1.86,0,6/7/2011
2555,323,323,323,323,-5,-1.41,-1.52,0,6/6/2011
2556,328,328,328,328,-6,-1.78,-1.80,0,6/5/2011
2557,334,334,334,334,-2,-0.58,-0.60,0,6/2/2011
2558,336,336,336,336,-1,-0.31,-0.30,0,6/1/2011
2559,337,337,337,337,-6,-1.76,-1.75,0,5/31/2011
2560,343,343,343,343,-2,-0.51,-0.58,0,5/30/2011
2561,345,345,345,345,3,0.83,0.88,0,5/26/2011
2562,342,342,342,342,0,0.03,0.00,0,5/25/2011
2563,342,342,342,342,0,-0.15,0.00,0,5/24/2011
2564,342,342,342,342,-2,-0.43,-0.58,0,5/23/2011
2565,344,344,344,344,-1,-0.37,-0.29,0,5/22/2011
2566,345,345,345,345,-2,-0.6,-0.58,0,5/19/2011
2567,347,347,347,347,-4,-1.06,-1.14,0,5/18/2011
2568,351,351,351,351,2,0.4,0.57,0,5/16/2011
2569,349,349,349,349,3,0.8,0.87,0,5/15/2011
2570,346,346,346,346,1,0.52,0.29,0,5/12/2011
2571,345,345,345,345,1,0.17,0.29,0,5/11/2011
2572,344,344,344,344,3,0.95,0.88,0,5/10/2011
2573,341,341,341,341,0,0.05,0.00,0,5/9/2011
2574,341,341,341,341,1,0.33,0.29,0,5/8/2011
2575,340,340,340,340,1,0.2,0.29,0,5/5/2011
2576,339,339,339,339,-1,-0.21,-0.29,0,5/4/2011
2577,340,340,340,340,-5,-1.46,-1.45,0,5/3/2011
2578,345,345,345,345,-3,-0.9,-0.86,0,5/2/2011
2579,348,348,348,348,-2,-0.7,-0.57,0,4/28/2011
2580,350,350,350,350,-6,-1.7,-1.69,0,4/27/2011
2581,356,356,356,356,-1,-0.19,-0.28,0,4/26/2011
2582,357,357,357,357,-1,-0.44,-0.28,0,4/25/2011
2583,358,358,358,358,-3,-0.73,-0.83,0,4/21/2011
2584,361,361,361,361,-3,-0.87,-0.82,0,4/20/2011
2585,364,364,364,364,-1,-0.32,-0.27,0,4/19/2011
2586,365,365,365,365,-3,-0.57,-0.82,0,4/18/2011
2587,368,368,368,368,-5,-1.52,-1.34,0,4/17/2011
2588,373,373,373,373,8,2.15,2.19,0,4/13/2011
2589,365,365,365,365,-2,-0.34,-0.54,0,4/11/2011
2590,367,367,367,367,2,0.32,0.55,0,4/10/2011
2591,365,365,365,365,1,0.28,0.27,0,4/7/2011
2592,364,364,364,364,0,-0.01,0.00,0,4/6/2011
2593,364,364,364,364,-1,-0.16,-0.27,0,4/5/2011
2594,365,365,365,365,0,-0.07,0.00,0,4/4/2011
2595,365,365,365,365,6,1.71,1.67,0,3/31/2011
2596,359,359,359,359,1,0.3,0.28,0,3/30/2011
2597,358,358,358,358,-7,-1.82,-1.92,0,3/29/2011
2598,365,365,365,365,-7,-1.96,-1.88,0,3/28/2011
2599,372,372,372,372,-4.67,-1.24,-1.24,0,3/27/2011
2600,376.67,376.67,376.67,376.67,-0.96,0,-0.25,0,3/24/2011
2601,377.63,377.63,377.63,377.63,-1.69,0,-0.45,0,3/23/2011
2602,379.32,379.32,379.32,379.32,-0.14,0,-0.04,0,3/22/2011
2603,379.46,379.46,379.46,379.46,1.86,0,0.49,0,3/21/2011
2604,377.6,377.6,377.6,377.6,0.09,0,0.02,0,3/20/2011
2605,377.51,377.51,377.51,377.51,-1.32,0,-0.35,0,3/17/2011
2606,378.83,378.83,378.83,378.83,2.08,0,0.55,0,3/16/2011
2607,376.75,376.75,376.75,376.75,-7.43,0,-1.93,0,3/15/2011
2608,384.18,384.18,384.18,384.18,-4.07,0,-1.05,0,3/14/2011
2609,388.25,388.25,388.25,388.25,-1.56,0,-0.40,0,3/13/2011
2610,389.81,389.81,389.81,389.81,-2.9,0,-0.74,0,3/10/2011
2611,392.71,392.71,392.71,392.71,-1.35,0,-0.34,0,3/9/2011
2612,394.06,394.06,394.06,394.06,-1.37,0,-0.35,0,3/7/2011
2613,395.43,395.43,395.43,395.43,4.21,0,1.08,0,3/3/2011
2614,391.22,391.22,391.22,391.22,-0.44,0,-0.11,0,3/1/2011
2615,391.66,391.66,391.66,391.66,-2.53,0,-0.64,0,2/28/2011
2616,394.19,394.19,394.19,394.19,-3.27,0,-0.82,0,2/27/2011
2617,397.46,397.46,397.46,397.46,-1.04,0,-0.26,0,2/24/2011
2618,398.5,398.5,398.5,398.5,-2.7,0,-0.67,0,2/23/2011
2619,401.2,401.2,401.2,401.2,-3.12,0,-0.77,0,2/22/2011
2620,404.32,404.32,404.32,404.32,-0.83,0,-0.20,0,2/21/2011
2621,405.15,405.15,405.15,405.15,-3.04,0,-0.74,0,2/20/2011
2622,408.19,408.19,408.19,408.19,2.75,0,0.68,0,2/17/2011
2623,405.44,405.44,405.44,405.44,0.97,0,0.24,0,2/16/2011
2624,404.47,404.47,404.47,404.47,0.76,0,0.19,0,2/15/2011
2625,403.71,403.71,403.71,403.71,-0.43,0,-0.11,0,2/14/2011
2626,404.14,404.14,404.14,404.14,-0.91,0,-0.22,0,2/13/2011
2627,405.05,405.05,405.05,405.05,-0.39,0,-0.10,0,2/10/2011
2628,405.44,405.44,405.44,405.44,-1.52,0,-0.37,0,2/9/2011
2629,406.96,406.96,406.96,406.96,-1.51,0,-0.37,0,2/8/2011
2630,408.47,408.47,408.47,408.47,-5.29,0,-1.28,0,2/7/2011
2631,413.76,413.76,413.76,413.76,6.92,0,1.70,0,2/6/2011
2632,406.84,406.84,406.84,406.84,-1.13,0,-0.28,0,2/3/2011
2633,407.97,407.97,407.97,407.97,-2.51,0,-0.61,0,2/2/2011
2634,410.48,410.48,410.48,410.48,-0.09,0,-0.02,0,2/1/2011
2635,410.57,410.57,410.57,410.57,0.23,0,0.06,0,1/31/2011
2636,410.34,410.34,410.34,410.34,4,0,0.98,0,1/24/2011
2637,406.34,406.34,406.34,406.34,-0.56,0,-0.14,0,1/23/2011
2638,406.9,406.9,406.9,406.9,2.57,0,0.64,0,1/20/2011
2639,404.33,404.33,404.33,404.33,0.87,0,0.22,0,1/19/2011
2640,403.46,403.46,403.46,403.46,-0.25,0,-0.06,0,1/18/2011
2641,403.71,403.71,403.71,403.71,0.59,0,0.15,0,1/17/2011
2642,403.12,403.12,403.12,403.12,0.37,0,0.09,0,1/16/2011
2643,402.75,402.75,402.75,402.75,2.55,0,0.64,0,1/13/2011
2644,400.2,400.2,400.2,400.2,-0.47,0,-0.12,0,1/12/2011
2645,400.67,400.67,400.67,400.67,1.2,0,0.30,0,1/11/2011
2646,399.47,399.47,399.47,399.47,1.21,0,0.30,0,1/10/2011
2647,398.26,398.26,398.26,398.26,-2.17,0,-0.54,0,1/9/2011
2648,400.43,400.43,400.43,400.43,-0.33,0,-0.08,0,1/6/2011
2649,400.76,400.76,400.76,400.76,1.17,0,0.29,0,1/5/2011
2650,399.59,399.59,399.59,399.59,1.58,0,0.40,0,1/4/2011
2651,398.01,398.01,398.01,398.01,-2.61,0,-0.65,0,1/3/2011
2652,400.62,400.62,400.62,400.62,-3.44,0,-0.85,0,1/2/2011
2653,404.06,404.06,404.06,404.06,-0.12,0,-0.03,0,12/29/2010
2654,404.18,404.18,404.18,404.18,-3.54,0,-0.87,0,12/28/2010
2655,407.72,407.72,407.72,407.72,0.86,0,0.21,0,12/27/2010
2656,406.86,406.86,406.86,406.86,7.31,0,1.83,0,12/26/2010
2657,399.55,399.55,399.55,399.55,4.71,0,1.19,0,12/23/2010
2658,394.84,394.84,394.84,394.84,3.49,0,0.89,0,12/22/2010
2659,391.35,391.35,391.35,391.35,0.37,0,0.09,0,12/20/2010
2660,390.98,390.98,390.98,390.98,-1.06,0,-0.27,0,12/19/2010
2661,392.04,392.04,392.04,392.04,-2.13,0,-0.54,0,12/16/2010
2662,394.17,394.17,394.17,394.17,1.39,0,0.35,0,12/15/2010
2663,392.78,392.78,392.78,392.78,-3.52,0,-0.89,0,12/14/2010
2664,396.3,396.3,396.3,396.3,0.69,0,0.17,0,12/13/2010
2665,395.61,395.61,395.61,395.61,-3.27,0,-0.82,0,12/12/2010
2666,398.88,398.88,398.88,398.88,-1.9,0,-0.47,0,12/9/2010
2667,400.78,400.78,400.78,400.78,-0.99,0,-0.25,0,12/8/2010
2668,401.77,401.77,401.77,401.77,-1.79,0,-0.44,0,12/7/2010
2669,403.56,403.56,403.56,403.56,-4.3,0,-1.05,0,12/6/2010
2670,407.86,407.86,407.86,407.86,-1.03,0,-0.25,0,12/5/2010
2671,408.89,408.89,408.89,408.89,-3.17,0,-0.77,0,12/2/2010
2672,412.06,412.06,412.06,412.06,-1.59,0,-0.38,0,12/1/2010
2673,413.65,413.65,413.65,413.65,-1.88,0,-0.45,0,11/30/2010
2674,415.53,415.53,415.53,415.53,-2.21,0,-0.53,0,11/29/2010
2675,417.74,417.74,417.74,417.74,-0.61,0,-0.15,0,11/28/2010
2676,418.35,418.35,418.35,418.35,-0.72,0,-0.17,0,11/25/2010
2677,419.07,419.07,419.07,419.07,-0.23,0,-0.05,0,11/24/2010
2678,419.3,419.3,419.3,419.3,-0.51,0,-0.12,0,11/23/2010
2679,419.81,419.81,419.81,419.81,-3.54,0,-0.84,0,11/22/2010
2680,423.35,423.35,423.35,423.35,-2.29,0,-0.54,0,11/21/2010
2681,425.64,425.64,425.64,425.64,1.47,0,0.35,0,11/18/2010
2682,424.17,424.17,424.17,424.17,0.53,0,0.13,0,11/16/2010
2683,423.64,423.64,423.64,423.64,-1.37,0,-0.32,0,11/15/2010
2684,425.01,425.01,425.01,425.01,0.11,0,0.03,0,11/14/2010
2685,424.9,424.9,424.9,424.9,1.21,0,0.29,0,11/11/2010
2686,423.69,423.69,423.69,423.69,-0.16,0,-0.04,0,11/10/2010
2687,423.85,423.85,423.85,423.85,-1.11,0,-0.26,0,11/9/2010
2688,424.96,424.96,424.96,424.96,1.77,0,0.42,0,11/4/2010
2689,423.19,423.19,423.19,423.19,1.64,0,0.39,0,11/3/2010
2690,421.55,421.55,421.55,421.55,-3.35,0,-0.79,0,11/2/2010
2691,424.9,424.9,424.9,424.9,1.03,0,0.24,0,11/1/2010
2692,423.87,423.87,423.87,423.87,-0.99,0,-0.23,0,10/31/2010
2693,424.86,424.86,424.86,424.86,2.39,0,0.57,0,10/28/2010
2694,422.47,422.47,422.47,422.47,-2.57,0,-0.60,0,10/27/2010
2695,425.04,425.04,425.04,425.04,-1.44,0,-0.34,0,10/26/2010
2696,426.48,426.48,426.48,426.48,0.91,0,0.21,0,10/25/2010
2697,425.57,425.57,425.57,425.57,5.03,0,1.20,0,10/24/2010
2698,420.54,420.54,420.54,420.54,-0.95,0,-0.23,0,10/21/2010
2699,421.49,421.49,421.49,421.49,1.19,0,0.28,0,10/20/2010
2700,420.3,420.3,420.3,420.3,-0.14,0,-0.03,0,10/13/2010
2701,420.44,420.44,420.44,420.44,2.28,0,0.55,0,10/12/2010
2702,418.16,418.16,418.16,418.16,1.3,0,0.31,0,10/11/2010
2703,416.86,416.86,416.86,416.86,5.04,0,1.22,0,10/10/2010
2704,411.82,411.82,411.82,411.82,5.33,0,1.31,0,10/7/2010
2705,406.49,406.49,406.49,406.49,2,0,0.49,0,10/6/2010
2706,404.49,404.49,404.49,404.49,0.79,0,0.20,0,10/5/2010
2707,403.7,403.7,403.7,403.7,1.55,0,0.39,0,10/4/2010
2708,402.15,402.15,402.15,402.15,-0.39,0,-0.10,0,10/3/2010
2709,402.54,402.54,402.54,402.54,-0.23,0,-0.06,0,9/30/2010
2710,402.77,402.77,402.77,402.77,-0.77,0,-0.19,0,9/29/2010
2711,403.54,403.54,403.54,403.54,-1.91,0,-0.47,0,9/28/2010
2712,405.45,405.45,405.45,405.45,-0.28,0,-0.07,0,9/27/2010
2713,405.73,405.73,405.73,405.73,1.32,0,0.33,0,9/26/2010
2714,404.41,404.41,404.41,404.41,0.46,0,0.11,0,9/23/2010
2715,403.95,403.95,403.95,403.95,3.57,0,0.89,0,9/21/2010
2716,400.38,400.38,400.38,400.38,-1.87,0,-0.46,0,9/20/2010
2717,402.25,402.25,402.25,402.25,-1.83,0,-0.45,0,9/19/2010
2718,404.08,404.08,404.08,404.08,-3.12,0,-0.77,0,9/16/2010
2719,407.2,407.2,407.2,407.2,-3.09,0,-0.75,0,9/15/2010
2720,410.29,410.29,410.29,410.29,-0.36,0,-0.09,0,9/14/2010
2721,410.65,410.65,410.65,410.65,-2.67,0,-0.65,0,9/13/2010
2722,413.32,413.32,413.32,413.32,-1.04,0,-0.25,0,9/12/2010
2723,414.36,414.36,414.36,414.36,-5.89,0,-1.40,0,9/9/2010
2724,420.25,420.25,420.25,420.25,3.99,0,0.96,0,9/8/2010
2725,416.26,416.26,416.26,416.26,3.94,0,0.96,0,9/7/2010
2726,412.32,412.32,412.32,412.32,3.68,0,0.90,0,9/6/2010
2727,408.64,408.64,408.64,408.64,-11.77,0,-2.80,0,9/5/2010
2728,420.41,420.41,420.41,420.41,-0.75,0,-0.18,0,9/2/2010
2729,421.16,421.16,421.16,421.16,-5.58,0,-1.31,0,8/31/2010
2730,426.74,426.74,426.74,426.74,-2.27,0,-0.53,0,8/30/2010
2731,429.01,429.01,429.01,429.01,-3.73,0,-0.86,0,8/29/2010
2732,432.74,432.74,432.74,432.74,0.35,0,0.08,0,8/26/2010
2733,432.39,432.39,432.39,432.39,1.24,0,0.29,0,8/23/2010
2734,431.15,431.15,431.15,431.15,-10.9,0,-2.47,0,8/22/2010
2735,442.05,442.05,442.05,442.05,-0.69,0,-0.16,0,8/19/2010
2736,442.74,442.74,442.74,442.74,-4.43,0,-0.99,0,8/18/2010
2737,447.17,447.17,447.17,447.17,-6.23,0,-1.37,0,8/17/2010
2738,453.4,453.4,453.4,453.4,-0.84,0,-0.18,0,8/16/2010
2739,454.24,454.24,454.24,454.24,-0.44,0,-0.10,0,8/15/2010
2740,454.68,454.68,454.68,454.68,-1.49,0,-0.33,0,8/12/2010
2741,456.17,456.17,456.17,456.17,0.46,0,0.10,0,8/11/2010
2742,455.71,455.71,455.71,455.71,-1.65,0,-0.36,0,8/10/2010
2743,457.36,457.36,457.36,457.36,-2.86,0,-0.62,0,8/9/2010
2744,460.22,460.22,460.22,460.22,1.36,0,0.30,0,8/8/2010
2745,458.86,458.86,458.86,458.86,-2.03,0,-0.44,0,8/5/2010
2746,460.89,460.89,460.89,460.89,0.87,0,0.19,0,8/4/2010
2747,460.02,460.02,460.02,460.02,-0.18,0,-0.04,0,8/3/2010
2748,460.2,460.2,460.2,460.2,-2.28,0,-0.49,0,8/2/2010
2749,462.48,462.48,462.48,462.48,0.85,0,0.18,0,8/1/2010
2750,461.63,461.63,461.63,461.63,1.84,0,0.40,0,7/29/2010
2751,459.79,459.79,459.79,459.79,-0.76,0,-0.17,0,7/28/2010
2752,460.55,460.55,460.55,460.55,-1.1,0,-0.24,0,7/27/2010
2753,461.65,461.65,461.65,461.65,-2.31,0,-0.50,0,7/26/2010
2754,463.96,463.96,463.96,463.96,-5.38,0,-1.15,0,7/25/2010
2755,469.34,469.34,469.34,469.34,-1.8,0,-0.38,0,7/22/2010
2756,471.14,471.14,471.14,471.14,2.28,0,0.49,0,7/21/2010
2757,468.86,468.86,468.86,468.86,2.56,0,0.55,0,7/20/2010
2758,466.3,466.3,466.3,466.3,-1.88,0,-0.40,0,7/19/2010
2759,468.18,468.18,468.18,468.18,-9.55,0,-2.00,0,7/18/2010
2760,477.73,477.73,477.73,477.73,10.63,0,2.28,0,7/15/2010
2761,467.1,467.1,467.1,467.1,2.56,0,0.55,0,7/14/2010
2762,464.54,464.54,464.54,464.54,2.92,0,0.63,0,7/13/2010
2763,461.62,461.62,461.62,461.62,3.84,0,0.84,0,7/12/2010
2764,457.78,457.78,457.78,457.78,-1.74,0,-0.38,0,7/11/2010
2765,459.52,459.52,459.52,459.52,-2.35,0,-0.51,0,7/8/2010
2766,461.87,461.87,461.87,461.87,-1.37,0,-0.30,0,7/7/2010
2767,463.24,463.24,463.24,463.24,2.54,0,0.55,0,7/6/2010
2768,460.7,460.7,460.7,460.7,-3.99,0,-0.86,0,7/5/2010
2769,464.69,464.69,464.69,464.69,-5.41,0,-1.15,0,7/4/2010
2770,470.1,470.1,470.1,470.1,14.35,0,3.15,0,7/1/2010
2771,455.75,455.75,455.75,455.75,0.06,0,0.01,0,6/30/2010
2772,455.69,455.69,455.69,455.69,-4.1,0,-0.89,0,6/29/2010
2773,459.79,459.79,459.79,459.79,-3.72,0,-0.80,0,6/28/2010
2774,463.51,463.51,463.51,463.51,-4.09,0,-0.87,0,6/24/2010
2775,467.6,467.6,467.6,467.6,-3.12,0,-0.66,0,6/23/2010
2776,470.72,470.72,470.72,470.72,2.11,0,0.45,0,6/22/2010
2777,468.61,468.61,468.61,468.61,-6.38,0,-1.34,0,6/21/2010
2778,474.99,474.99,474.99,474.99,0.36,0,0.08,0,6/20/2010
2779,474.63,474.63,474.63,474.63,-0.52,0,-0.11,0,6/17/2010
2780,475.15,475.15,475.15,475.15,-0.85,0,-0.18,0,6/16/2010
2781,476,476,476,476,-0.69,0,-0.14,0,6/15/2010
2782,476.69,476.69,476.69,476.69,-5.43,0,-1.13,0,6/14/2010
2783,482.12,482.12,482.12,482.12,-2.66,0,-0.55,0,6/13/2010
2784,484.78,484.78,484.78,484.78,-1.82,0,-0.37,0,6/10/2010
2785,486.6,486.6,486.6,486.6,3.84,0,0.80,0,6/9/2010
2786,482.76,482.76,482.76,482.76,4.27,0,0.89,0,6/8/2010
2787,478.49,478.49,478.49,478.49,0.2,0,0.04,0,6/7/2010
2788,478.29,478.29,478.29,478.29,-3.4,0,-0.71,0,6/6/2010
2789,481.69,481.69,481.69,481.69,1.21,0,0.25,0,6/3/2010
2790,480.48,480.48,480.48,480.48,0.5,0,0.10,0,6/2/2010
2791,479.98,479.98,479.98,479.98,-10.1,0,-2.06,0,6/1/2010
2792,490.08,490.08,490.08,490.08,-16.27,0,-3.21,0,5/31/2010
2793,506.35,506.35,506.35,506.35,27.38,0,5.72,0,5/30/2010
2794,478.97,478.97,478.97,478.97,-3.47,0,-0.72,0,5/26/2010
2795,482.44,482.44,482.44,482.44,19.81,0,4.28,0,5/25/2010
2796,462.63,462.63,462.63,462.63,0.06,0,0.01,0,5/24/2010
2797,462.57,462.57,462.57,462.57,0.63,0,0.14,0,5/23/2010
2798,461.94,461.94,461.94,461.94,8.1,0,1.78,0,5/20/2010
2799,453.84,453.84,453.84,453.84,5.55,0,1.24,0,5/19/2010
2800,448.29,448.29,448.29,448.29,7.95,0,1.81,0,5/18/2010
2801,440.34,440.34,440.34,440.34,-0.15,0,-0.03,0,5/17/2010
2802,440.49,440.49,440.49,440.49,-15.55,0,-3.41,0,5/16/2010
2803,456.04,456.04,456.04,456.04,7.06,0,1.57,0,5/13/2010
2804,448.98,448.98,448.98,448.98,19.39,0,4.51,0,5/12/2010
2805,429.59,429.59,429.59,429.59,10.82,0,2.58,0,5/11/2010
2806,418.77,418.77,418.77,418.77,4.79,0,1.16,0,5/10/2010
2807,413.98,413.98,413.98,413.98,-5.05,0,-1.21,0,5/9/2010
2808,419.03,419.03,419.03,419.03,13.58,0,3.35,0,4/29/2010
2809,405.45,405.45,405.45,405.45,-2.74,0,-0.67,0,4/28/2010
2810,408.19,408.19,408.19,408.19,-7.28,0,-1.75,0,4/27/2010
2811,415.47,415.47,415.47,415.47,-7.94,0,-1.88,0,4/26/2010
2812,423.41,423.41,423.41,423.41,-3.16,0,-0.74,0,4/25/2010
2813,426.57,426.57,426.57,426.57,0.15,0,0.04,0,4/22/2010
2814,426.42,426.42,426.42,426.42,-12.22,0,-2.79,0,4/21/2010
2815,438.64,438.64,438.64,438.64,-3.34,0,-0.76,0,4/20/2010
2816,441.98,441.98,441.98,441.98,-4.07,0,-0.91,0,4/19/2010
2817,446.05,446.05,446.05,446.05,-3.33,0,-0.74,0,4/18/2010
2818,449.38,449.38,449.38,449.38,5.84,0,1.32,0,4/15/2010
2819,443.54,443.54,443.54,443.54,-0.12,0,-0.03,0,4/13/2010
2820,443.66,443.66,443.66,443.66,0.12,0,0.03,0,4/12/2010
2821,443.54,443.54,443.54,443.54,-2.49,0,-0.56,0,4/11/2010
2822,446.03,446.03,446.03,446.03,2.14,0,0.48,0,4/8/2010
2823,443.89,443.89,443.89,443.89,-5.38,0,-1.20,0,4/7/2010
2824,449.27,449.27,449.27,449.27,-5.81,0,-1.28,0,4/6/2010
2825,455.08,455.08,455.08,455.08,-3.05,0,-0.67,0,4/5/2010
2826,458.13,458.13,458.13,458.13,5.67,0,1.25,0,4/4/2010
2827,452.46,452.46,452.46,452.46,9.29,0,2.10,0,4/1/2010
2828,443.17,443.17,443.17,443.17,-0.8,0,-0.18,0,3/31/2010
2829,443.97,443.97,443.97,443.97,-10.57,0,-2.33,0,3/30/2010
2830,454.54,454.54,454.54,454.54,-8.56,0,-1.85,0,3/29/2010
2831,463.1,463.1,463.1,463.1,-2.99,0,-0.64,0,3/28/2010
2832,466.09,466.09,466.09,466.09,-2.77,0,-0.59,0,3/25/2010
2833,468.86,468.86,468.86,468.86,-3.96,0,-0.84,0,3/23/2010
2834,472.82,472.82,472.82,472.82,-2.79,0,-0.59,0,3/22/2010
2835,475.61,475.61,475.61,475.61,-2.56,0,-0.54,0,3/18/2010
2836,478.17,478.17,478.17,478.17,-2.32,0,-0.48,0,3/17/2010
2837,480.49,480.49,480.49,480.49,-0.7,0,-0.15,0,3/16/2010
2838,481.19,481.19,481.19,481.19,-4.95,0,-1.02,0,3/14/2010
2839,486.14,486.14,486.14,486.14,-3.28,0,-0.67,0,3/11/2010
2840,489.42,489.42,489.42,489.42,-11.29,0,-2.25,0,3/10/2010
2841,500.71,500.71,500.71,500.71,-3.56,0,-0.71,0,3/9/2010
2842,504.27,504.27,504.27,504.27,-3.99,0,-0.79,0,3/7/2010
2843,508.26,508.26,508.26,508.26,-8.74,0,-1.69,0,3/4/2010
2844,517,517,517,517,14.19,0,2.82,0,3/3/2010
2845,502.81,502.81,502.81,502.81,4.85,0,0.97,0,3/2/2010
2846,497.96,497.96,497.96,497.96,12.82,0,2.64,0,3/1/2010
2847,485.14,485.14,485.14,485.14,-0.68,0,-0.14,0,2/18/2010
2848,485.82,485.82,485.82,485.82,-1,0,-0.21,0,2/17/2010
2849,486.82,486.82,486.82,486.82,-5.8,0,-1.18,0,2/16/2010
2850,492.62,492.62,492.62,492.62,-4.62,0,-0.93,0,2/15/2010
2851,497.24,497.24,497.24,497.24,4.36,0,0.88,0,2/11/2010
2852,492.88,492.88,492.88,492.88,15.21,0,3.18,0,2/10/2010
2853,477.67,477.67,477.67,477.67,-11.73,0,-2.40,0,2/9/2010
2854,489.4,489.4,489.4,489.4,-6.87,0,-1.38,0,2/8/2010
2855,496.27,496.27,496.27,496.27,-4.91,0,-0.98,0,2/7/2010
2856,501.18,501.18,501.18,501.18,-2.38,0,-0.47,0,2/4/2010
2857,503.56,503.56,503.56,503.56,-3.46,0,-0.68,0,2/3/2010
2858,507.02,507.02,507.02,507.02,-3.08,0,-0.60,0,2/2/2010
2859,510.1,510.1,510.1,510.1,-2.24,0,-0.44,0,2/1/2010
2860,512.34,512.34,512.34,512.34,-2.9,0,-0.56,0,1/31/2010
2861,515.24,515.24,515.24,515.24,3.54,0,0.69,0,1/28/2010
2862,511.7,511.7,511.7,511.7,-2.01,0,-0.39,0,1/27/2010
2863,513.71,513.71,513.71,513.71,-3.08,0,-0.60,0,1/26/2010
2864,516.79,516.79,516.79,516.79,0.02,0,0.00,0,1/25/2010
2865,516.77,516.77,516.77,516.77,-1.34,0,-0.26,0,1/24/2010
2866,518.11,518.11,518.11,518.11,-2.08,0,-0.40,0,1/21/2010
2867,520.19,520.19,520.19,520.19,-1.86,0,-0.36,0,1/20/2010
2868,522.05,522.05,522.05,522.05,-2.56,0,-0.49,0,1/19/2010
2869,524.61,524.61,524.61,524.61,-2.61,0,-0.50,0,1/18/2010
2870,527.22,527.22,527.22,527.22,-3.74,0,-0.70,0,1/17/2010
2871,530.96,530.96,530.96,530.96,0.15,0,0.03,0,1/14/2010
2872,530.81,530.81,530.81,530.81,-1.45,0,-0.27,0,1/13/2010
2873,532.26,532.26,532.26,532.26,-2.08,0,-0.39,0,1/12/2010
2874,534.34,534.34,534.34,534.34,-1.07,0,-0.20,0,1/11/2010
2875,535.41,535.41,535.41,535.41,-0.4,0,-0.07,0,1/10/2010
2876,535.81,535.81,535.81,535.81,-0.82,0,-0.15,0,1/7/2010
2877,536.63,536.63,536.63,536.63,0.45,0,0.08,0,1/6/2010
2878,536.18,536.18,536.18,536.18,-7.02,0,-1.29,0,1/5/2010
2879,543.2,543.2,543.2,543.2,-3.68,0,-0.67,0,1/4/2010
2880,546.88,546.88,546.88,546.88,-1.23,0,-0.22,0,1/3/2010
2881,548.11,548.11,548.11,548.11,1.17,0,0.21,0,12/31/2009
2882,546.94,546.94,546.94,546.94,1.25,0,0.23,0,12/29/2009
2883,545.69,545.69,545.69,545.69,0.42,0,0.08,0,12/28/2009
2884,545.27,545.27,545.27,545.27,-0.39,0,-0.07,0,12/27/2009
2885,545.66,545.66,545.66,545.66,3.45,0,0.64,0,12/24/2009
2886,542.21,542.21,542.21,542.21,0.35,0,0.06,0,12/23/2009
2887,541.86,541.86,541.86,541.86,5.16,0,0.96,0,12/22/2009
2888,536.7,536.7,536.7,536.7,-1.98,0,-0.37,0,12/21/2009
2889,538.68,538.68,538.68,538.68,-0.76,0,-0.14,0,12/20/2009
2890,539.44,539.44,539.44,539.44,-2.66,0,-0.49,0,12/17/2009
2891,542.1,542.1,542.1,542.1,-6.51,0,-1.19,0,12/16/2009
2892,548.61,548.61,548.61,548.61,-5.93,0,-1.07,0,12/15/2009
2893,554.54,554.54,554.54,554.54,1.14,0,0.21,0,12/14/2009
2894,553.4,553.4,553.4,553.4,7.61,0,1.39,0,12/13/2009
2895,545.79,545.79,545.79,545.79,8.22,0,1.53,0,12/10/2009
2896,537.57,537.57,537.57,537.57,7.35,0,1.39,0,12/9/2009
2897,530.22,530.22,530.22,530.22,6.04,0,1.15,0,12/8/2009
2898,524.18,524.18,524.18,524.18,5.02,0,0.97,0,12/7/2009
2899,519.16,519.16,519.16,519.16,1.71,0,0.33,0,12/6/2009
2900,517.45,517.45,517.45,517.45,-4.32,0,-0.83,0,12/3/2009
2901,521.77,521.77,521.77,521.77,-7.06,0,-1.34,0,12/1/2009
2902,528.83,528.83,528.83,528.83,-5.49,0,-1.03,0,11/30/2009
2903,534.32,534.32,534.32,534.32,-6.42,0,-1.19,0,11/26/2009
2904,540.74,540.74,540.74,540.74,-2.27,0,-0.42,0,11/25/2009
2905,543.01,543.01,543.01,543.01,-5.89,0,-1.07,0,11/24/2009
2906,548.9,548.9,548.9,548.9,-13.21,0,-2.35,0,11/23/2009
2907,562.11,562.11,562.11,562.11,-0.9,0,-0.16,0,11/22/2009
2908,563.01,563.01,563.01,563.01,0.79,0,0.14,0,11/19/2009
2909,562.22,562.22,562.22,562.22,-2.39,0,-0.42,0,11/18/2009
2910,564.61,564.61,564.61,564.61,4.05,0,0.72,0,11/17/2009
2911,560.56,560.56,560.56,560.56,-6.38,0,-1.13,0,11/16/2009
2912,566.94,566.94,566.94,566.94,1.08,0,0.19,0,11/15/2009
2913,565.86,565.86,565.86,565.86,-10.94,0,-1.90,0,11/12/2009
2914,576.8,576.8,576.8,576.8,-3.43,0,-0.59,0,11/11/2009
2915,580.23,580.23,580.23,580.23,-2.87,0,-0.49,0,11/10/2009
2916,583.1,583.1,583.1,583.1,-4.31,0,-0.73,0,11/9/2009
2917,587.41,587.41,587.41,587.41,2.77,0,0.47,0,11/8/2009
2918,584.64,584.64,584.64,584.64,3.04,0,0.52,0,11/5/2009
2919,581.6,581.6,581.6,581.6,10.02,0,1.75,0,11/4/2009
2920,571.58,571.58,571.58,571.58,4.31,0,0.76,0,11/3/2009
2921,567.27,567.27,567.27,567.27,0.21,0,0.04,0,11/2/2009
2922,567.06,567.06,567.06,567.06,-12.52,0,-2.16,0,11/1/2009
2923,579.58,579.58,579.58,579.58,-5.46,0,-0.93,0,10/29/2009
2924,585.04,585.04,585.04,585.04,-6.72,0,-1.14,0,10/28/2009
2925,591.76,591.76,591.76,591.76,-3.57,0,-0.60,0,10/27/2009
2926,595.33,595.33,595.33,595.33,-3.89,0,-0.65,0,10/26/2009
2927,599.22,599.22,599.22,599.22,-1.94,0,-0.32,0,10/25/2009
2928,601.16,601.16,601.16,601.16,-0.05,0,-0.01,0,10/22/2009
2929,601.21,601.21,601.21,601.21,-8.34,0,-1.37,0,10/21/2009
2930,609.55,609.55,609.55,609.55,10.05,0,1.68,0,10/15/2009
2931,599.5,599.5,599.5,599.5,0.05,0,0.01,0,10/14/2009
2932,599.45,599.45,599.45,599.45,0.93,0,0.16,0,10/13/2009
2933,598.52,598.52,598.52,598.52,-1.67,0,-0.28,0,10/12/2009
2934,600.19,600.19,600.19,600.19,-2.79,0,-0.46,0,10/11/2009
2935,602.98,602.98,602.98,602.98,-4,0,-0.66,0,10/8/2009
2936,606.98,606.98,606.98,606.98,-6.2,0,-1.01,0,10/7/2009
2937,613.18,613.18,613.18,613.18,-23.69,0,-3.72,0,10/6/2009
2938,636.87,636.87,636.87,636.87,3.6,0,0.57,0,10/5/2009
2939,633.27,633.27,633.27,633.27,2.72,0,0.43,0,10/4/2009
2940,630.55,630.55,630.55,630.55,0.1,0,0.02,0,9/24/2009
2941,630.45,630.45,630.45,630.45,-2.25,0,-0.36,0,9/23/2009
2942,632.7,632.7,632.7,632.7,5.78,0,0.92,0,9/22/2009
2943,626.92,626.92,626.92,626.92,-1.05,0,-0.17,0,9/20/2009
2944,627.97,627.97,627.97,627.97,-1.63,0,-0.26,0,9/17/2009
2945,629.6,629.6,629.6,629.6,-0.28,0,-0.04,0,9/16/2009
2946,629.88,629.88,629.88,629.88,1.44,0,0.23,0,9/15/2009
2947,628.44,628.44,628.44,628.44,11.1,0,1.80,0,9/14/2009
2948,617.34,617.34,617.34,617.34,2.92,0,0.48,0,9/13/2009
2949,614.42,614.42,614.42,614.42,-5.97,0,-0.96,0,9/10/2009
2950,620.39,620.39,620.39,620.39,-9.72,0,-1.54,0,9/9/2009
2951,630.11,630.11,630.11,630.11,-26.43,0,-4.03,0,9/8/2009
2952,656.54,656.54,656.54,656.54,-6.03,0,-0.91,0,9/7/2009
2953,662.57,662.57,662.57,662.57,2.17,0,0.33,0,9/6/2009
2954,660.4,660.4,660.4,660.4,5.67,0,0.87,0,9/2/2009
2955,654.73,654.73,654.73,654.73,-6.11,0,-0.92,0,9/1/2009
2956,660.84,660.84,660.84,660.84,-10.31,0,-1.54,0,8/31/2009
2957,671.15,671.15,671.15,671.15,-10.39,0,-1.52,0,8/30/2009
2958,681.54,681.54,681.54,681.54,-1.14,0,-0.17,0,8/27/2009
2959,682.68,682.68,682.68,682.68,4.36,0,0.64,0,8/26/2009
2960,678.32,678.32,678.32,678.32,-14.23,0,-2.05,0,8/25/2009
2961,692.55,692.55,692.55,692.55,-9.5,0,-1.35,0,8/24/2009
2962,702.05,702.05,702.05,702.05,-7.77,0,-1.09,0,8/23/2009
2963,709.82,709.82,709.82,709.82,-4.58,0,-0.64,0,8/20/2009
2964,714.4,714.4,714.4,714.4,-0.95,0,-0.13,0,8/19/2009
2965,715.35,715.35,715.35,715.35,-0.45,0,-0.06,0,8/18/2009
2966,715.8,715.8,715.8,715.8,-6.15,0,-0.85,0,8/17/2009
2967,721.95,721.95,721.95,721.95,4.75,0,0.66,0,8/16/2009
2968,717.2,717.2,717.2,717.2,26.98,0,3.91,0,8/12/2009
2969,690.22,690.22,690.22,690.22,-0.1,0,-0.01,0,8/11/2009
2970,690.32,690.32,690.32,690.32,-3.32,0,-0.48,0,8/10/2009
2971,693.64,693.64,693.64,693.64,-5.91,0,-0.84,0,8/9/2009
2972,699.55,699.55,699.55,699.55,-0.61,0,-0.09,0,8/4/2009
2973,700.16,700.16,700.16,700.16,-4.58,0,-0.65,0,8/3/2009
2974,704.74,704.74,704.74,704.74,-11.2,0,-1.56,0,8/2/2009
2975,715.94,715.94,715.94,715.94,-4.78,0,-0.66,0,7/30/2009
2976,720.72,720.72,720.72,720.72,-8.33,0,-1.14,0,7/29/2009
2977,729.05,729.05,729.05,729.05,-1.59,0,-0.22,0,7/28/2009
2978,730.64,730.64,730.64,730.64,22.53,0,3.18,0,7/27/2009
2979,708.11,708.11,708.11,708.11,-29.73,0,-4.03,0,7/26/2009
2980,737.84,737.84,737.84,737.84,-0.45,0,-0.06,0,7/23/2009
2981,738.29,738.29,738.29,738.29,-0.73,0,-0.10,0,7/21/2009
2982,739.02,739.02,739.02,739.02,4.49,0,0.61,0,7/20/2009
2983,734.53,734.53,734.53,734.53,-1.34,0,-0.18,0,7/19/2009
2984,735.87,735.87,735.87,735.87,-13.24,0,-1.77,0,7/16/2009
2985,749.11,749.11,749.11,749.11,5.42,0,0.73,0,7/15/2009
2986,743.69,743.69,743.69,743.69,26.23,0,3.66,0,7/14/2009
2987,717.46,717.46,717.46,717.46,6.4,0,0.90,0,7/13/2009
2988,711.06,711.06,711.06,711.06,8.18,0,1.16,0,7/12/2009
2989,702.88,702.88,702.88,702.88,6.72,0,0.97,0,7/9/2009
2990,696.16,696.16,696.16,696.16,10.67,0,1.56,0,7/8/2009
2991,685.49,685.49,685.49,685.49,9.35,0,1.38,0,7/7/2009
2992,676.14,676.14,676.14,676.14,3.32,0,0.49,0,7/6/2009
2993,672.82,672.82,672.82,672.82,5.39,0,0.81,0,7/5/2009
2994,667.43,667.43,667.43,667.43,5.65,0,0.85,0,7/2/2009
2995,661.78,661.78,661.78,661.78,-0.27,0,-0.04,0,7/1/2009
2996,662.05,662.05,662.05,662.05,-1.91,0,-0.29,0,6/30/2009
2997,663.96,663.96,663.96,663.96,-2.39,0,-0.36,0,6/29/2009
2998,666.35,666.35,666.35,666.35,-4.31,0,-0.64,0,6/28/2009
2999,670.66,670.66,670.66,670.66,0.16,0,0.02,0,6/25/2009
3000,670.5,670.5,670.5,670.5,-0.97,0,-0.14,0,6/24/2009
3001,671.47,671.47,671.47,671.47,-7.05,0,-1.04,0,6/23/2009
3002,678.52,678.52,678.52,678.52,-0.71,0,-0.10,0,6/22/2009
3003,679.23,679.23,679.23,679.23,-4.48,0,-0.66,0,6/21/2009
3004,683.71,683.71,683.71,683.71,0.91,0,0.13,0,6/18/2009
3005,682.8,682.8,682.8,682.8,0.97,0,0.14,0,6/17/2009
3006,681.83,681.83,681.83,681.83,5.41,0,0.80,0,6/16/2009
3007,676.42,676.42,676.42,676.42,-2.32,0,-0.34,0,6/15/2009
3008,678.74,678.74,678.74,678.74,-5.65,0,-0.83,0,6/14/2009
3009,684.39,684.39,684.39,684.39,-1.68,0,-0.24,0,6/11/2009
3010,686.07,686.07,686.07,686.07,0.41,0,0.06,0,6/10/2009
3011,685.66,685.66,685.66,685.66,5.93,0,0.87,0,6/9/2009
3012,679.73,679.73,679.73,679.73,-7.42,0,-1.08,0,6/8/2009
3013,687.15,687.15,687.15,687.15,-11.75,0,-1.68,0,6/7/2009
3014,698.9,698.9,698.9,698.9,-0.76,0,-0.11,0,6/4/2009
3015,699.66,699.66,699.66,699.66,-4.14,0,-0.59,0,6/3/2009
3016,703.8,703.8,703.8,703.8,3.76,0,0.54,0,6/2/2009
3017,700.04,700.04,700.04,700.04,-7.85,0,-1.11,0,6/1/2009
3018,707.89,707.89,707.89,707.89,-10.73,0,-1.49,0,5/31/2009
3019,718.62,718.62,718.62,718.62,-21.27,0,-2.87,0,5/28/2009
3020,739.89,739.89,739.89,739.89,25.17,0,3.52,0,5/27/2009
3021,714.72,714.72,714.72,714.72,13.21,0,1.88,0,5/26/2009
3022,701.51,701.51,701.51,701.51,13.32,0,1.94,0,5/25/2009
3023,688.19,688.19,688.19,688.19,11.48,0,1.70,0,5/24/2009
3024,676.71,676.71,676.71,676.71,-0.49,0,-0.07,0,5/21/2009
3025,677.2,677.2,677.2,677.2,-0.92,0,-0.14,0,5/20/2009
3026,678.12,678.12,678.12,678.12,-2,0,-0.29,0,5/19/2009
3027,680.12,680.12,680.12,680.12,14.73,0,2.21,0,5/18/2009
3028,665.39,665.39,665.39,665.39,5.45,0,0.83,0,5/17/2009
3029,659.94,659.94,659.94,659.94,-1.56,0,-0.24,0,5/14/2009
3030,661.5,661.5,661.5,661.5,1.45,0,0.22,0,5/13/2009
3031,660.05,660.05,660.05,660.05,0.88,0,0.13,0,5/12/2009
3032,659.17,659.17,659.17,659.17,-1.25,0,-0.19,0,5/11/2009
3033,660.42,660.42,660.42,660.42,6.37,0,0.97,0,5/10/2009
3034,654.05,654.05,654.05,654.05,2.89,0,0.44,0,5/7/2009
3035,651.16,651.16,651.16,651.16,2.59,0,0.40,0,5/6/2009
3036,648.57,648.57,648.57,648.57,8.61,0,1.35,0,5/5/2009
3037,639.96,639.96,639.96,639.96,-2.08,0,-0.32,0,5/4/2009
3038,642.04,642.04,642.04,642.04,-6.6,0,-1.02,0,5/3/2009
3039,648.64,648.64,648.64,648.64,5.82,0,0.91,0,4/30/2009
3040,642.82,642.82,642.82,642.82,1.18,0,0.18,0,4/29/2009
3041,641.64,641.64,641.64,641.64,2.95,0,0.46,0,4/28/2009
3042,638.69,638.69,638.69,638.69,-10.33,0,-1.59,0,4/27/2009
3043,649.02,649.02,649.02,649.02,-6.52,0,-0.99,0,4/26/2009
3044,655.54,655.54,655.54,655.54,-1.79,0,-0.27,0,4/23/2009
3045,657.33,657.33,657.33,657.33,-3.39,0,-0.51,0,4/22/2009
3046,660.72,660.72,660.72,660.72,0.71,0,0.11,0,4/21/2009
3047,660.01,660.01,660.01,660.01,0,0,0.00,0,4/20/2009
3048,660.01,660.01,660.01,660.01,-2.7,0,-0.41,0,4/19/2009
3049,662.71,662.71,662.71,662.71,1.44,0,0.22,0,4/16/2009
3050,661.27,661.27,661.27,661.27,1.12,0,0.17,0,4/13/2009
3051,660.15,660.15,660.15,660.15,0.11,0,0.02,0,4/12/2009
3052,660.04,660.04,660.04,660.04,-1.24,0,-0.19,0,4/9/2009
3053,661.28,661.28,661.28,661.28,2.03,0,0.31,0,4/8/2009
3054,659.25,659.25,659.25,659.25,-4.21,0,-0.63,0,4/7/2009
3055,663.46,663.46,663.46,663.46,-1.27,0,-0.19,0,4/6/2009
3056,664.73,664.73,664.73,664.73,2.77,0,0.42,0,4/5/2009
3057,661.96,661.96,661.96,661.96,-3.08,0,-0.46,0,4/2/2009
3058,665.04,665.04,665.04,665.04,0.91,0,0.14,0,4/1/2009
3059,664.13,664.13,664.13,664.13,-1.53,0,-0.23,0,3/31/2009
3060,665.66,665.66,665.66,665.66,-4.13,0,-0.62,0,3/30/2009
3061,669.79,669.79,669.79,669.79,-5.51,0,-0.82,0,3/29/2009
3062,675.3,675.3,675.3,675.3,-2.7,0,-0.40,0,3/25/2009
3063,678,678,678,678,1.69,0,0.25,0,3/24/2009
3064,676.31,676.31,676.31,676.31,-6.79,0,-0.99,0,3/23/2009
3065,683.1,683.1,683.1,683.1,16.48,0,2.47,0,3/22/2009
3066,666.62,666.62,666.62,666.62,0.11,0,0.02,0,3/19/2009
3067,666.51,666.51,666.51,666.51,-1.16,0,-0.17,0,3/18/2009
3068,667.67,667.67,667.67,667.67,-3.2,0,-0.48,0,3/17/2009
3069,670.87,670.87,670.87,670.87,1.64,0,0.25,0,3/16/2009
3070,669.23,669.23,669.23,669.23,2.03,0,0.30,0,3/15/2009
3071,667.2,667.2,667.2,667.2,-3.03,0,-0.45,0,3/12/2009
3072,670.23,670.23,670.23,670.23,-1.21,0,-0.18,0,3/11/2009
3073,671.44,671.44,671.44,671.44,0.09,0,0.01,0,3/9/2009
3074,671.35,671.35,671.35,671.35,1.63,0,0.24,0,3/8/2009
3075,669.72,669.72,669.72,669.72,-3.27,0,-0.49,0,3/5/2009
3076,672.99,672.99,672.99,672.99,-2.78,0,-0.41,0,3/4/2009
3077,675.77,675.77,675.77,675.77,2.07,0,0.31,0,3/3/2009
3078,673.7,673.7,673.7,673.7,-2.6,0,-0.38,0,3/2/2009
3079,676.3,676.3,676.3,676.3,-1.22,0,-0.18,0,3/1/2009
3080,677.52,677.52,677.52,677.52,-18.4,0,-2.64,0,2/26/2009
3081,695.92,695.92,695.92,695.92,-8.23,0,-1.17,0,2/24/2009
3082,704.15,704.15,704.15,704.15,4.55,0,0.65,0,2/22/2009
3083,699.6,699.6,699.6,699.6,9.34,0,1.35,0,2/19/2009
3084,690.26,690.26,690.26,690.26,16.74,0,2.49,0,2/17/2009
3085,673.52,673.52,673.52,673.52,3.76,0,0.56,0,2/16/2009
3086,669.76,669.76,669.76,669.76,-1.74,0,-0.26,0,2/15/2009
3087,671.5,671.5,671.5,671.5,7.97,0,1.20,0,2/12/2009
3088,663.53,663.53,663.53,663.53,-1.63,0,-0.25,0,2/11/2009
3089,665.16,665.16,665.16,665.16,-3.67,0,-0.55,0,2/10/2009
3090,668.83,668.83,668.83,668.83,-2.88,0,-0.43,0,2/9/2009
3091,671.71,671.71,671.71,671.71,15.64,0,2.38,0,2/8/2009
3092,656.07,656.07,656.07,656.07,14.41,0,2.25,0,2/5/2009
3093,641.66,641.66,641.66,641.66,5,0,0.79,0,2/4/2009
3094,636.66,636.66,636.66,636.66,0.35,0,0.06,0,2/3/2009
3095,636.31,636.31,636.31,636.31,-2.2,0,-0.34,0,2/2/2009
3096,638.51,638.51,638.51,638.51,-20.32,0,-3.08,0,2/1/2009
3097,658.83,658.83,658.83,658.83,14.86,0,2.31,0,1/28/2009
3098,643.97,643.97,643.97,643.97,32.9,0,5.38,0,1/26/2009
3099,611.07,611.07,611.07,611.07,1.61,0,0.26,0,1/25/2009
3100,609.46,609.46,609.46,609.46,-16.33,0,-2.61,0,1/22/2009
3101,625.79,625.79,625.79,625.79,-15.26,0,-2.38,0,1/21/2009
3102,641.05,641.05,641.05,641.05,-6.24,0,-0.96,0,1/20/2009
3103,647.29,647.29,647.29,647.29,-3.46,0,-0.53,0,1/19/2009
3104,650.75,650.75,650.75,650.75,-0.47,0,-0.07,0,1/18/2009
3105,651.22,651.22,651.22,651.22,-8.59,0,-1.30,0,1/15/2009
3106,659.81,659.81,659.81,659.81,-0.59,0,-0.09,0,1/13/2009
3107,660.4,660.4,660.4,660.4,-3.62,0,-0.55,0,1/12/2009
3108,664.02,664.02,664.02,664.02,-10.3,0,-1.53,0,1/11/2009
3109,674.32,674.32,674.32,674.32,-7.97,0,-1.17,0,1/8/2009
3110,682.29,682.29,682.29,682.29,-5.34,0,-0.78,0,1/7/2009
3111,687.63,687.63,687.63,687.63,-3.34,0,-0.48,0,1/6/2009
3112,690.97,690.97,690.97,690.97,-5.24,0,-0.75,0,1/5/2009
3113,696.21,696.21,696.21,696.21,0.71,0,0.10,0,1/4/2009
3114,695.5,695.5,695.5,695.5,-5.07,0,-0.72,0,12/31/2008
3115,700.57,700.57,700.57,700.57,1.37,0,0.20,0,12/29/2008
3116,699.2,699.2,699.2,699.2,-6.01,0,-0.85,0,12/28/2008
3117,705.21,705.21,705.21,705.21,3.36,0,0.48,0,12/24/2008
3118,701.85,701.85,701.85,701.85,0.21,0,0.03,0,12/23/2008
3119,701.64,701.64,701.64,701.64,-6.48,0,-0.92,0,12/22/2008
3120,708.12,708.12,708.12,708.12,-12.4,0,-1.72,0,12/21/2008
3121,720.52,720.52,720.52,720.52,-8.36,0,-1.15,0,12/18/2008
3122,728.88,728.88,728.88,728.88,-0.36,0,-0.05,0,12/17/2008
3123,729.24,729.24,729.24,729.24,-5.61,0,-0.76,0,12/16/2008
3124,734.85,734.85,734.85,734.85,-7.19,0,-0.97,0,12/15/2008
3125,742.04,742.04,742.04,742.04,-1.21,0,-0.16,0,12/14/2008
3126,743.25,743.25,743.25,743.25,0.89,0,0.12,0,12/11/2008
3127,742.36,742.36,742.36,742.36,-5.36,0,-0.72,0,12/10/2008
3128,747.72,747.72,747.72,747.72,-6.57,0,-0.87,0,12/8/2008
3129,754.29,754.29,754.29,754.29,-0.62,0,-0.08,0,12/7/2008
3130,754.91,754.91,754.91,754.91,-3.17,0,-0.42,0,12/4/2008
3131,758.08,758.08,758.08,758.08,-3.59,0,-0.47,0,12/3/2008
3132,761.67,761.67,761.67,761.67,-4.09,0,-0.53,0,12/2/2008
3133,765.76,765.76,765.76,765.76,15.05,0,2.00,0,12/1/2008
3134,750.71,750.71,750.71,750.71,18.53,0,2.53,0,11/30/2008
3135,732.18,732.18,732.18,732.18,3.61,0,0.50,0,11/27/2008
3136,728.57,728.57,728.57,728.57,29.76,0,4.26,0,11/26/2008
3137,698.81,698.81,698.81,698.81,-27.66,0,-3.81,0,11/25/2008
3138,726.47,726.47,726.47,726.47,-24.04,0,-3.20,0,11/24/2008
3139,750.51,750.51,750.51,750.51,-19.86,0,-2.58,0,11/23/2008
3140,770.37,770.37,770.37,770.37,-6.21,0,-0.80,0,11/20/2008
3141,776.58,776.58,776.58,776.58,0.59,0,0.08,0,11/19/2008
3142,775.99,775.99,775.99,775.99,1.81,0,0.23,0,11/18/2008
3143,774.18,774.18,774.18,774.18,-19.68,0,-2.48,0,11/17/2008
3144,793.86,793.86,793.86,793.86,-13.04,0,-1.62,0,11/16/2008
3145,806.9,806.9,806.9,806.9,-8.73,0,-1.07,0,11/13/2008
3146,815.63,815.63,815.63,815.63,13.52,0,1.69,0,11/12/2008
3147,802.11,802.11,802.11,802.11,22.33,0,2.86,0,11/11/2008
3148,779.78,779.78,779.78,779.78,-31.03,0,-3.83,0,11/10/2008
3149,810.81,810.81,810.81,810.81,-21.78,0,-2.62,0,11/9/2008
3150,832.59,832.59,832.59,832.59,-15.59,0,-1.84,0,11/6/2008
3151,848.18,848.18,848.18,848.18,-1.26,0,-0.15,0,11/5/2008
3152,849.44,849.44,849.44,849.44,-3.72,0,-0.44,0,11/3/2008
3153,853.16,853.16,853.16,853.16,-28.7,0,-3.25,0,11/2/2008
3154,881.86,881.86,881.86,881.86,-36.29,0,-3.95,0,10/27/2008
3155,918.15,918.15,918.15,918.15,-1.18,0,-0.13,0,10/26/2008
3156,919.33,919.33,919.33,919.33,5.33,0,0.58,0,10/23/2008
3157,914,914,914,914,6.27,0,0.69,0,10/22/2008
3158,907.73,907.73,907.73,907.73,7.74,0,0.86,0,10/21/2008
3159,899.99,899.99,899.99,899.99,-18.63,0,-2.03,0,10/20/2008
3160,918.62,918.62,918.62,918.62,-15.35,0,-1.64,0,10/19/2008
3161,933.97,933.97,933.97,933.97,-4.34,0,-0.46,0,10/16/2008
3162,938.31,938.31,938.31,938.31,-19.02,0,-1.99,0,10/15/2008
3163,957.33,957.33,957.33,957.33,-12.23,0,-1.26,0,10/13/2008
3164,969.56,969.56,969.56,969.56,-4.09,0,-0.42,0,10/12/2008
3165,973.65,973.65,973.65,973.65,3.42,0,0.35,0,10/5/2008
3166,970.23,970.23,970.23,970.23,7.68,0,0.80,0,10/1/2008
3167,962.55,962.55,962.55,962.55,7.95,0,0.83,0,9/29/2008
3168,954.6,954.6,954.6,954.6,13.48,0,1.43,0,9/28/2008
3169,941.12,941.12,941.12,941.12,-3.95,0,-0.42,0,9/25/2008
3170,945.07,945.07,945.07,945.07,-6.21,0,-0.65,0,9/24/2008
3171,951.28,951.28,951.28,951.28,-1.36,0,-0.14,0,9/23/2008
3172,952.64,952.64,952.64,952.64,-24.17,0,-2.47,0,9/22/2008
3173,976.81,976.81,976.81,976.81,-27.47,0,-2.74,0,9/21/2008
3174,"1,004.28","1,004.28","1,004.28","1,004.28",19.12,0,1.94,0,9/18/2008
3175,985.16,985.16,985.16,985.16,9.15,0,0.94,0,9/17/2008
3176,976.01,976.01,976.01,976.01,-20.08,0,-2.02,0,9/16/2008
3177,996.09,996.09,996.09,996.09,-32.41,0,-3.15,0,9/15/2008
3178,"1,028.50","1,028.50","1,028.50","1,028.50",-1.35,0,-0.13,0,9/11/2008
3179,"1,029.85","1,029.85","1,029.85","1,029.85",-21.35,0,-2.03,0,9/10/2008
3180,"1,051.20","1,051.20","1,051.20","1,051.20",-7.44,0,-0.70,0,9/9/2008
3181,"1,058.64","1,058.64","1,058.64","1,058.64",-12.44,0,-1.16,0,9/8/2008
3182,"1,071.08","1,071.08","1,071.08","1,071.08",3.88,0,0.36,0,9/7/2008
3183,"1,067.20","1,067.20","1,067.20","1,067.20",3.19,0,0.30,0,9/4/2008
3184,"1,064.01","1,064.01","1,064.01","1,064.01",-38.38,0,-3.48,0,9/3/2008
3185,"1,102.39","1,102.39","1,102.39","1,102.39",-32,0,-2.82,0,9/2/2008
3186,"1,134.39","1,134.39","1,134.39","1,134.39",-40.99,0,-3.49,0,9/1/2008
3187,"1,175.38","1,175.38","1,175.38","1,175.38",55.73,0,4.98,0,8/31/2008
3188,"1,119.65","1,119.65","1,119.65","1,119.65",33.46,0,3.08,0,8/28/2008
3189,"1,086.19","1,086.19","1,086.19","1,086.19",-1.61,0,-0.15,0,8/27/2008
3190,"1,087.80","1,087.80","1,087.80","1,087.80",19.63,0,1.84,0,8/26/2008
3191,"1,068.17","1,068.17","1,068.17","1,068.17",10.81,0,1.02,0,8/25/2008
3192,"1,057.36","1,057.36","1,057.36","1,057.36",-4.88,0,-0.46,0,8/24/2008
3193,"1,062.24","1,062.24","1,062.24","1,062.24",-2.04,0,-0.19,0,8/21/2008
3194,"1,064.28","1,064.28","1,064.28","1,064.28",6.75,0,0.64,0,8/20/2008
3195,"1,057.53","1,057.53","1,057.53","1,057.53",-18.34,0,-1.70,0,8/19/2008
3196,"1,075.87","1,075.87","1,075.87","1,075.87",-8.89,0,-0.82,0,8/18/2008
3197,"1,084.76","1,084.76","1,084.76","1,084.76",5.18,0,0.48,0,8/14/2008
3198,"1,079.58","1,079.58","1,079.58","1,079.58",-5.45,0,-0.50,0,8/13/2008
3199,"1,085.03","1,085.03","1,085.03","1,085.03",-3.88,0,-0.36,0,8/12/2008
3200,"1,088.91","1,088.91","1,088.91","1,088.91",13.4,0,1.25,0,8/11/2008
3201,"1,075.51","1,075.51","1,075.51","1,075.51",-25.85,0,-2.35,0,8/10/2008
3202,"1,101.36","1,101.36","1,101.36","1,101.36",-26.77,0,-2.37,0,8/7/2008
3203,"1,128.13","1,128.13","1,128.13","1,128.13",26.03,0,2.36,0,8/6/2008
3204,"1,102.10","1,102.10","1,102.10","1,102.10",26.76,0,2.49,0,8/5/2008
3205,"1,075.34","1,075.34","1,075.34","1,075.34",27.67,0,2.64,0,8/4/2008
3206,"1,047.67","1,047.67","1,047.67","1,047.67",13.65,0,1.32,0,8/3/2008
3207,"1,034.02","1,034.02","1,034.02","1,034.02",13.97,0,1.37,0,7/31/2008
3208,"1,020.05","1,020.05","1,020.05","1,020.05",18.06,0,1.80,0,7/30/2008
3209,"1,001.99","1,001.99","1,001.99","1,001.99",18.92,0,1.92,0,7/29/2008
3210,983.07,983.07,983.07,983.07,2.26,0,0.23,0,7/28/2008
3211,980.81,980.81,980.81,980.81,8.34,0,0.86,0,7/27/2008
3212,972.47,972.47,972.47,972.47,9.69,0,1.01,0,7/23/2008
3213,962.78,962.78,962.78,962.78,-10.52,0,-1.08,0,7/22/2008
3214,973.3,973.3,973.3,973.3,-11.94,0,-1.21,0,7/21/2008
3215,985.24,985.24,985.24,985.24,-6.67,0,-0.67,0,7/20/2008
3216,991.91,991.91,991.91,991.91,9.79,0,1.00,0,7/17/2008
3217,982.12,982.12,982.12,982.12,18.76,0,1.95,0,7/16/2008
3218,963.36,963.36,963.36,963.36,4.1,0,0.43,0,7/15/2008
3219,959.26,959.26,959.26,959.26,5.8,0,0.61,0,7/14/2008
3220,953.46,953.46,953.46,953.46,3.94,0,0.41,0,7/13/2008
3221,949.52,949.52,949.52,949.52,4.66,0,0.49,0,7/10/2008
3222,944.86,944.86,944.86,944.86,8.4,0,0.90,0,7/9/2008
3223,936.46,936.46,936.46,936.46,6.74,0,0.72,0,7/8/2008
3224,929.72,929.72,929.72,929.72,2.79,0,0.30,0,7/7/2008
3225,926.93,926.93,926.93,926.93,-1.46,0,-0.16,0,7/6/2008
3226,928.39,928.39,928.39,928.39,22.15,0,2.44,0,7/3/2008
3227,906.24,906.24,906.24,906.24,-25.06,0,-2.69,0,7/2/2008
3228,931.3,931.3,931.3,931.3,-6.16,0,-0.66,0,7/1/2008
3229,937.46,937.46,937.46,937.46,-11.41,0,-1.20,0,6/30/2008
3230,948.87,948.87,948.87,948.87,-2.75,0,-0.29,0,6/29/2008
3231,951.62,951.62,951.62,951.62,3.06,0,0.32,0,6/26/2008
3232,948.56,948.56,948.56,948.56,7.64,0,0.81,0,6/25/2008
3233,940.92,940.92,940.92,940.92,-1.17,0,-0.12,0,6/24/2008
3234,942.09,942.09,942.09,942.09,-5.03,0,-0.53,0,6/23/2008
3235,947.12,947.12,947.12,947.12,-13.21,0,-1.38,0,6/22/2008
3236,960.33,960.33,960.33,960.33,0.51,0,0.05,0,6/19/2008
3237,959.82,959.82,959.82,959.82,5.98,0,0.63,0,6/18/2008
3238,953.84,953.84,953.84,953.84,-4.03,0,-0.42,0,6/17/2008
3239,957.87,957.87,957.87,957.87,16.8,0,1.79,0,6/16/2008
3240,941.07,941.07,941.07,941.07,10.42,0,1.12,0,6/15/2008
3241,930.65,930.65,930.65,930.65,7.48,0,0.81,0,6/12/2008
3242,923.17,923.17,923.17,923.17,8.14,0,0.89,0,6/11/2008
3243,915.03,915.03,915.03,915.03,-9.62,0,-1.04,0,6/10/2008
3244,924.65,924.65,924.65,924.65,13.83,0,1.52,0,6/9/2008
3245,910.82,910.82,910.82,910.82,25.62,0,2.89,0,6/8/2008
3246,885.2,885.2,885.2,885.2,17.27,0,1.99,0,6/5/2008
3247,867.93,867.93,867.93,867.93,9.3,0,1.08,0,6/4/2008
3248,858.63,858.63,858.63,858.63,-15.12,0,-1.73,0,6/3/2008
3249,873.75,873.75,873.75,873.75,13.13,0,1.53,0,6/2/2008
3250,860.62,860.62,860.62,860.62,27.44,0,3.29,0,6/1/2008
3251,833.18,833.18,833.18,833.18,9.5,0,1.15,0,5/27/2008
3252,823.68,823.68,823.68,823.68,-8.46,0,-1.02,0,5/26/2008
3253,832.14,832.14,832.14,832.14,14.5,0,1.77,0,5/25/2008
3254,817.64,817.64,817.64,817.64,16.16,0,2.02,0,5/22/2008
3255,801.48,801.48,801.48,801.48,2.62,0,0.33,0,5/21/2008
3256,798.86,798.86,798.86,798.86,-13.81,0,-1.70,0,5/18/2008
3257,812.67,812.67,812.67,812.67,-12.94,0,-1.57,0,5/15/2008
3258,825.61,825.61,825.61,825.61,19.35,0,2.40,0,5/14/2008
3259,806.26,806.26,806.26,806.26,20.91,0,2.66,0,5/13/2008
3260,785.35,785.35,785.35,785.35,11.81,0,1.53,0,5/12/2008
3261,773.54,773.54,773.54,773.54,2.21,0,0.29,0,5/11/2008
3262,771.33,771.33,771.33,771.33,-5.64,0,-0.73,0,5/8/2008
3263,776.97,776.97,776.97,776.97,9.04,0,1.18,0,5/7/2008
3264,767.93,767.93,767.93,767.93,19.01,0,2.54,0,5/6/2008
3265,748.92,748.92,748.92,748.92,8.74,0,1.18,0,5/5/2008
3266,740.18,740.18,740.18,740.18,3.72,0,0.51,0,5/4/2008
3267,736.46,736.46,736.46,736.46,7.74,0,1.06,0,4/30/2008
3268,728.72,728.72,728.72,728.72,-1.56,0,-0.21,0,4/29/2008
3269,730.28,730.28,730.28,730.28,1.27,0,0.17,0,4/28/2008
3270,729.01,729.01,729.01,729.01,-5.86,0,-0.80,0,4/27/2008
3271,734.87,734.87,734.87,734.87,0.21,0,0.03,0,4/24/2008
3272,734.66,734.66,734.66,734.66,-4.77,0,-0.65,0,4/22/2008
3273,739.43,739.43,739.43,739.43,-4.61,0,-0.62,0,4/21/2008
3274,744.04,744.04,744.04,744.04,9.21,0,1.25,0,4/20/2008
3275,734.83,734.83,734.83,734.83,26.02,0,3.67,0,4/17/2008
3276,708.81,708.81,708.81,708.81,-11.43,0,-1.59,0,4/16/2008
3277,720.24,720.24,720.24,720.24,-26.45,0,-3.54,0,4/15/2008
3278,746.69,746.69,746.69,746.69,16.55,0,2.27,0,4/6/2008
3279,730.14,730.14,730.14,730.14,13.58,0,1.90,0,4/3/2008
3280,716.56,716.56,716.56,716.56,4.04,0,0.57,0,4/2/2008
3281,712.52,712.52,712.52,712.52,3.12,0,0.44,0,4/1/2008
3282,709.4,709.4,709.4,709.4,6.43,0,0.91,0,3/31/2008
3283,702.97,702.97,702.97,702.97,-13.4,0,-1.87,0,3/30/2008
3284,716.37,716.37,716.37,716.37,-4.3,0,-0.60,0,3/27/2008
3285,720.67,720.67,720.67,720.67,-0.57,0,-0.08,0,3/26/2008
3286,721.24,721.24,721.24,721.24,16.7,0,2.37,0,3/25/2008
3287,704.54,704.54,704.54,704.54,-6.26,0,-0.88,0,3/24/2008
3288,710.8,710.8,710.8,710.8,-5.92,0,-0.83,0,3/23/2008
3289,716.72,716.72,716.72,716.72,0.77,0,0.11,0,3/20/2008
3290,715.95,715.95,715.95,715.95,-2.98,0,-0.41,0,3/19/2008
3291,718.93,718.93,718.93,718.93,-1.99,0,-0.28,0,3/18/2008
3292,720.92,720.92,720.92,720.92,7.95,0,1.12,0,3/17/2008
3293,712.97,712.97,712.97,712.97,-1.79,0,-0.25,0,3/16/2008
3294,714.76,714.76,714.76,714.76,-8.52,0,-1.18,0,3/13/2008
3295,723.28,723.28,723.28,723.28,-17.83,0,-2.41,0,3/12/2008
3296,741.11,741.11,741.11,741.11,-7.94,0,-1.06,0,3/11/2008
3297,749.05,749.05,749.05,749.05,-7.69,0,-1.02,0,3/10/2008
3298,756.74,756.74,756.74,756.74,-1.96,0,-0.26,0,3/9/2008
3299,758.7,758.7,758.7,758.7,-8.28,0,-1.08,0,3/5/2008
3300,766.98,766.98,766.98,766.98,-4.23,0,-0.55,0,3/4/2008
3301,771.21,771.21,771.21,771.21,-1.67,0,-0.22,0,3/3/2008
3302,772.88,772.88,772.88,772.88,16.12,0,2.13,0,3/2/2008
3303,756.76,756.76,756.76,756.76,4.95,0,0.66,0,2/28/2008
3304,751.81,751.81,751.81,751.81,-7.7,0,-1.01,0,2/27/2008
3305,759.51,759.51,759.51,759.51,-1.66,0,-0.22,0,2/26/2008
3306,761.17,761.17,761.17,761.17,5.28,0,0.70,0,2/25/2008
3307,755.89,755.89,755.89,755.89,-2.58,0,-0.34,0,2/24/2008
3308,758.47,758.47,758.47,758.47,2.03,0,0.27,0,2/21/2008
3309,756.44,756.44,756.44,756.44,-0.64,0,-0.08,0,2/20/2008
3310,757.08,757.08,757.08,757.08,-12.84,0,-1.67,0,2/18/2008
3311,769.92,769.92,769.92,769.92,-25.97,0,-3.26,0,2/17/2008
3312,795.89,795.89,795.89,795.89,-14.02,0,-1.73,0,2/14/2008
3313,809.91,809.91,809.91,809.91,-4.52,0,-0.55,0,2/13/2008
3314,814.43,814.43,814.43,814.43,12.4,0,1.55,0,2/12/2008
3315,802.03,802.03,802.03,802.03,25.29,0,3.26,0,2/11/2008
3316,776.74,776.74,776.74,776.74,25.88,0,3.45,0,2/10/2008
3317,750.86,750.86,750.86,750.86,27.32,0,3.78,0,2/7/2008
3318,723.54,723.54,723.54,723.54,14.81,0,2.09,0,2/6/2008
3319,708.73,708.73,708.73,708.73,-43.57,0,-5.79,0,2/5/2008
3320,752.3,752.3,752.3,752.3,-25.83,0,-3.32,0,2/4/2008
3321,778.13,778.13,778.13,778.13,-25.56,0,-3.18,0,2/3/2008
3322,803.69,803.69,803.69,803.69,-13.91,0,-1.70,0,1/31/2008
3323,817.6,817.6,817.6,817.6,-25,0,-2.97,0,1/29/2008
3324,842.6,842.6,842.6,842.6,-25,0,-2.88,0,1/28/2008
3325,867.6,867.6,867.6,867.6,-10.47,0,-1.19,0,1/27/2008
3326,878.07,878.07,878.07,878.07,0.56,0,0.06,0,1/24/2008
3327,877.51,877.51,877.51,877.51,-12.74,0,-1.43,0,1/23/2008
3328,890.25,890.25,890.25,890.25,22.79,0,2.63,0,1/22/2008
3329,867.46,867.46,867.46,867.46,-12.23,0,-1.39,0,1/21/2008
3330,879.69,879.69,879.69,879.69,-25.69,0,-2.84,0,1/20/2008
3331,905.38,905.38,905.38,905.38,-26.05,0,-2.80,0,1/17/2008
3332,931.43,931.43,931.43,931.43,-27.48,0,-2.87,0,1/16/2008
3333,958.91,958.91,958.91,958.91,-17.16,0,-1.76,0,1/14/2008
3334,976.07,976.07,976.07,976.07,-5.36,0,-0.55,0,1/13/2008
3335,981.43,981.43,981.43,981.43,17.6,0,1.83,0,1/10/2008
3336,963.83,963.83,963.83,963.83,7.01,0,0.73,0,1/9/2008
3337,956.82,956.82,956.82,956.82,-14.16,0,-1.46,0,1/8/2008
3338,970.98,970.98,970.98,970.98,-17.66,0,-1.79,0,1/7/2008
3339,988.64,988.64,988.64,988.64,4.11,0,0.42,0,1/6/2008
3340,984.53,984.53,984.53,984.53,16.79,0,1.73,0,12/27/2007
3341,967.74,967.74,967.74,967.74,-25.18,0,-2.54,0,12/26/2007
3342,992.92,992.92,992.92,992.92,-25.24,0,-2.48,0,12/25/2007
3343,"1,018.16","1,018.16","1,018.16","1,018.16",-27.49,0,-2.63,0,12/24/2007
3344,"1,045.65","1,045.65","1,045.65","1,045.65",-10.08,0,-0.95,0,12/23/2007
3345,"1,055.73","1,055.73","1,055.73","1,055.73",-5.54,0,-0.52,0,12/20/2007
3346,"1,061.27","1,061.27","1,061.27","1,061.27",-0.08,0,-0.01,0,12/19/2007
3347,"1,061.35","1,061.35","1,061.35","1,061.35",-2.74,0,-0.26,0,12/18/2007
3348,"1,064.09","1,064.09","1,064.09","1,064.09",11.17,0,1.06,0,12/17/2007
3349,"1,052.92","1,052.92","1,052.92","1,052.92",27.01,0,2.63,0,12/16/2007
3350,"1,025.91","1,025.91","1,025.91","1,025.91",25.64,0,2.56,0,12/13/2007
3351,"1,000.27","1,000.27","1,000.27","1,000.27",3.98,0,0.40,0,12/12/2007
3352,996.29,996.29,996.29,996.29,4.09,0,0.41,0,12/11/2007
3353,992.2,992.2,992.2,992.2,-8.29,0,-0.83,0,12/10/2007
3354,"1,000.49","1,000.49","1,000.49","1,000.49",7.68,0,0.77,0,12/9/2007
3355,992.81,992.81,992.81,992.81,18.4,0,1.89,0,12/6/2007
3356,974.41,974.41,974.41,974.41,10.62,0,1.10,0,12/5/2007
3357,963.79,963.79,963.79,963.79,20.8,0,2.21,0,12/4/2007
3358,942.99,942.99,942.99,942.99,20.55,0,2.23,0,12/3/2007
3359,922.44,922.44,922.44,922.44,25.15,0,2.80,0,12/2/2007
3360,897.29,897.29,897.29,897.29,17.71,0,2.01,0,11/29/2007
3361,879.58,879.58,879.58,879.58,10.2,0,1.17,0,11/28/2007
3362,869.38,869.38,869.38,869.38,1.77,0,0.20,0,11/27/2007
3363,867.61,867.61,867.61,867.61,6.32,0,0.73,0,11/26/2007
3364,861.29,861.29,861.29,861.29,5.05,0,0.59,0,11/25/2007
3365,856.24,856.24,856.24,856.24,0.68,0,0.08,0,11/22/2007
3366,855.56,855.56,855.56,855.56,2.88,0,0.34,0,11/21/2007
3367,852.68,852.68,852.68,852.68,-2.32,0,-0.27,0,11/20/2007
3368,855,855,855,855,3.45,0,0.41,0,11/19/2007
3369,851.55,851.55,851.55,851.55,-63.83,0,-6.97,0,11/18/2007
3370,915.38,915.38,915.38,915.38,12.93,0,1.43,0,11/15/2007
3371,902.45,902.45,902.45,902.45,10.17,0,1.14,0,11/14/2007
3372,892.28,892.28,892.28,892.28,3.16,0,0.36,0,11/13/2007
3373,889.12,889.12,889.12,889.12,6.67,0,0.76,0,11/12/2007
3374,882.45,882.45,882.45,882.45,2.39,0,0.27,0,11/8/2007
3375,880.06,880.06,880.06,880.06,2.62,0,0.30,0,11/7/2007
3376,877.44,877.44,877.44,877.44,2.9,0,0.33,0,11/6/2007
3377,874.54,874.54,874.54,874.54,-2.06,0,-0.23,0,11/5/2007
3378,876.6,876.6,876.6,876.6,-10.99,0,-1.24,0,11/4/2007
3379,887.59,887.59,887.59,887.59,8.73,0,0.99,0,11/1/2007
3380,878.86,878.86,878.86,878.86,13.97,0,1.62,0,10/31/2007
3381,864.89,864.89,864.89,864.89,5.4,0,0.63,0,10/30/2007
3382,859.49,859.49,859.49,859.49,1.43,0,0.17,0,10/29/2007
3383,858.06,858.06,858.06,858.06,-3.31,0,-0.38,0,10/28/2007
3384,861.37,861.37,861.37,861.37,-1.77,0,-0.21,0,10/17/2007
3385,863.14,863.14,863.14,863.14,-6.12,0,-0.70,0,10/16/2007
3386,869.26,869.26,869.26,869.26,-14.16,0,-1.60,0,10/15/2007
3387,883.42,883.42,883.42,883.42,17.29,0,2.00,0,10/14/2007
3388,866.13,866.13,866.13,866.13,28.41,0,3.39,0,10/11/2007
3389,837.72,837.72,837.72,837.72,-10.4,0,-1.23,0,10/10/2007
3390,848.12,848.12,848.12,848.12,-25.8,0,-2.95,0,10/9/2007
3391,873.92,873.92,873.92,873.92,-25.46,0,-2.83,0,10/8/2007
3392,899.38,899.38,899.38,899.38,-0.04,0,0.00,0,10/7/2007
3393,899.42,899.42,899.42,899.42,8.86,0,0.99,0,10/4/2007
3394,890.56,890.56,890.56,890.56,4.44,0,0.50,0,10/3/2007
3395,886.12,886.12,886.12,886.12,-1.33,0,-0.15,0,10/2/2007
3396,887.45,887.45,887.45,887.45,1.95,0,0.22,0,10/1/2007
3397,885.5,885.5,885.5,885.5,7.15,0,0.81,0,9/30/2007
3398,878.35,878.35,878.35,878.35,23.22,0,2.72,0,9/27/2007
3399,855.13,855.13,855.13,855.13,6.93,0,0.82,0,9/26/2007
3400,848.2,848.2,848.2,848.2,0.34,0,0.04,0,9/24/2007
3401,847.86,847.86,847.86,847.86,-32.1,0,-3.65,0,9/23/2007
3402,879.96,879.96,879.96,879.96,42.04,0,5.02,0,9/20/2007
3403,837.92,837.92,837.92,837.92,10.18,0,1.23,0,9/19/2007
3404,827.74,827.74,827.74,827.74,10.66,0,1.30,0,9/18/2007
3405,817.08,817.08,817.08,817.08,-1.08,0,-0.13,0,9/17/2007
3406,818.16,818.16,818.16,818.16,4.39,0,0.54,0,9/16/2007
3407,813.77,813.77,813.77,813.77,-7.67,0,-0.93,0,9/13/2007
3408,821.44,821.44,821.44,821.44,-12.12,0,-1.45,0,9/12/2007
3409,833.56,833.56,833.56,833.56,4.78,0,0.58,0,9/11/2007
3410,828.78,828.78,828.78,828.78,16.8,0,2.07,0,9/10/2007
3411,811.98,811.98,811.98,811.98,15.64,0,1.96,0,9/9/2007
3412,796.34,796.34,796.34,796.34,10.91,0,1.39,0,9/8/2007
3413,785.43,785.43,785.43,785.43,16.36,0,2.13,0,9/5/2007
3414,769.07,769.07,769.07,769.07,13.02,0,1.72,0,9/3/2007
3415,756.05,756.05,756.05,756.05,16.52,0,2.23,0,9/2/2007
3416,739.53,739.53,739.53,739.53,16.49,0,2.28,0,8/30/2007
3417,723.04,723.04,723.04,723.04,-0.67,0,-0.09,0,8/27/2007
3418,723.71,723.71,723.71,723.71,-2.15,0,-0.30,0,8/26/2007
3419,725.86,725.86,725.86,725.86,0.35,0,0.05,0,8/24/2007
3420,725.51,725.51,725.51,725.51,2.97,0,0.41,0,8/23/2007
3421,722.54,722.54,722.54,722.54,0.79,0,0.11,0,8/22/2007
3422,721.75,721.75,721.75,721.75,7.69,0,1.08,0,8/21/2007
3423,714.06,714.06,714.06,714.06,3.42,0,0.48,0,8/20/2007
3424,710.64,710.64,710.64,710.64,4.68,0,0.66,0,8/19/2007
3425,705.96,705.96,705.96,705.96,0.91,0,0.13,0,8/16/2007
3426,705.05,705.05,705.05,705.05,-7.62,0,-1.07,0,8/15/2007
3427,712.67,712.67,712.67,712.67,-5.42,0,-0.75,0,8/14/2007
3428,718.09,718.09,718.09,718.09,-5.23,0,-0.72,0,8/13/2007
3429,723.32,723.32,723.32,723.32,-1.99,0,-0.27,0,8/9/2007
3430,725.31,725.31,725.31,725.31,5.62,0,0.78,0,8/8/2007
3431,719.69,719.69,719.69,719.69,13.58,0,1.92,0,8/7/2007
3432,706.11,706.11,706.11,706.11,3.38,0,0.48,0,8/6/2007
3433,702.73,702.73,702.73,702.73,9.5,0,1.37,0,8/5/2007
3434,693.23,693.23,693.23,693.23,9.87,0,1.44,0,8/2/2007
3435,683.36,683.36,683.36,683.36,4.39,0,0.65,0,8/1/2007
3436,678.97,678.97,678.97,678.97,-1.58,0,-0.23,0,7/31/2007
3437,680.55,680.55,680.55,680.55,-4.81,0,-0.70,0,7/30/2007
3438,685.36,685.36,685.36,685.36,-2.47,0,-0.36,0,7/29/2007
3439,687.83,687.83,687.83,687.83,-1.97,0,-0.29,0,7/26/2007
3440,689.8,689.8,689.8,689.8,-5.58,0,-0.80,0,7/25/2007
3441,695.38,695.38,695.38,695.38,-0.3,0,-0.04,0,7/24/2007
3442,695.68,695.68,695.68,695.68,8.03,0,1.17,0,7/23/2007
3443,687.65,687.65,687.65,687.65,7.66,0,1.13,0,7/22/2007
3444,679.99,679.99,679.99,679.99,2.01,0,0.30,0,7/19/2007
3445,677.98,677.98,677.98,677.98,-18.6,0,-2.67,0,7/18/2007
3446,696.58,696.58,696.58,696.58,12.63,0,1.85,0,7/17/2007
3447,683.95,683.95,683.95,683.95,26.48,0,4.03,0,7/16/2007
3448,657.47,657.47,657.47,657.47,14.32,0,2.23,0,7/15/2007
3449,643.15,643.15,643.15,643.15,10.13,0,1.60,0,7/12/2007
3450,633.02,633.02,633.02,633.02,12.41,0,2.00,0,7/11/2007
3451,620.61,620.61,620.61,620.61,5.18,0,0.84,0,7/10/2007
3452,615.43,615.43,615.43,615.43,1.96,0,0.32,0,7/9/2007
3453,613.47,613.47,613.47,613.47,2.39,0,0.39,0,7/5/2007
3454,611.08,611.08,611.08,611.08,8.21,0,1.36,0,7/4/2007
3455,602.87,602.87,602.87,602.87,4.35,0,0.73,0,7/3/2007
3456,598.52,598.52,598.52,598.52,4.87,0,0.82,0,7/2/2007
3457,593.65,593.65,593.65,593.65,2,0,0.34,0,7/1/2007
3458,591.65,591.65,591.65,591.65,1.36,0,0.23,0,6/27/2007
3459,590.29,590.29,590.29,590.29,2.08,0,0.35,0,6/26/2007
3460,588.21,588.21,588.21,588.21,4.2,0,0.72,0,6/25/2007
3461,584.01,584.01,584.01,584.01,0.57,0,0.10,0,6/24/2007
3462,583.44,583.44,583.44,583.44,4.63,0,0.80,0,6/21/2007
3463,578.81,578.81,578.81,578.81,11.53,0,2.03,0,6/20/2007
3464,567.28,567.28,567.28,567.28,3.79,0,0.67,0,6/19/2007
3465,563.49,563.49,563.49,563.49,-5.96,0,-1.05,0,6/18/2007
3466,569.45,569.45,569.45,569.45,-5.59,0,-0.97,0,6/17/2007
3467,575.04,575.04,575.04,575.04,-8.51,0,-1.46,0,6/14/2007
3468,583.55,583.55,583.55,583.55,10.83,0,1.89,0,6/13/2007
3469,572.72,572.72,572.72,572.72,8.21,0,1.45,0,6/12/2007
3470,564.51,564.51,564.51,564.51,5.36,0,0.96,0,6/11/2007
3471,559.15,559.15,559.15,559.15,7.09,0,1.28,0,6/10/2007
3472,552.06,552.06,552.06,552.06,2.1,0,0.38,0,6/7/2007
3473,549.96,549.96,549.96,549.96,5.82,0,1.07,0,6/6/2007
3474,544.14,544.14,544.14,544.14,2,0,0.37,0,6/5/2007
3475,542.14,542.14,542.14,542.14,4.4,0,0.82,0,6/4/2007
3476,537.74,537.74,537.74,537.74,-3.64,0,-0.67,0,6/3/2007
3477,541.38,541.38,541.38,541.38,0.71,0,0.13,0,5/31/2007
3478,540.67,540.67,540.67,540.67,8.71,0,1.64,0,5/30/2007
3479,531.96,531.96,531.96,531.96,6.02,0,1.14,0,5/29/2007
3480,525.94,525.94,525.94,525.94,1.02,0,0.19,0,5/28/2007
3481,524.92,524.92,524.92,524.92,-0.13,0,-0.02,0,5/27/2007
3482,525.05,525.05,525.05,525.05,1.59,0,0.30,0,5/24/2007
3483,523.46,523.46,523.46,523.46,1.23,0,0.24,0,5/23/2007
3484,522.23,522.23,522.23,522.23,-2.92,0,-0.56,0,5/22/2007
3485,525.15,525.15,525.15,525.15,-0.49,0,-0.09,0,5/21/2007
3486,525.64,525.64,525.64,525.64,7.09,0,1.37,0,5/20/2007
3487,518.55,518.55,518.55,518.55,3.35,0,0.65,0,5/17/2007
3488,515.2,515.2,515.2,515.2,2.82,0,0.55,0,5/16/2007
3489,512.38,512.38,512.38,512.38,-1.07,0,-0.21,0,5/15/2007
3490,513.45,513.45,513.45,513.45,-3.35,0,-0.65,0,5/14/2007
3491,516.8,516.8,516.8,516.8,-1.48,0,-0.29,0,5/13/2007
3492,518.28,518.28,518.28,518.28,-0.34,0,-0.07,0,5/10/2007
3493,518.62,518.62,518.62,518.62,1.2,0,0.23,0,5/9/2007
3494,517.42,517.42,517.42,517.42,1.28,0,0.25,0,5/8/2007
3495,516.14,516.14,516.14,516.14,1.15,0,0.22,0,5/7/2007
3496,514.99,514.99,514.99,514.99,0.34,0,0.07,0,5/6/2007
3497,514.65,514.65,514.65,514.65,0.96,0,0.19,0,5/3/2007
3498,513.69,513.69,513.69,513.69,4.07,0,0.80,0,4/30/2007
3499,509.62,509.62,509.62,509.62,3,0,0.59,0,4/29/2007
3500,506.62,506.62,506.62,506.62,4.02,0,0.80,0,4/26/2007
3501,502.6,502.6,502.6,502.6,1.07,0,0.21,0,4/25/2007
3502,501.53,501.53,501.53,501.53,-1.19,0,-0.24,0,4/23/2007
3503,502.72,502.72,502.72,502.72,-0.57,0,-0.11,0,4/22/2007
3504,503.29,503.29,503.29,503.29,2.02,0,0.40,0,4/19/2007
3505,501.27,501.27,501.27,501.27,2.36,0,0.47,0,4/18/2007
3506,498.91,498.91,498.91,498.91,0.89,0,0.18,0,4/17/2007
3507,498.02,498.02,498.02,498.02,0.29,0,0.06,0,4/16/2007
3508,497.73,497.73,497.73,497.73,3.14,0,0.63,0,4/15/2007
3509,494.59,494.59,494.59,494.59,5.56,0,1.14,0,4/12/2007
3510,489.03,489.03,489.03,489.03,2.02,0,0.41,0,4/11/2007
3511,487.01,487.01,487.01,487.01,-0.42,0,-0.09,0,4/10/2007
3512,487.43,487.43,487.43,487.43,-0.79,0,-0.16,0,4/9/2007
3513,488.22,488.22,488.22,488.22,-0.71,0,-0.15,0,4/8/2007
3514,488.93,488.93,488.93,488.93,-2.68,0,-0.55,0,4/5/2007
3515,491.61,491.61,491.61,491.61,-10.06,0,-2.01,0,4/4/2007
3516,501.67,501.67,501.67,501.67,-5.79,0,-1.14,0,4/3/2007
3517,507.46,507.46,507.46,507.46,5.31,0,1.06,0,4/2/2007
3518,502.15,502.15,502.15,502.15,21.16,0,4.40,0,4/1/2007
3519,480.99,480.99,480.99,480.99,-1.53,0,-0.32,0,3/29/2007
3520,482.52,482.52,482.52,482.52,-6,0,-1.23,0,3/28/2007
3521,488.52,488.52,488.52,488.52,-2.95,0,-0.60,0,3/25/2007
3522,491.47,491.47,491.47,491.47,-0.85,0,-0.17,0,3/22/2007
3523,492.32,492.32,492.32,492.32,-1.56,0,-0.32,0,3/21/2007
3524,493.88,493.88,493.88,493.88,-0.18,0,-0.04,0,3/15/2007
3525,494.06,494.06,494.06,494.06,-6.06,0,-1.21,0,3/14/2007
3526,500.12,500.12,500.12,500.12,-0.6,0,-0.12,0,3/13/2007
3527,500.72,500.72,500.72,500.72,4.08,0,0.82,0,3/12/2007
3528,496.64,496.64,496.64,496.64,9.83,0,2.02,0,3/11/2007
3529,486.81,486.81,486.81,486.81,10.74,0,2.26,0,3/8/2007
3530,476.07,476.07,476.07,476.07,-9.91,0,-2.04,0,3/7/2007
3531,485.98,485.98,485.98,485.98,-12.28,0,-2.46,0,3/6/2007
3532,498.26,498.26,498.26,498.26,-7.11,0,-1.41,0,3/5/2007
3533,505.37,505.37,505.37,505.37,-3.52,0,-0.69,0,3/4/2007
3534,508.89,508.89,508.89,508.89,-2.92,0,-0.57,0,3/1/2007
3535,511.81,511.81,511.81,511.81,-0.04,0,-0.01,0,2/28/2007
3536,511.85,511.85,511.85,511.85,-2.81,0,-0.55,0,2/27/2007
3537,514.66,514.66,514.66,514.66,-3.13,0,-0.60,0,2/26/2007
3538,517.79,517.79,517.79,517.79,-1.28,0,-0.25,0,2/25/2007
3539,519.07,519.07,519.07,519.07,-1.39,0,-0.27,0,2/22/2007
3540,520.46,520.46,520.46,520.46,-2.74,0,-0.52,0,2/21/2007
3541,523.2,523.2,523.2,523.2,-2.49,0,-0.47,0,2/20/2007
3542,525.69,525.69,525.69,525.69,-1.28,0,-0.24,0,2/18/2007
3543,526.97,526.97,526.97,526.97,1.11,0,0.21,0,2/15/2007
3544,525.86,525.86,525.86,525.86,0.78,0,0.15,0,2/14/2007
3545,525.08,525.08,525.08,525.08,1.14,0,0.22,0,2/13/2007
3546,523.94,523.94,523.94,523.94,-0.85,0,-0.16,0,2/12/2007
3547,524.79,524.79,524.79,524.79,1.68,0,0.32,0,2/11/2007
3548,523.11,523.11,523.11,523.11,3.42,0,0.66,0,2/8/2007
3549,519.69,519.69,519.69,519.69,-0.96,0,-0.18,0,2/7/2007
3550,520.65,520.65,520.65,520.65,0.45,0,0.09,0,2/6/2007
3551,520.2,520.2,520.2,520.2,0.43,0,0.08,0,2/5/2007
3552,519.77,519.77,519.77,519.77,0.72,0,0.14,0,2/4/2007
3553,519.05,519.05,519.05,519.05,5.71,0,1.11,0,2/1/2007
3554,513.34,513.34,513.34,513.34,0.64,0,0.12,0,1/31/2007
3555,512.7,512.7,512.7,512.7,-7.22,0,-1.39,0,1/29/2007
3556,519.92,519.92,519.92,519.92,-3.71,0,-0.71,0,1/28/2007
3557,523.63,523.63,523.63,523.63,-2.7,0,-0.51,0,1/25/2007
3558,526.33,526.33,526.33,526.33,-0.72,0,-0.14,0,1/24/2007
3559,527.05,527.05,527.05,527.05,-2.76,0,-0.52,0,1/22/2007
3560,529.81,529.81,529.81,529.81,-6.13,0,-1.14,0,1/21/2007
3561,535.94,535.94,535.94,535.94,-2.59,0,-0.48,0,1/18/2007
3562,538.53,538.53,538.53,538.53,0.17,0,0.03,0,1/17/2007
3563,538.36,538.36,538.36,538.36,1.27,0,0.24,0,1/15/2007
3564,537.09,537.09,537.09,537.09,4.76,0,0.89,0,1/14/2007
3565,532.33,532.33,532.33,532.33,0.05,0,0.01,0,1/11/2007
3566,532.28,532.28,532.28,532.28,1.83,0,0.34,0,1/10/2007
3567,530.45,530.45,530.45,530.45,5.18,0,0.99,0,1/9/2007
3568,525.27,525.27,525.27,525.27,3.9,0,0.75,0,1/8/2007
3569,521.37,521.37,521.37,521.37,9.05,0,1.77,0,1/7/2007
3570,512.32,512.32,512.32,512.32,7.07,0,1.40,0,1/4/2007
3571,505.25,505.25,505.25,505.25,-3.71,0,-0.73,0,1/3/2007
3572,508.96,508.96,508.96,508.96,-3.76,0,-0.73,0,1/2/2007
3573,512.72,512.72,512.72,512.72,-1.7,0,-0.33,0,1/1/2007
3574,514.42,514.42,514.42,514.42,-3.04,0,-0.59,0,12/31/2006
3575,517.46,517.46,517.46,517.46,-2.56,0,-0.49,0,12/28/2006
3576,520.02,520.02,520.02,520.02,-0.76,0,-0.15,0,12/27/2006
3577,520.78,520.78,520.78,520.78,-0.18,0,-0.03,0,12/26/2006
3578,520.96,520.96,520.96,520.96,2.32,0,0.45,0,12/25/2006
3579,518.64,518.64,518.64,518.64,3.25,0,0.63,0,12/24/2006
3580,515.39,515.39,515.39,515.39,4.17,0,0.82,0,12/21/2006
3581,511.22,511.22,511.22,511.22,-6.23,0,-1.20,0,12/20/2006
3582,517.45,517.45,517.45,517.45,0.45,0,0.09,0,12/19/2006
3583,517,517,517,517,2.64,0,0.51,0,12/18/2006
3584,514.36,514.36,514.36,514.36,5.78,0,1.14,0,12/17/2006
3585,508.58,508.58,508.58,508.58,5.56,0,1.11,0,12/14/2006
3586,503.02,503.02,503.02,503.02,8.84,0,1.79,0,12/13/2006
3587,494.18,494.18,494.18,494.18,8.47,0,1.74,0,12/12/2006
3588,485.71,485.71,485.71,485.71,4.76,0,0.99,0,12/11/2006
3589,480.95,480.95,480.95,480.95,4.15,0,0.87,0,12/10/2006
3590,476.8,476.8,476.8,476.8,3.49,0,0.74,0,12/7/2006
3591,473.31,473.31,473.31,473.31,-1.7,0,-0.36,0,12/6/2006
3592,475.01,475.01,475.01,475.01,-1.92,0,-0.40,0,12/5/2006
3593,476.93,476.93,476.93,476.93,-2.9,0,-0.60,0,12/4/2006
3594,479.83,479.83,479.83,479.83,-6.36,0,-1.31,0,12/3/2006
3595,486.19,486.19,486.19,486.19,-6.27,0,-1.27,0,11/30/2006
3596,492.46,492.46,492.46,492.46,14.45,0,3.02,0,11/29/2006
3597,478.01,478.01,478.01,478.01,8.5,0,1.81,0,11/28/2006
3598,469.51,469.51,469.51,469.51,5.77,0,1.24,0,11/27/2006
3599,463.74,463.74,463.74,463.74,10.71,0,2.36,0,11/26/2006
3600,453.03,453.03,453.03,453.03,6.55,0,1.47,0,11/23/2006
3601,446.48,446.48,446.48,446.48,0.9,0,0.20,0,11/21/2006
3602,445.58,445.58,445.58,445.58,-2.21,0,-0.49,0,11/20/2006
3603,447.79,447.79,447.79,447.79,0.36,0,0.08,0,11/19/2006
3604,447.43,447.43,447.43,447.43,-0.69,0,-0.15,0,11/16/2006
3605,448.12,448.12,448.12,448.12,3.09,0,0.69,0,11/15/2006
3606,445.03,445.03,445.03,445.03,4.03,0,0.91,0,11/14/2006
3607,441,441,441,441,-7.69,0,-1.71,0,11/13/2006
3608,448.69,448.69,448.69,448.69,3.68,0,0.83,0,11/12/2006
3609,445.01,445.01,445.01,445.01,9.13,0,2.09,0,11/9/2006
3610,435.88,435.88,435.88,435.88,11.67,0,2.75,0,11/8/2006
3611,424.21,424.21,424.21,424.21,4.65,0,1.11,0,11/7/2006
3612,419.56,419.56,419.56,419.56,4.42,0,1.06,0,11/6/2006
3613,415.14,415.14,415.14,415.14,2.04,0,0.49,0,11/5/2006
3614,413.1,413.1,413.1,413.1,10.99,0,2.73,0,11/2/2006
3615,402.11,402.11,402.11,402.11,-6.27,0,-1.54,0,11/1/2006
3616,408.38,408.38,408.38,408.38,3.25,0,0.80,0,10/31/2006
3617,405.13,405.13,405.13,405.13,2.11,0,0.52,0,10/30/2006
3618,403.02,403.02,403.02,403.02,1.95,0,0.49,0,10/29/2006
3619,401.07,401.07,401.07,401.07,1.42,0,0.36,0,10/26/2006
3620,399.65,399.65,399.65,399.65,1.51,0,0.38,0,10/19/2006
3621,398.14,398.14,398.14,398.14,-0.3,0,-0.08,0,10/18/2006
3622,398.44,398.44,398.44,398.44,0.24,0,0.06,0,10/17/2006
3623,398.2,398.2,398.2,398.2,-1.02,0,-0.26,0,10/16/2006
3624,399.22,399.22,399.22,399.22,0.34,0,0.09,0,10/15/2006
3625,398.88,398.88,398.88,398.88,0.9,0,0.23,0,10/12/2006
3626,397.98,397.98,397.98,397.98,-1.47,0,-0.37,0,10/11/2006
3627,399.45,399.45,399.45,399.45,0.35,0,0.09,0,10/10/2006
3628,399.1,399.1,399.1,399.1,1.64,0,0.41,0,10/9/2006
3629,397.46,397.46,397.46,397.46,3.21,0,0.81,0,10/8/2006
3630,394.25,394.25,394.25,394.25,1.52,0,0.39,0,9/28/2006
3631,392.73,392.73,392.73,392.73,0.32,0,0.08,0,9/26/2006
3632,392.41,392.41,392.41,392.41,0.79,0,0.20,0,9/25/2006
3633,391.62,391.62,391.62,391.62,-0.47,0,-0.12,0,9/24/2006
3634,392.09,392.09,392.09,392.09,-1.3,0,-0.33,0,9/21/2006
3635,393.39,393.39,393.39,393.39,0.37,0,0.09,0,9/20/2006
3636,393.02,393.02,393.02,393.02,5.43,0,1.40,0,9/19/2006
3637,387.59,387.59,387.59,387.59,5.03,0,1.31,0,9/18/2006
3638,382.56,382.56,382.56,382.56,-0.61,0,-0.16,0,9/14/2006
3639,383.17,383.17,383.17,383.17,-0.43,0,-0.11,0,9/13/2006
3640,383.6,383.6,383.6,383.6,2.23,0,0.58,0,9/12/2006
3641,381.37,381.37,381.37,381.37,-0.05,0,-0.01,0,9/11/2006
3642,381.42,381.42,381.42,381.42,-0.05,0,-0.01,0,9/10/2006
3643,381.47,381.47,381.47,381.47,0.55,0,0.14,0,9/7/2006
3644,380.92,380.92,380.92,380.92,-1.58,0,-0.41,0,9/5/2006
3645,382.5,382.5,382.5,382.5,-0.13,0,-0.03,0,9/4/2006
3646,382.63,382.63,382.63,382.63,0.39,0,0.10,0,9/3/2006
3647,382.24,382.24,382.24,382.24,1.51,0,0.40,0,8/31/2006
3648,380.73,380.73,380.73,380.73,1.46,0,0.38,0,8/30/2006
3649,379.27,379.27,379.27,379.27,1.03,0,0.27,0,8/29/2006
3650,378.24,378.24,378.24,378.24,-0.57,0,-0.15,0,8/28/2006
3651,378.81,378.81,378.81,378.81,-1.12,0,-0.29,0,8/27/2006
3652,379.93,379.93,379.93,379.93,-0.9,0,-0.24,0,8/24/2006
3653,380.83,380.83,380.83,380.83,-2.08,0,-0.54,0,8/22/2006
3654,382.91,382.91,382.91,382.91,-1.88,0,-0.49,0,8/21/2006
3655,384.79,384.79,384.79,384.79,-3.15,0,-0.81,0,8/20/2006
3656,387.94,387.94,387.94,387.94,-1.29,0,-0.33,0,8/17/2006
3657,389.23,389.23,389.23,389.23,-1.06,0,-0.27,0,8/15/2006
3658,390.29,390.29,390.29,390.29,-1.44,0,-0.37,0,8/14/2006
3659,391.73,391.73,391.73,391.73,0.87,0,0.22,0,8/13/2006
3660,390.86,390.86,390.86,390.86,7.72,0,2.01,0,8/8/2006
3661,383.14,383.14,383.14,383.14,19.58,0,5.39,0,8/7/2006
3662,363.56,363.56,363.56,363.56,7.96,0,2.24,0,8/6/2006
3663,355.6,355.6,355.6,355.6,-3.09,0,-0.86,0,8/3/2006
3664,358.69,358.69,358.69,358.69,-8.04,0,-2.19,0,8/2/2006
3665,366.73,366.73,366.73,366.73,-12.03,0,-3.18,0,8/1/2006
3666,378.76,378.76,378.76,378.76,-7.74,0,-2.00,0,7/31/2006
3667,386.5,386.5,386.5,386.5,-0.84,0,-0.22,0,7/30/2006
3668,387.34,387.34,387.34,387.34,-7.52,0,-1.90,0,7/27/2006
3669,394.86,394.86,394.86,394.86,-2.49,0,-0.63,0,7/26/2006
3670,397.35,397.35,397.35,397.35,-0.86,0,-0.22,0,7/25/2006
3671,398.21,398.21,398.21,398.21,0.26,0,0.07,0,7/24/2006
3672,397.95,397.95,397.95,397.95,2.06,0,0.52,0,7/23/2006
3673,395.89,395.89,395.89,395.89,2.21,0,0.56,0,7/20/2006
3674,393.68,393.68,393.68,393.68,3.94,0,1.01,0,7/19/2006
3675,389.74,389.74,389.74,389.74,1.58,0,0.41,0,7/18/2006
3676,388.16,388.16,388.16,388.16,1.33,0,0.34,0,7/17/2006
3677,386.83,386.83,386.83,386.83,0.38,0,0.10,0,7/16/2006
3678,386.45,386.45,386.45,386.45,-0.18,0,-0.05,0,7/13/2006
3679,386.63,386.63,386.63,386.63,1.32,0,0.34,0,7/12/2006
3680,385.31,385.31,385.31,385.31,0.71,0,0.18,0,7/10/2006
3681,384.6,384.6,384.6,384.6,0.75,0,0.20,0,7/9/2006
3682,383.85,383.85,383.85,383.85,1.81,0,0.47,0,7/6/2006
3683,382.04,382.04,382.04,382.04,1.61,0,0.42,0,7/5/2006
3684,380.43,380.43,380.43,380.43,1.77,0,0.47,0,7/4/2006
3685,378.66,378.66,378.66,378.66,1.89,0,0.50,0,7/3/2006
3686,376.77,376.77,376.77,376.77,1.63,0,0.43,0,7/2/2006
3687,375.14,375.14,375.14,375.14,0.4,0,0.11,0,6/29/2006
3688,374.74,374.74,374.74,374.74,-0.73,0,-0.19,0,6/28/2006
3689,375.47,375.47,375.47,375.47,-2.08,0,-0.55,0,6/27/2006
3690,377.55,377.55,377.55,377.55,-0.9,0,-0.24,0,6/26/2006
3691,378.45,378.45,378.45,378.45,-0.42,0,-0.11,0,6/25/2006
3692,378.87,378.87,378.87,378.87,0.19,0,0.05,0,6/22/2006
3693,378.68,378.68,378.68,378.68,1.64,0,0.43,0,6/21/2006
3694,377.04,377.04,377.04,377.04,1.55,0,0.41,0,6/20/2006
3695,375.49,375.49,375.49,375.49,1.44,0,0.38,0,6/19/2006
3696,374.05,374.05,374.05,374.05,1.84,0,0.49,0,6/18/2006
3697,372.21,372.21,372.21,372.21,0.2,0,0.05,0,6/15/2006
3698,372.01,372.01,372.01,372.01,1.22,0,0.33,0,6/14/2006
3699,370.79,370.79,370.79,370.79,-0.93,0,-0.25,0,6/13/2006
3700,371.72,371.72,371.72,371.72,0.1,0,0.03,0,6/12/2006
3701,371.62,371.62,371.62,371.62,0.78,0,0.21,0,6/11/2006
3702,370.84,370.84,370.84,370.84,1.22,0,0.33,0,6/8/2006
3703,369.62,369.62,369.62,369.62,-1.15,0,-0.31,0,6/7/2006
3704,370.77,370.77,370.77,370.77,-0.7,0,-0.19,0,6/6/2006
3705,371.47,371.47,371.47,371.47,-0.59,0,-0.16,0,6/5/2006
3706,372.06,372.06,372.06,372.06,0.09,0,0.02,0,6/4/2006
3707,371.97,371.97,371.97,371.97,0.23,0,0.06,0,6/1/2006
3708,371.74,371.74,371.74,371.74,-0.9,0,-0.24,0,5/31/2006
3709,372.64,372.64,372.64,372.64,-7.56,0,-1.99,0,5/30/2006
3710,380.2,380.2,380.2,380.2,4.56,0,1.21,0,5/29/2006
3711,375.64,375.64,375.64,375.64,6.75,0,1.83,0,5/28/2006
3712,368.89,368.89,368.89,368.89,-2,0,-0.54,0,5/25/2006
3713,370.89,370.89,370.89,370.89,-1.59,0,-0.43,0,5/24/2006
3714,372.48,372.48,372.48,372.48,-5.75,0,-1.52,0,5/23/2006
3715,378.23,378.23,378.23,378.23,-4.42,0,-1.16,0,5/22/2006
3716,382.65,382.65,382.65,382.65,-1.46,0,-0.38,0,5/21/2006
3717,384.11,384.11,384.11,384.11,-0.47,0,-0.12,0,5/18/2006
3718,384.58,384.58,384.58,384.58,-3.28,0,-0.85,0,5/17/2006
3719,387.86,387.86,387.86,387.86,-0.63,0,-0.16,0,5/16/2006
3720,388.49,388.49,388.49,388.49,2.6,0,0.67,0,5/15/2006
3721,385.89,385.89,385.89,385.89,4.19,0,1.10,0,5/14/2006
3722,381.7,381.7,381.7,381.7,4.23,0,1.12,0,5/11/2006
3723,377.47,377.47,377.47,377.47,2.32,0,0.62,0,5/10/2006
3724,375.15,375.15,375.15,375.15,4.2,0,1.13,0,5/9/2006
3725,370.95,370.95,370.95,370.95,2.27,0,0.62,0,5/8/2006
3726,368.68,368.68,368.68,368.68,1.74,0,0.47,0,5/7/2006
3727,366.94,366.94,366.94,366.94,-1.05,0,-0.29,0,5/4/2006
3728,367.99,367.99,367.99,367.99,-4.46,0,-1.20,0,5/3/2006
3729,372.45,372.45,372.45,372.45,-2.42,0,-0.65,0,5/2/2006
3730,374.87,374.87,374.87,374.87,13.29,0,3.68,0,5/1/2006
3731,361.58,361.58,361.58,361.58,18.3,0,5.33,0,4/30/2006
3732,343.28,343.28,343.28,343.28,4.74,0,1.40,0,4/26/2006
3733,338.54,338.54,338.54,338.54,6.66,0,2.01,0,4/25/2006
3734,331.88,331.88,331.88,331.88,-2.39,0,-0.71,0,4/17/2006
3735,334.27,334.27,334.27,334.27,-0.5,0,-0.15,0,4/16/2006
3736,334.77,334.77,334.77,334.77,0.62,0,0.19,0,4/5/2006
3737,334.15,334.15,334.15,334.15,-0.73,0,-0.22,0,4/4/2006
3738,334.88,334.88,334.88,334.88,-1.83,0,-0.54,0,4/3/2006
3739,336.71,336.71,336.71,336.71,-0.81,0,-0.24,0,4/2/2006
3740,337.52,337.52,337.52,337.52,-0.05,0,-0.01,0,3/30/2006
3741,337.57,337.57,337.57,337.57,0.12,0,0.04,0,3/28/2006
3742,337.45,337.45,337.45,337.45,-0.54,0,-0.16,0,3/27/2006
3743,337.99,337.99,337.99,337.99,-0.71,0,-0.21,0,3/26/2006
3744,338.7,338.7,338.7,338.7,-0.16,0,-0.05,0,3/23/2006
3745,338.86,338.86,338.86,338.86,-0.17,0,-0.05,0,3/22/2006
3746,339.03,339.03,339.03,339.03,-0.95,0,-0.28,0,3/21/2006
3747,339.98,339.98,339.98,339.98,0.38,0,0.11,0,3/20/2006
3748,339.6,339.6,339.6,339.6,0.26,0,0.08,0,3/19/2006
3749,339.34,339.34,339.34,339.34,-0.34,0,-0.10,0,3/16/2006
3750,339.68,339.68,339.68,339.68,-0.11,0,-0.03,0,3/15/2006
3751,339.79,339.79,339.79,339.79,2.47,0,0.73,0,3/13/2006
3752,337.32,337.32,337.32,337.32,-0.55,0,-0.16,0,3/12/2006
3753,337.87,337.87,337.87,337.87,2.5,0,0.75,0,3/9/2006
3754,335.37,335.37,335.37,335.37,3.09,0,0.93,0,3/8/2006
3755,332.28,332.28,332.28,332.28,-2.14,0,-0.64,0,3/7/2006
3756,334.42,334.42,334.42,334.42,-5.16,0,-1.52,0,3/6/2006
3757,339.58,339.58,339.58,339.58,0,0,0.00,0,3/5/2006
3758,339.58,339.58,339.58,339.58,-3.7,0,-1.08,0,3/2/2006
3759,343.28,343.28,343.28,343.28,2.23,0,0.65,0,3/1/2006
3760,341.05,341.05,341.05,341.05,3.47,0,1.03,0,2/28/2006
3761,337.58,337.58,337.58,337.58,4.55,0,1.37,0,2/27/2006
3762,333.03,333.03,333.03,333.03,3.21,0,0.97,0,2/23/2006
3763,329.82,329.82,329.82,329.82,2.34,0,0.71,0,2/22/2006
3764,327.48,327.48,327.48,327.48,2.13,0,0.65,0,2/21/2006
3765,325.35,325.35,325.35,325.35,0.49,0,0.15,0,2/20/2006
3766,324.86,324.86,324.86,324.86,-1.04,0,-0.32,0,2/16/2006
3767,325.9,325.9,325.9,325.9,-3.49,0,-1.06,0,2/15/2006
3768,329.39,329.39,329.39,329.39,3.43,0,1.05,0,2/14/2006
3769,325.96,325.96,325.96,325.96,8.27,0,2.60,0,2/13/2006
3770,317.69,317.69,317.69,317.69,5.06,0,1.62,0,2/12/2006
3771,312.63,312.63,312.63,312.63,2.31,0,0.74,0,2/9/2006
3772,310.32,310.32,310.32,310.32,1.23,0,0.40,0,2/7/2006
3773,309.09,309.09,309.09,309.09,0,0,0.00,0,2/6/2006
3774,309.09,309.09,309.09,309.09,0.17,0,0.06,0,2/5/2006
3775,308.92,308.92,308.92,308.92,0.67,0,0.22,0,2/2/2006
3776,308.25,308.25,308.25,308.25,-0.79,0,-0.26,0,2/1/2006
3777,309.04,309.04,309.04,309.04,2.14,0,0.70,0,1/31/2006
3778,306.9,306.9,306.9,306.9,0.62,0,0.20,0,1/30/2006
3779,306.28,306.28,306.28,306.28,0.15,0,0.05,0,1/26/2006
3780,306.13,306.13,306.13,306.13,-0.38,0,-0.12,0,1/25/2006
3781,306.51,306.51,306.51,306.51,0.79,0,0.26,0,1/24/2006
3782,305.72,305.72,305.72,305.72,0.42,0,0.14,0,1/23/2006
3783,305.3,305.3,305.3,305.3,0.03,0,0.01,0,1/22/2006
3784,305.27,305.27,305.27,305.27,-0.9,0,-0.29,0,1/19/2006
3785,306.17,306.17,306.17,306.17,0.24,0,0.08,0,1/18/2006
3786,305.93,305.93,305.93,305.93,0.08,0,0.03,0,1/17/2006
3787,305.85,305.85,305.85,305.85,0.19,0,0.06,0,1/16/2006
3788,305.66,305.66,305.66,305.66,0.16,0,0.05,0,1/15/2006
3789,305.5,305.5,305.5,305.5,-0.05,0,-0.02,0,1/12/2006
3790,305.55,305.55,305.55,305.55,-0.14,0,-0.05,0,1/10/2006
3791,305.69,305.69,305.69,305.69,0.25,0,0.08,0,1/9/2006
3792,305.44,305.44,305.44,305.44,-0.18,0,-0.06,0,1/8/2006
3793,305.62,305.62,305.62,305.62,-0.23,0,-0.08,0,1/5/2006
3794,305.85,305.85,305.85,305.85,0.43,0,0.14,0,1/4/2006
3795,305.42,305.42,305.42,305.42,1.26,0,0.41,0,1/3/2006
3796,304.16,304.16,304.16,304.16,0.9,0,0.30,0,1/2/2006
3797,303.26,303.26,303.26,303.26,0.48,0,0.16,0,1/1/2006
3798,302.78,302.78,302.78,302.78,1.18,0,0.39,0,12/29/2005
3799,301.6,301.6,301.6,301.6,0.51,0,0.17,0,12/28/2005
3800,301.09,301.09,301.09,301.09,1.16,0,0.39,0,12/27/2005
3801,299.93,299.93,299.93,299.93,-0.56,0,-0.19,0,12/26/2005
3802,300.49,300.49,300.49,300.49,-8.18,0,-2.65,0,12/25/2005
3803,308.67,308.67,308.67,308.67,0.54,0,0.18,0,12/22/2005
3804,308.13,308.13,308.13,308.13,1.54,0,0.50,0,12/21/2005
3805,306.59,306.59,306.59,306.59,1.62,0,0.53,0,12/20/2005
3806,304.97,304.97,304.97,304.97,0.99,0,0.33,0,12/19/2005
3807,303.98,303.98,303.98,303.98,0.86,0,0.28,0,12/18/2005
3808,303.12,303.12,303.12,303.12,0.88,0,0.29,0,12/15/2005
3809,302.24,302.24,302.24,302.24,1.53,0,0.51,0,12/14/2005
3810,300.71,300.71,300.71,300.71,1,0,0.33,0,12/13/2005
3811,299.71,299.71,299.71,299.71,-0.13,0,-0.04,0,12/12/2005
3812,299.84,299.84,299.84,299.84,0.74,0,0.25,0,12/11/2005
3813,299.1,299.1,299.1,299.1,1.61,0,0.54,0,12/8/2005
3814,297.49,297.49,297.49,297.49,-0.51,0,-0.17,0,12/7/2005
3815,298,298,298,298,-3.97,0,-1.31,0,12/6/2005
3816,301.97,301.97,301.97,301.97,0.32,0,0.11,0,12/5/2005
3817,301.65,301.65,301.65,301.65,-0.11,0,-0.04,0,12/4/2005
3818,301.76,301.76,301.76,301.76,1.22,0,0.41,0,12/1/2005
3819,300.54,300.54,300.54,300.54,-0.42,0,-0.14,0,11/30/2005
3820,300.96,300.96,300.96,300.96,-0.71,0,-0.24,0,11/29/2005
3821,301.67,301.67,301.67,301.67,0.54,0,0.18,0,11/28/2005
3822,301.13,301.13,301.13,301.13,-0.07,0,-0.02,0,11/27/2005
3823,301.2,301.2,301.2,301.2,0.42,0,0.14,0,11/24/2005
3824,300.78,300.78,300.78,300.78,-1.45,0,-0.48,0,11/23/2005
3825,302.23,302.23,302.23,302.23,0.21,0,0.07,0,11/22/2005
3826,302.02,302.02,302.02,302.02,1.45,0,0.48,0,11/21/2005
3827,300.57,300.57,300.57,300.57,-0.07,0,-0.02,0,11/20/2005
3828,300.64,300.64,300.64,300.64,0.06,0,0.02,0,11/17/2005
3829,300.58,300.58,300.58,300.58,-1.81,0,-0.60,0,11/16/2005
3830,302.39,302.39,302.39,302.39,-2.62,0,-0.86,0,11/15/2005
3831,305.01,305.01,305.01,305.01,-1.14,0,-0.37,0,11/14/2005
3832,306.15,306.15,306.15,306.15,-1.83,0,-0.59,0,11/13/2005
3833,307.98,307.98,307.98,307.98,1.83,0,0.60,0,11/10/2005
3834,306.15,306.15,306.15,306.15,2.21,0,0.73,0,11/8/2005
3835,303.94,303.94,303.94,303.94,-3.48,0,-1.13,0,11/7/2005
3836,307.42,307.42,307.42,307.42,0.2,0,0.07,0,11/6/2005
3837,307.22,307.22,307.22,307.22,-0.35,0,-0.11,0,10/31/2005
3838,307.57,307.57,307.57,307.57,1.84,0,0.60,0,10/30/2005
3839,305.73,305.73,305.73,305.73,0.74,0,0.24,0,10/27/2005
3840,304.99,304.99,304.99,304.99,-0.33,0,-0.11,0,10/26/2005
3841,305.32,305.32,305.32,305.32,-1.31,0,-0.43,0,10/25/2005
3842,306.63,306.63,306.63,306.63,3.8,0,1.25,0,10/24/2005
3843,302.83,302.83,302.83,302.83,4.48,0,1.50,0,10/23/2005
3844,298.35,298.35,298.35,298.35,0.24,0,0.08,0,10/20/2005
3845,298.11,298.11,298.11,298.11,0.45,0,0.15,0,10/19/2005
3846,297.66,297.66,297.66,297.66,0.32,0,0.11,0,10/18/2005
3847,297.34,297.34,297.34,297.34,0.36,0,0.12,0,10/9/2005
3848,296.98,296.98,296.98,296.98,0.43,0,0.15,0,10/6/2005
3849,296.55,296.55,296.55,296.55,0.18,0,0.06,0,10/5/2005
3850,296.37,296.37,296.37,296.37,-0.61,0,-0.21,0,10/2/2005
3851,296.98,296.98,296.98,296.98,-0.19,0,-0.06,0,9/29/2005
3852,297.17,297.17,297.17,297.17,0.97,0,0.33,0,9/28/2005
3853,296.2,296.2,296.2,296.2,1.53,0,0.52,0,9/27/2005
3854,294.67,294.67,294.67,294.67,-0.22,0,-0.07,0,9/26/2005
3855,294.89,294.89,294.89,294.89,0.77,0,0.26,0,9/25/2005
3856,294.12,294.12,294.12,294.12,0.43,0,0.15,0,9/22/2005
3857,293.69,293.69,293.69,293.69,0.84,0,0.29,0,9/21/2005
3858,292.85,292.85,292.85,292.85,-0.26,0,-0.09,0,9/20/2005
3859,293.11,293.11,293.11,293.11,0.44,0,0.15,0,9/19/2005
3860,292.67,292.67,292.67,292.67,-0.68,0,-0.23,0,9/18/2005
3861,293.35,293.35,293.35,293.35,-0.57,0,-0.19,0,9/15/2005
3862,293.92,293.92,293.92,293.92,0.11,0,0.04,0,9/14/2005
3863,293.81,293.81,293.81,293.81,0.06,0,0.02,0,9/13/2005
3864,293.75,293.75,293.75,293.75,-1.2,0,-0.41,0,9/12/2005
3865,294.95,294.95,294.95,294.95,-1.27,0,-0.43,0,9/11/2005
3866,296.22,296.22,296.22,296.22,-2.01,0,-0.67,0,9/8/2005
3867,298.23,298.23,298.23,298.23,-0.1,0,-0.03,0,9/7/2005
3868,298.33,298.33,298.33,298.33,1.57,0,0.53,0,9/6/2005
3869,296.76,296.76,296.76,296.76,3.34,0,1.14,0,9/5/2005
3870,293.42,293.42,293.42,293.42,4.02,0,1.39,0,9/4/2005
3871,289.4,289.4,289.4,289.4,-1.16,0,-0.40,0,9/1/2005
3872,290.56,290.56,290.56,290.56,-1.05,0,-0.36,0,8/31/2005
3873,291.61,291.61,291.61,291.61,-1.68,0,-0.57,0,8/30/2005
3874,293.29,293.29,293.29,293.29,-0.56,0,-0.19,0,8/29/2005
3875,293.85,293.85,293.85,293.85,0.27,0,0.09,0,8/28/2005
3876,293.58,293.58,293.58,293.58,1.5,0,0.51,0,8/25/2005
3877,292.08,292.08,292.08,292.08,2.51,0,0.87,0,8/24/2005
3878,289.57,289.57,289.57,289.57,-4.08,0,-1.39,0,8/23/2005
3879,293.65,293.65,293.65,293.65,-1.8,0,-0.61,0,8/22/2005
3880,295.45,295.45,295.45,295.45,-1.61,0,-0.54,0,8/21/2005
3881,297.06,297.06,297.06,297.06,-1.79,0,-0.60,0,8/18/2005
3882,298.85,298.85,298.85,298.85,-1.2,0,-0.40,0,8/17/2005
3883,300.05,300.05,300.05,300.05,-0.53,0,-0.18,0,8/16/2005
3884,300.58,300.58,300.58,300.58,-0.36,0,-0.12,0,8/15/2005
3885,300.94,300.94,300.94,300.94,0.14,0,0.05,0,8/14/2005
3886,300.8,300.8,300.8,300.8,2.97,0,1.00,0,8/11/2005
3887,297.83,297.83,297.83,297.83,0.12,0,0.04,0,8/10/2005
3888,297.71,297.71,297.71,297.71,-2.84,0,-0.94,0,8/9/2005
3889,300.55,300.55,300.55,300.55,-4.65,0,-1.52,0,8/8/2005
3890,305.2,305.2,305.2,305.2,-0.67,0,-0.22,0,8/7/2005
3891,305.87,305.87,305.87,305.87,0.67,0,0.22,0,8/4/2005
3892,305.2,305.2,305.2,305.2,4.32,0,1.44,0,8/3/2005
3893,300.88,300.88,300.88,300.88,1.27,0,0.42,0,8/2/2005
3894,299.61,299.61,299.61,299.61,2.83,0,0.95,0,8/1/2005
3895,296.78,296.78,296.78,296.78,0.89,0,0.30,0,7/31/2005
3896,295.89,295.89,295.89,295.89,1.27,0,0.43,0,7/28/2005
3897,294.62,294.62,294.62,294.62,0.32,0,0.11,0,7/27/2005
3898,294.3,294.3,294.3,294.3,1.83,0,0.63,0,7/26/2005
3899,292.47,292.47,292.47,292.47,0.5,0,0.17,0,7/25/2005
3900,291.97,291.97,291.97,291.97,1.09,0,0.37,0,7/24/2005
3901,290.88,290.88,290.88,290.88,0.95,0,0.33,0,7/20/2005
3902,289.93,289.93,289.93,289.93,1.9,0,0.66,0,7/19/2005
3903,288.03,288.03,288.03,288.03,0.13,0,0.05,0,7/18/2005
3904,287.9,287.9,287.9,287.9,1.23,0,0.43,0,7/17/2005
3905,286.67,286.67,286.67,286.67,0.32,0,0.11,0,7/14/2005
3906,286.35,286.35,286.35,286.35,0.14,0,0.05,0,7/13/2005
3907,286.21,286.21,286.21,286.21,1.17,0,0.41,0,7/12/2005
3908,285.04,285.04,285.04,285.04,-0.03,0,-0.01,0,7/11/2005
3909,285.07,285.07,285.07,285.07,0.78,0,0.27,0,7/10/2005
3910,284.29,284.29,284.29,284.29,1.78,0,0.63,0,7/6/2005
3911,282.51,282.51,282.51,282.51,1.25,0,0.44,0,7/5/2005
3912,281.26,281.26,281.26,281.26,-0.02,0,-0.01,0,7/4/2005
3913,281.28,281.28,281.28,281.28,0.13,0,0.05,0,7/3/2005
3914,281.15,281.15,281.15,281.15,-0.39,0,-0.14,0,6/30/2005
3915,281.54,281.54,281.54,281.54,0.48,0,0.17,0,6/29/2005
3916,281.06,281.06,281.06,281.06,0.67,0,0.24,0,6/28/2005
3917,280.39,280.39,280.39,280.39,-0.43,0,-0.15,0,6/27/2005
3918,280.82,280.82,280.82,280.82,-0.33,0,-0.12,0,6/26/2005
3919,281.15,281.15,281.15,281.15,0.31,0,0.11,0,6/22/2005
3920,280.84,280.84,280.84,280.84,1.96,0,0.70,0,6/21/2005
3921,278.88,278.88,278.88,278.88,1.01,0,0.36,0,6/20/2005
3922,277.87,277.87,277.87,277.87,-0.01,0,0.00,0,6/19/2005
3923,277.88,277.88,277.88,277.88,0.05,0,0.02,0,6/16/2005
3924,277.83,277.83,277.83,277.83,0.04,0,0.01,0,6/15/2005
3925,277.79,277.79,277.79,277.79,-0.96,0,-0.34,0,6/14/2005
3926,278.75,278.75,278.75,278.75,-0.97,0,-0.35,0,6/13/2005
3927,279.72,279.72,279.72,279.72,-0.36,0,-0.13,0,6/12/2005
3928,280.08,280.08,280.08,280.08,-0.31,0,-0.11,0,6/9/2005
3929,280.39,280.39,280.39,280.39,-0.6,0,-0.21,0,6/8/2005
3930,280.99,280.99,280.99,280.99,-0.41,0,-0.15,0,6/7/2005
3931,281.4,281.4,281.4,281.4,-0.21,0,-0.07,0,6/6/2005
3932,281.61,281.61,281.61,281.61,0.64,0,0.23,0,6/5/2005
3933,280.97,280.97,280.97,280.97,0.82,0,0.29,0,6/2/2005
3934,280.15,280.15,280.15,280.15,0.25,0,0.09,0,6/1/2005
3935,279.9,279.9,279.9,279.9,0.81,0,0.29,0,5/31/2005
3936,279.09,279.09,279.09,279.09,0.66,0,0.24,0,5/30/2005
3937,278.43,278.43,278.43,278.43,2.08,0,0.75,0,5/29/2005
3938,276.35,276.35,276.35,276.35,0.89,0,0.32,0,5/26/2005
3939,275.46,275.46,275.46,275.46,-1.39,0,-0.50,0,5/25/2005
3940,276.85,276.85,276.85,276.85,-2.88,0,-1.03,0,5/24/2005
3941,279.73,279.73,279.73,279.73,-0.7,0,-0.25,0,5/22/2005
3942,280.43,280.43,280.43,280.43,-0.96,0,-0.34,0,5/19/2005
3943,281.39,281.39,281.39,281.39,-1.73,0,-0.61,0,5/18/2005
3944,283.12,283.12,283.12,283.12,-1.4,0,-0.49,0,5/17/2005
3945,284.52,284.52,284.52,284.52,-1,0,-0.35,0,5/16/2005
3946,285.52,285.52,285.52,285.52,0.1,0,0.04,0,5/15/2005
3947,285.42,285.42,285.42,285.42,0.09,0,0.03,0,5/12/2005
3948,285.33,285.33,285.33,285.33,-4.01,0,-1.39,0,5/11/2005
3949,289.34,289.34,289.34,289.34,0.55,0,0.19,0,5/10/2005
3950,288.79,288.79,288.79,288.79,-0.1,0,-0.03,0,5/9/2005
3951,288.89,288.89,288.89,288.89,-9.89,0,-3.31,0,5/5/2005
3952,298.78,298.78,298.78,298.78,0.97,0,0.33,0,5/4/2005
3953,297.81,297.81,297.81,297.81,1.7,0,0.57,0,5/3/2005
3954,296.11,296.11,296.11,296.11,1.32,0,0.45,0,5/2/2005
3955,294.79,294.79,294.79,294.79,0.5,0,0.17,0,5/1/2005
3956,294.29,294.29,294.29,294.29,-1.04,0,-0.35,0,4/28/2005
3957,295.33,295.33,295.33,295.33,0.89,0,0.30,0,4/27/2005
3958,294.44,294.44,294.44,294.44,-0.54,0,-0.18,0,4/26/2005
3959,294.98,294.98,294.98,294.98,0.95,0,0.32,0,4/25/2005
3960,294.03,294.03,294.03,294.03,0.45,0,0.15,0,4/24/2005
3961,293.58,293.58,293.58,293.58,0.99,0,0.34,0,4/21/2005
3962,292.59,292.59,292.59,292.59,-1.12,0,-0.38,0,4/20/2005
3963,293.71,293.71,293.71,293.71,0,0,0.00,0,4/19/2005
3964,293.71,293.71,293.71,293.71,0.45,0,0.15,0,4/18/2005
3965,293.26,293.26,293.26,293.26,1.43,0,0.49,0,4/13/2005
3966,291.83,291.83,291.83,291.83,1.18,0,0.41,0,4/12/2005
3967,290.65,290.65,290.65,290.65,-0.44,0,-0.15,0,4/11/2005
3968,291.09,291.09,291.09,291.09,1.53,0,0.53,0,4/8/2005
3969,289.56,289.56,289.56,289.56,3.05,0,1.06,0,4/7/2005
3970,286.51,286.51,286.51,286.51,1.08,0,0.38,0,4/6/2005
3971,285.43,285.43,285.43,285.43,-0.08,0,-0.03,0,4/5/2005
3972,285.51,285.51,285.51,285.51,1.3,0,0.46,0,4/4/2005
3973,284.21,284.21,284.21,284.21,-0.13,0,-0.05,0,4/1/2005
3974,284.34,284.34,284.34,284.34,0.62,0,0.22,0,3/31/2005
3975,283.72,283.72,283.72,283.72,2.64,0,0.94,0,3/30/2005
3976,281.08,281.08,281.08,281.08,1.22,0,0.44,0,3/29/2005
3977,279.86,279.86,279.86,279.86,1,0,0.36,0,3/28/2005
3978,278.86,278.86,278.86,278.86,0.4,0,0.14,0,3/24/2005
3979,278.46,278.46,278.46,278.46,1.36,0,0.49,0,3/23/2005
3980,277.1,277.1,277.1,277.1,1.53,0,0.56,0,3/22/2005
3981,275.57,275.57,275.57,275.57,1.22,0,0.44,0,3/21/2005
3982,274.35,274.35,274.35,274.35,1,0,0.37,0,3/18/2005
3983,273.35,273.35,273.35,273.35,-1.32,0,-0.48,0,3/17/2005
3984,274.67,274.67,274.67,274.67,-1.78,0,-0.64,0,3/16/2005
3985,276.45,276.45,276.45,276.45,-2.05,0,-0.74,0,3/15/2005
3986,278.5,278.5,278.5,278.5,-2.15,0,-0.77,0,3/14/2005
3987,280.65,280.65,280.65,280.65,-2.78,0,-0.98,0,3/11/2005
3988,283.43,283.43,283.43,283.43,1.63,0,0.58,0,3/10/2005
3989,281.8,281.8,281.8,281.8,2.31,0,0.83,0,3/9/2005
3990,279.49,279.49,279.49,279.49,1.87,0,0.67,0,3/7/2005
3991,277.62,277.62,277.62,277.62,4.05,0,1.48,0,3/4/2005
3992,273.57,273.57,273.57,273.57,2.16,0,0.80,0,3/3/2005
3993,271.41,271.41,271.41,271.41,2.99,0,1.11,0,3/2/2005
3994,268.42,268.42,268.42,268.42,2.45,0,0.92,0,3/1/2005
3995,265.97,265.97,265.97,265.97,0.44,0,0.17,0,2/28/2005
3996,265.53,265.53,265.53,265.53,0.55,0,0.21,0,2/25/2005
3997,264.98,264.98,264.98,264.98,0.59,0,0.22,0,2/24/2005
3998,264.39,264.39,264.39,264.39,0.98,0,0.37,0,2/23/2005
3999,263.41,263.41,263.41,263.41,-0.31,0,-0.12,0,2/22/2005
4000,263.72,263.72,263.72,263.72,-2.02,0,-0.76,0,2/21/2005
4001,265.74,265.74,265.74,265.74,-1.4,0,-0.52,0,2/17/2005
4002,267.14,267.14,267.14,267.14,2.41,0,0.91,0,2/16/2005
4003,264.73,264.73,264.73,264.73,5.68,0,2.19,0,2/15/2005
4004,259.05,259.05,259.05,259.05,1.76,0,0.68,0,2/14/2005
4005,257.29,257.29,257.29,257.29,3.35,0,1.32,0,2/11/2005
4006,253.94,253.94,253.94,253.94,2.06,0,0.82,0,2/10/2005
4007,251.88,251.88,251.88,251.88,0.2,0,0.08,0,2/9/2005
4008,251.68,251.68,251.68,251.68,0.66,0,0.26,0,2/8/2005
4009,251.02,251.02,251.02,251.02,0.26,0,0.10,0,2/7/2005
4010,250.76,250.76,250.76,250.76,2.73,0,1.10,0,2/4/2005
4011,248.03,248.03,248.03,248.03,1.09,0,0.44,0,2/3/2005
4012,246.94,246.94,246.94,246.94,-0.31,0,-0.13,0,2/2/2005
4013,247.25,247.25,247.25,247.25,-0.16,0,-0.06,0,2/1/2005
4014,247.41,247.41,247.41,247.41,0.43,0,0.17,0,1/31/2005
4015,246.98,246.98,246.98,246.98,-0.19,0,-0.08,0,1/28/2005
4016,247.17,247.17,247.17,247.17,0.32,0,0.13,0,1/27/2005
4017,246.85,246.85,246.85,246.85,1.6,0,0.65,0,1/26/2005
4018,245.25,245.25,245.25,245.25,1.49,0,0.61,0,1/25/2005
4019,243.76,243.76,243.76,243.76,1.65,0,0.68,0,1/24/2005
4020,242.11,242.11,242.11,242.11,1.39,0,0.58,0,1/21/2005
4021,240.72,240.72,240.72,240.72,0.38,0,0.16,0,1/20/2005
4022,240.34,240.34,240.34,240.34,0.33,0,0.14,0,1/19/2005
4023,240.01,240.01,240.01,240.01,0.12,0,0.05,0,1/18/2005
4024,239.89,239.89,239.89,239.89,-0.05,0,-0.02,0,1/17/2005
4025,239.94,239.94,239.94,239.94,0.33,0,0.14,0,1/14/2005
4026,239.61,239.61,239.61,239.61,1.93,0,0.81,0,1/13/2005
4027,237.68,237.68,237.68,237.68,1.64,0,0.69,0,1/12/2005
4028,236.04,236.04,236.04,236.04,0.43,0,0.18,0,1/10/2005
4029,235.61,235.61,235.61,235.61,0.45,0,0.19,0,1/7/2005
4030,235.16,235.16,235.16,235.16,0.23,0,0.10,0,1/6/2005
4031,234.93,234.93,234.93,234.93,-0.75,0,-0.32,0,1/5/2005
4032,235.68,235.68,235.68,235.68,-2.64,0,-1.11,0,1/4/2005
4033,238.32,238.32,238.32,238.32,0.03,0,0.01,0,1/3/2005
4034,238.29,238.29,238.29,238.29,-0.03,0,-0.01,0,12/31/2004
4035,238.32,238.32,238.32,238.32,0.02,0,0.01,0,12/30/2004
4036,238.3,238.3,238.3,238.3,-1.11,0,-0.46,0,12/29/2004
4037,239.41,239.41,239.41,239.41,0.17,0,0.07,0,12/28/2004
4038,239.24,239.24,239.24,239.24,0.43,0,0.18,0,12/27/2004
4039,238.81,238.81,238.81,238.81,0.64,0,0.27,0,12/24/2004
4040,238.17,238.17,238.17,238.17,-0.03,0,-0.01,0,12/23/2004
4041,238.2,238.2,238.2,238.2,-0.27,0,-0.11,0,12/22/2004
4042,238.47,238.47,238.47,238.47,0.48,0,0.20,0,12/21/2004
4043,237.99,237.99,237.99,237.99,0.46,0,0.19,0,12/20/2004
4044,237.53,237.53,237.53,237.53,0.5,0,0.21,0,12/17/2004
4045,237.03,237.03,237.03,237.03,0.65,0,0.27,0,12/16/2004
4046,236.38,236.38,236.38,236.38,-0.37,0,-0.16,0,12/15/2004
4047,236.75,236.75,236.75,236.75,-0.2,0,-0.08,0,12/14/2004
4048,236.95,236.95,236.95,236.95,0.24,0,0.10,0,12/13/2004
4049,236.71,236.71,236.71,236.71,0.19,0,0.08,0,12/10/2004
4050,236.52,236.52,236.52,236.52,0.89,0,0.38,0,12/9/2004
4051,235.63,235.63,235.63,235.63,-2.47,0,-1.04,0,12/8/2004
4052,238.1,238.1,238.1,238.1,0.42,0,0.18,0,12/7/2004
4053,237.68,237.68,237.68,237.68,0.06,0,0.03,0,12/6/2004
4054,237.62,237.62,237.62,237.62,-0.35,0,-0.15,0,12/3/2004
4055,237.97,237.97,237.97,237.97,0.56,0,0.24,0,12/2/2004
4056,237.41,237.41,237.41,237.41,-1.51,0,-0.63,0,12/1/2004
4057,238.92,238.92,238.92,238.92,-2.12,0,-0.88,0,11/30/2004
4058,241.04,241.04,241.04,241.04,-0.56,0,-0.23,0,11/29/2004
4059,241.6,241.6,241.6,241.6,0.03,0,0.01,0,11/26/2004
4060,241.57,241.57,241.57,241.57,0.3,0,0.12,0,11/25/2004
4061,241.27,241.27,241.27,241.27,0.87,0,0.36,0,11/24/2004
4062,240.4,240.4,240.4,240.4,1.2,0,0.50,0,11/23/2004
4063,239.2,239.2,239.2,239.2,1.19,0,0.50,0,11/22/2004
4064,238.01,238.01,238.01,238.01,0.77,0,0.32,0,11/19/2004
4065,237.24,237.24,237.24,237.24,1.11,0,0.47,0,11/18/2004
4066,236.13,236.13,236.13,236.13,0.76,0,0.32,0,11/17/2004
4067,235.37,235.37,235.37,235.37,0.29,0,0.12,0,11/16/2004
4068,235.08,235.08,235.08,235.08,0.31,0,0.13,0,11/15/2004
4069,234.77,234.77,234.77,234.77,0.94,0,0.40,0,11/11/2004
4070,233.83,233.83,233.83,233.83,1.48,0,0.64,0,11/10/2004
4071,232.35,232.35,232.35,232.35,-0.06,0,-0.03,0,11/9/2004
4072,232.41,232.41,232.41,232.41,-0.35,0,-0.15,0,11/5/2004
4073,232.76,232.76,232.76,232.76,-0.84,0,-0.36,0,11/4/2004
4074,233.6,233.6,233.6,233.6,0.06,0,0.03,0,11/3/2004
4075,233.54,233.54,233.54,233.54,0.66,0,0.28,0,11/2/2004
4076,232.88,232.88,232.88,232.88,0.44,0,0.19,0,11/1/2004
4077,232.44,232.44,232.44,232.44,0.31,0,0.13,0,10/29/2004
4078,232.13,232.13,232.13,232.13,0.07,0,0.03,0,10/28/2004
4079,232.06,232.06,232.06,232.06,0.06,0,0.03,0,10/27/2004
4080,232,232,232,232,-0.36,0,-0.15,0,10/26/2004
4081,232.36,232.36,232.36,232.36,0.55,0,0.24,0,10/19/2004
4082,231.81,231.81,231.81,231.81,0.5,0,0.22,0,10/18/2004
4083,231.31,231.31,231.31,231.31,-0.98,0,-0.42,0,10/14/2004
4084,232.29,232.29,232.29,232.29,-0.08,0,-0.03,0,10/13/2004
4085,232.37,232.37,232.37,232.37,-1.36,0,-0.58,0,10/12/2004
4086,233.73,233.73,233.73,233.73,-0.08,0,-0.03,0,10/11/2004
4087,233.81,233.81,233.81,233.81,-0.11,0,-0.05,0,10/8/2004
4088,233.92,233.92,233.92,233.92,-0.22,0,-0.09,0,10/7/2004
4089,234.14,234.14,234.14,234.14,0.14,0,0.06,0,10/6/2004
4090,234,234,234,234,-0.09,0,-0.04,0,10/5/2004
4091,234.09,234.09,234.09,234.09,0.1,0,0.04,0,10/4/2004
4092,233.99,233.99,233.99,233.99,-0.12,0,-0.05,0,10/1/2004
4093,234.11,234.11,234.11,234.11,0.47,0,0.20,0,9/30/2004
4094,233.64,233.64,233.64,233.64,0.59,0,0.25,0,9/29/2004
4095,233.05,233.05,233.05,233.05,-0.37,0,-0.16,0,9/28/2004
4096,233.42,233.42,233.42,233.42,-0.04,0,-0.02,0,9/24/2004
4097,233.46,233.46,233.46,233.46,-0.66,0,-0.28,0,9/23/2004
4098,234.12,234.12,234.12,234.12,-1.33,0,-0.56,0,9/22/2004
4099,235.45,235.45,235.45,235.45,-1.38,0,-0.58,0,9/21/2004
4100,236.83,236.83,236.83,236.83,-0.39,0,-0.16,0,9/20/2004
4101,237.22,237.22,237.22,237.22,2.64,0,1.13,0,9/17/2004
4102,234.58,234.58,234.58,234.58,3.86,0,1.67,0,9/16/2004
4103,230.72,230.72,230.72,230.72,0.73,0,0.32,0,9/15/2004
4104,229.99,229.99,229.99,229.99,-0.91,0,-0.39,0,9/14/2004
4105,230.9,230.9,230.9,230.9,-0.39,0,-0.17,0,9/13/2004
4106,231.29,231.29,231.29,231.29,-0.49,0,-0.21,0,9/10/2004
4107,231.78,231.78,231.78,231.78,-2.29,0,-0.98,0,9/9/2004
4108,234.07,234.07,234.07,234.07,-1.54,0,-0.65,0,9/8/2004
4109,235.61,235.61,235.61,235.61,-1.82,0,-0.77,0,9/7/2004
4110,237.43,237.43,237.43,237.43,-0.38,0,-0.16,0,8/31/2004
4111,237.81,237.81,237.81,237.81,0.8,0,0.34,0,8/27/2004
4112,237.01,237.01,237.01,237.01,1.2,0,0.51,0,8/26/2004
4113,235.81,235.81,235.81,235.81,1.79,0,0.76,0,8/25/2004
4114,234.02,234.02,234.02,234.02,-2.25,0,-0.95,0,8/24/2004
4115,236.27,236.27,236.27,236.27,-1.16,0,-0.49,0,8/23/2004
4116,237.43,237.43,237.43,237.43,-1.67,0,-0.70,0,8/20/2004
4117,239.1,239.1,239.1,239.1,-2.12,0,-0.88,0,8/19/2004
4118,241.22,241.22,241.22,241.22,-0.41,0,-0.17,0,8/18/2004
4119,241.63,241.63,241.63,241.63,0.12,0,0.05,0,8/17/2004
4120,241.51,241.51,241.51,241.51,1.96,0,0.82,0,8/16/2004
4121,239.55,239.55,239.55,239.55,2.79,0,1.18,0,8/13/2004
4122,236.76,236.76,236.76,236.76,1.06,0,0.45,0,8/12/2004
4123,235.7,235.7,235.7,235.7,2.24,0,0.96,0,8/11/2004
4124,233.46,233.46,233.46,233.46,0.93,0,0.40,0,8/10/2004
4125,232.53,232.53,232.53,232.53,0.14,0,0.06,0,8/9/2004
4126,232.39,232.39,232.39,232.39,1.26,0,0.55,0,8/6/2004
4127,231.13,231.13,231.13,231.13,0.93,0,0.40,0,8/5/2004
4128,230.2,230.2,230.2,230.2,1.43,0,0.63,0,8/4/2004
4129,228.77,228.77,228.77,228.77,1.47,0,0.65,0,8/3/2004
4130,227.3,227.3,227.3,227.3,0.58,0,0.26,0,8/2/2004
4131,226.72,226.72,226.72,226.72,1.2,0,0.53,0,7/30/2004
4132,225.52,225.52,225.52,225.52,0.61,0,0.27,0,7/29/2004
4133,224.91,224.91,224.91,224.91,0.28,0,0.12,0,7/28/2004
4134,224.63,224.63,224.63,224.63,0.54,0,0.24,0,7/27/2004
4135,224.09,224.09,224.09,224.09,0.67,0,0.30,0,7/23/2004
4136,223.42,223.42,223.42,223.42,-1,0,-0.45,0,7/22/2004
4137,224.42,224.42,224.42,224.42,0.01,0,0.00,0,7/21/2004
4138,224.41,224.41,224.41,224.41,0.96,0,0.43,0,7/20/2004
4139,223.45,223.45,223.45,223.45,0.8,0,0.36,0,7/19/2004
4140,222.65,222.65,222.65,222.65,0.61,0,0.27,0,7/16/2004
4141,222.04,222.04,222.04,222.04,-4.57,0,-2.02,0,7/15/2004
4142,226.61,226.61,226.61,226.61,0.19,0,0.08,0,7/14/2004
4143,226.42,226.42,226.42,226.42,0.26,0,0.11,0,7/13/2004
4144,226.16,226.16,226.16,226.16,-0.14,0,-0.06,0,7/12/2004
4145,226.3,226.3,226.3,226.3,-0.58,0,-0.26,0,7/9/2004
4146,226.88,226.88,226.88,226.88,-0.95,0,-0.42,0,7/8/2004
4147,227.83,227.83,227.83,227.83,2.68,0,1.19,0,7/6/2004
4148,225.15,225.15,225.15,225.15,4.4,0,1.99,0,7/5/2004
4149,220.75,220.75,220.75,220.75,1.34,0,0.61,0,7/2/2004
4150,219.41,219.41,219.41,219.41,0.76,0,0.35,0,7/1/2004
4151,218.65,218.65,218.65,218.65,0.93,0,0.43,0,6/30/2004
4152,217.72,217.72,217.72,217.72,0.31,0,0.14,0,6/29/2004
4153,217.41,217.41,217.41,217.41,-0.05,0,-0.02,0,6/28/2004
4154,217.46,217.46,217.46,217.46,0.95,0,0.44,0,6/25/2004
4155,216.51,216.51,216.51,216.51,1.41,0,0.66,0,6/24/2004
4156,215.1,215.1,215.1,215.1,1.85,0,0.87,0,6/23/2004
4157,213.25,213.25,213.25,213.25,1.74,0,0.82,0,6/22/2004
4158,211.51,211.51,211.51,211.51,0.06,0,0.03,0,6/21/2004
4159,211.45,211.45,211.45,211.45,0.14,0,0.07,0,6/16/2004
4160,211.31,211.31,211.31,211.31,-1.81,0,-0.85,0,6/15/2004
4161,213.12,213.12,213.12,213.12,-3.3,0,-1.52,0,6/14/2004
4162,216.42,216.42,216.42,216.42,-0.33,0,-0.15,0,6/11/2004
4163,216.75,216.75,216.75,216.75,2.48,0,1.16,0,6/10/2004
4164,214.27,214.27,214.27,214.27,2.52,0,1.19,0,6/9/2004
4165,211.75,211.75,211.75,211.75,1.29,0,0.61,0,6/8/2004
4166,210.46,210.46,210.46,210.46,0.97,0,0.46,0,6/7/2004
4167,209.49,209.49,209.49,209.49,0.35,0,0.17,0,6/4/2004
4168,209.14,209.14,209.14,209.14,0.61,0,0.29,0,6/3/2004
4169,208.53,208.53,208.53,208.53,3.28,0,1.60,0,6/2/2004
4170,205.25,205.25,205.25,205.25,-2.16,0,-1.04,0,6/1/2004
4171,207.41,207.41,207.41,207.41,3.37,0,1.65,0,5/31/2004
4172,204.04,204.04,204.04,204.04,-2.86,0,-1.38,0,5/28/2004
4173,206.9,206.9,206.9,206.9,0.65,0,0.32,0,5/27/2004
4174,206.25,206.25,206.25,206.25,0.13,0,0.06,0,5/26/2004
4175,206.12,206.12,206.12,206.12,0.54,0,0.26,0,5/25/2004
4176,205.58,205.58,205.58,205.58,0.45,0,0.22,0,5/24/2004
4177,205.13,205.13,205.13,205.13,-0.16,0,-0.08,0,5/21/2004
4178,205.29,205.29,205.29,205.29,0.27,0,0.13,0,5/20/2004
4179,205.02,205.02,205.02,205.02,-0.08,0,-0.04,0,5/19/2004
4180,205.1,205.1,205.1,205.1,0.3,0,0.15,0,5/18/2004
4181,204.8,204.8,204.8,204.8,0.39,0,0.19,0,5/17/2004
4182,204.41,204.41,204.41,204.41,0.06,0,0.03,0,5/14/2004
4183,204.35,204.35,204.35,204.35,2.25,0,1.11,0,5/13/2004
4184,202.1,202.1,202.1,202.1,0.56,0,0.28,0,5/12/2004
4185,201.54,201.54,201.54,201.54,0.05,0,0.02,0,5/11/2004
4186,201.49,201.49,201.49,201.49,0.22,0,0.11,0,5/10/2004
4187,201.27,201.27,201.27,201.27,0.15,0,0.07,0,5/7/2004
4188,201.12,201.12,201.12,201.12,0.12,0,0.06,0,5/6/2004
4189,201,201,201,201,-4.07,0,-1.98,0,5/5/2004
4190,205.07,205.07,205.07,205.07,-0.15,0,-0.07,0,5/3/2004
4191,205.22,205.22,205.22,205.22,-0.04,0,-0.02,0,4/30/2004
4192,205.26,205.26,205.26,205.26,0.71,0,0.35,0,4/29/2004
4193,204.55,204.55,204.55,204.55,-0.05,0,-0.02,0,4/28/2004
4194,204.6,204.6,204.6,204.6,0.22,0,0.11,0,4/27/2004
4195,204.38,204.38,204.38,204.38,0.32,0,0.16,0,4/26/2004
4196,204.06,204.06,204.06,204.06,0.3,0,0.15,0,4/23/2004
4197,203.76,203.76,203.76,203.76,0.6,0,0.30,0,4/22/2004
4198,203.16,203.16,203.16,203.16,0.11,0,0.05,0,4/21/2004
4199,203.05,203.05,203.05,203.05,0.33,0,0.16,0,4/20/2004
4200,202.72,202.72,202.72,202.72,0.27,0,0.13,0,4/19/2004
4201,202.45,202.45,202.45,202.45,0.35,0,0.17,0,4/16/2004
4202,202.1,202.1,202.1,202.1,-0.84,0,-0.41,0,4/15/2004
4203,202.94,202.94,202.94,202.94,1.72,0,0.85,0,4/14/2004
4204,201.22,201.22,201.22,201.22,1.69,0,0.85,0,4/12/2004
4205,199.53,199.53,199.53,199.53,0.12,0,0.06,0,4/9/2004
4206,199.41,199.41,199.41,199.41,0.54,0,0.27,0,4/8/2004
4207,198.87,198.87,198.87,198.87,1.55,0,0.79,0,4/7/2004
4208,197.32,197.32,197.32,197.32,1.18,0,0.60,0,4/6/2004
4209,196.14,196.14,196.14,196.14,0.97,0,0.50,0,4/5/2004
4210,195.17,195.17,195.17,195.17,0.03,0,0.02,0,4/2/2004
4211,195.14,195.14,195.14,195.14,-1.2,0,-0.61,0,4/1/2004
4212,196.34,196.34,196.34,196.34,0.46,0,0.23,0,3/31/2004
4213,195.88,195.88,195.88,195.88,-0.37,0,-0.19,0,3/29/2004
4214,196.25,196.25,196.25,196.25,0.64,0,0.33,0,3/26/2004
4215,195.61,195.61,195.61,195.61,-8.32,0,-4.08,0,3/25/2004
4216,203.93,203.93,203.93,203.93,-4.45,0,-2.14,0,3/24/2004
4217,208.38,208.38,208.38,208.38,0.38,0,0.18,0,3/23/2004
4218,208,208,208,208,0.93,0,0.45,0,3/22/2004
4219,207.07,207.07,207.07,207.07,-0.78,0,-0.38,0,3/19/2004
4220,207.85,207.85,207.85,207.85,-0.31,0,-0.15,0,3/18/2004
4221,208.16,208.16,208.16,208.16,0.28,0,0.13,0,3/17/2004
4222,207.88,207.88,207.88,207.88,0.03,0,0.01,0,3/16/2004
4223,207.85,207.85,207.85,207.85,0.05,0,0.02,0,3/15/2004
4224,207.8,207.8,207.8,207.8,0.07,0,0.03,0,3/12/2004
4225,207.73,207.73,207.73,207.73,-0.34,0,-0.16,0,3/11/2004
4226,208.07,208.07,208.07,208.07,-0.19,0,-0.09,0,3/10/2004
4227,208.26,208.26,208.26,208.26,0.17,0,0.08,0,3/9/2004
4228,208.09,208.09,208.09,208.09,-0.32,0,-0.15,0,3/8/2004
4229,208.41,208.41,208.41,208.41,-0.35,0,-0.17,0,3/5/2004
4230,208.76,208.76,208.76,208.76,-0.06,0,-0.03,0,3/4/2004
4231,208.82,208.82,208.82,208.82,0.07,0,0.03,0,3/3/2004
4232,208.75,208.75,208.75,208.75,0.07,0,0.03,0,3/2/2004
4233,208.68,208.68,208.68,208.68,-0.19,0,-0.09,0,3/1/2004
4234,208.87,208.87,208.87,208.87,-0.28,0,-0.13,0,2/27/2004
4235,209.15,209.15,209.15,209.15,-0.89,0,-0.42,0,2/26/2004
4236,210.04,210.04,210.04,210.04,-0.41,0,-0.19,0,2/25/2004
4237,210.45,210.45,210.45,210.45,-0.11,0,-0.05,0,2/23/2004
4238,210.56,210.56,210.56,210.56,-0.04,0,-0.02,0,2/20/2004
4239,210.6,210.6,210.6,210.6,-0.09,0,-0.04,0,2/17/2004
4240,210.69,210.69,210.69,210.69,0.15,0,0.07,0,2/16/2004
4241,210.54,210.54,210.54,210.54,-0.77,0,-0.36,0,2/13/2004
4242,211.31,211.31,211.31,211.31,0.14,0,0.07,0,2/12/2004
4243,211.17,211.17,211.17,211.17,0.1,0,0.05,0,2/11/2004
4244,211.07,211.07,211.07,211.07,-0.11,0,-0.05,0,2/10/2004
4245,211.18,211.18,211.18,211.18,-0.3,0,-0.14,0,2/9/2004
4246,211.48,211.48,211.48,211.48,0.2,0,0.09,0,2/6/2004
4247,211.28,211.28,211.28,211.28,-0.15,0,-0.07,0,2/5/2004
4248,211.43,211.43,211.43,211.43,0.08,0,0.04,0,2/4/2004
4249,211.35,211.35,211.35,211.35,0.24,0,0.11,0,2/3/2004
4250,211.11,211.11,211.11,211.11,-0.28,0,-0.13,0,2/2/2004
4251,211.39,211.39,211.39,211.39,-0.08,0,-0.04,0,1/29/2004
4252,211.47,211.47,211.47,211.47,-0.3,0,-0.14,0,1/28/2004
4253,211.77,211.77,211.77,211.77,-1.19,0,-0.56,0,1/27/2004
4254,212.96,212.96,212.96,212.96,0.73,0,0.34,0,1/26/2004
4255,212.23,212.23,212.23,212.23,2.1,0,1.00,0,1/23/2004
4256,210.13,210.13,210.13,210.13,2.24,0,1.08,0,1/22/2004
4257,207.89,207.89,207.89,207.89,0.09,0,0.04,0,1/21/2004
4258,207.8,207.8,207.8,207.8,1.78,0,0.86,0,1/20/2004
4259,206.02,206.02,206.02,206.02,1.61,0,0.79,0,1/19/2004
4260,204.41,204.41,204.41,204.41,1.76,0,0.87,0,1/16/2004
4261,202.65,202.65,202.65,202.65,0.7,0,0.35,0,1/15/2004
4262,201.95,201.95,201.95,201.95,-0.24,0,-0.12,0,1/14/2004
4263,202.19,202.19,202.19,202.19,0.85,0,0.42,0,1/13/2004
4264,201.34,201.34,201.34,201.34,0.5,0,0.25,0,1/12/2004
4265,200.84,200.84,200.84,200.84,-0.62,0,-0.31,0,1/9/2004
4266,201.46,201.46,201.46,201.46,-0.05,0,-0.02,0,1/8/2004
4267,201.51,201.51,201.51,201.51,-0.31,0,-0.15,0,1/7/2004
4268,201.82,201.82,201.82,201.82,0.31,0,0.15,0,1/6/2004
4269,201.51,201.51,201.51,201.51,-0.01,0,0.00,0,1/5/2004
4270,201.52,201.52,201.52,201.52,-0.36,0,-0.18,0,1/2/2004
4271,201.88,201.88,201.88,201.88,0.31,0,0.15,0,1/1/2004
4272,201.57,201.57,201.57,201.57,0.34,0,0.17,0,12/31/2003
4273,201.23,201.23,201.23,201.23,-1,0,-0.49,0,12/30/2003
4274,202.23,202.23,202.23,202.23,0.58,0,0.29,0,12/27/2003
4275,201.65,201.65,201.65,201.65,0.13,0,0.06,0,12/26/2003
4276,201.52,201.52,201.52,201.52,0.3,0,0.15,0,12/25/2003
4277,201.22,201.22,201.22,201.22,-0.07,0,-0.03,0,12/24/2003
4278,201.29,201.29,201.29,201.29,-0.22,0,-0.11,0,12/23/2003
4279,201.51,201.51,201.51,201.51,-0.03,0,-0.01,0,12/22/2003
4280,201.54,201.54,201.54,201.54,-0.02,0,-0.01,0,12/19/2003
4281,201.56,201.56,201.56,201.56,0.06,0,0.03,0,12/18/2003
4282,201.5,201.5,201.5,201.5,-0.38,0,-0.19,0,12/17/2003
4283,201.88,201.88,201.88,201.88,-0.06,0,-0.03,0,12/16/2003
4284,201.94,201.94,201.94,201.94,-0.53,0,-0.26,0,12/15/2003
4285,202.47,202.47,202.47,202.47,-3.95,0,-1.91,0,12/12/2003
4286,206.42,206.42,206.42,206.42,0.07,0,0.03,0,12/11/2003
4287,206.35,206.35,206.35,206.35,-0.05,0,-0.02,0,12/10/2003
4288,206.4,206.4,206.4,206.4,0.12,0,0.06,0,12/9/2003
4289,206.28,206.28,206.28,206.28,2.19,0,1.07,0,12/8/2003
4290,204.09,204.09,204.09,204.09,-1.09,0,-0.53,0,12/5/2003
4291,205.18,205.18,205.18,205.18,-0.18,0,-0.09,0,12/4/2003
4292,205.36,205.36,205.36,205.36,0.4,0,0.20,0,12/3/2003
4293,204.96,204.96,204.96,204.96,-0.07,0,-0.03,0,12/2/2003
4294,205.03,205.03,205.03,205.03,-0.63,0,-0.31,0,12/1/2003
4295,205.66,205.66,205.66,205.66,-1.1,0,-0.53,0,11/28/2003
4296,206.76,206.76,206.76,206.76,-0.37,0,-0.18,0,11/27/2003
4297,207.13,207.13,207.13,207.13,0.12,0,0.06,0,11/26/2003
4298,207.01,207.01,207.01,207.01,1.18,0,0.57,0,11/25/2003
4299,205.83,205.83,205.83,205.83,-0.17,0,-0.08,0,11/24/2003
4300,206,206,206,206,-0.4,0,-0.19,0,11/21/2003
4301,206.4,206.4,206.4,206.4,-0.32,0,-0.15,0,11/20/2003
4302,206.72,206.72,206.72,206.72,0.27,0,0.13,0,11/19/2003
4303,206.45,206.45,206.45,206.45,0.12,0,0.06,0,11/18/2003
4304,206.33,206.33,206.33,206.33,0.12,0,0.06,0,11/17/2003
4305,206.21,206.21,206.21,206.21,-0.46,0,-0.22,0,11/14/2003
4306,206.67,206.67,206.67,206.67,-0.56,0,-0.27,0,11/13/2003
4307,207.23,207.23,207.23,207.23,0.08,0,0.04,0,11/12/2003
4308,207.15,207.15,207.15,207.15,0.11,0,0.05,0,11/11/2003
4309,207.04,207.04,207.04,207.04,-0.24,0,-0.12,0,11/10/2003
4310,207.28,207.28,207.28,207.28,-0.03,0,-0.01,0,11/7/2003
4311,207.31,207.31,207.31,207.31,-0.26,0,-0.13,0,11/6/2003
4312,207.57,207.57,207.57,207.57,-0.53,0,-0.25,0,11/5/2003
4313,208.1,208.1,208.1,208.1,0.3,0,0.14,0,11/4/2003
4314,207.8,207.8,207.8,207.8,0.15,0,0.07,0,11/3/2003
4315,207.65,207.65,207.65,207.65,0.19,0,0.09,0,10/31/2003
4316,207.46,207.46,207.46,207.46,-0.03,0,-0.01,0,10/30/2003
4317,207.49,207.49,207.49,207.49,-0.4,0,-0.19,0,10/29/2003
4318,207.89,207.89,207.89,207.89,-0.05,0,-0.02,0,10/28/2003
4319,207.94,207.94,207.94,207.94,0.21,0,0.10,0,10/24/2003
4320,207.73,207.73,207.73,207.73,0.15,0,0.07,0,10/23/2003
4321,207.58,207.58,207.58,207.58,-0.23,0,-0.11,0,10/22/2003
4322,207.81,207.81,207.81,207.81,-0.22,0,-0.11,0,10/21/2003
4323,208.03,208.03,208.03,208.03,0.49,0,0.24,0,10/20/2003
4324,207.54,207.54,207.54,207.54,-0.06,0,-0.03,0,10/17/2003
4325,207.6,207.6,207.6,207.6,0.54,0,0.26,0,10/16/2003
4326,207.06,207.06,207.06,207.06,0.03,0,0.01,0,10/15/2003
4327,207.03,207.03,207.03,207.03,0.1,0,0.05,0,10/14/2003
4328,206.93,206.93,206.93,206.93,0,0,0.00,0,10/13/2003
4329,206.93,206.93,206.93,206.93,-0.1,0,-0.05,0,10/10/2003
4330,207.03,207.03,207.03,207.03,0.45,0,0.22,0,10/9/2003
4331,206.58,206.58,206.58,206.58,-0.38,0,-0.18,0,10/8/2003
4332,206.96,206.96,206.96,206.96,0.13,0,0.06,0,10/1/2003
4333,206.83,206.83,206.83,206.83,-0.01,0,0.00,0,9/30/2003
4334,206.84,206.84,206.84,206.84,-0.24,0,-0.12,0,9/29/2003
4335,207.08,207.08,207.08,207.08,0.49,0,0.24,0,9/26/2003
4336,206.59,206.59,206.59,206.59,0.01,0,0.00,0,9/25/2003
4337,206.58,206.58,206.58,206.58,-0.83,0,-0.40,0,9/24/2003
4338,207.41,207.41,207.41,207.41,-0.02,0,-0.01,0,9/23/2003
4339,207.43,207.43,207.43,207.43,-0.15,0,-0.07,0,9/22/2003
4340,207.58,207.58,207.58,207.58,-0.49,0,-0.24,0,9/19/2003
4341,208.07,208.07,208.07,208.07,-0.39,0,-0.19,0,9/18/2003
4342,208.46,208.46,208.46,208.46,0.14,0,0.07,0,9/17/2003
4343,208.32,208.32,208.32,208.32,0.32,0,0.15,0,9/16/2003
4344,208,208,208,208,0.46,0,0.22,0,9/15/2003
4345,207.54,207.54,207.54,207.54,1.43,0,0.69,0,9/12/2003
4346,206.11,206.11,206.11,206.11,1.09,0,0.53,0,9/11/2003
4347,205.02,205.02,205.02,205.02,0.66,0,0.32,0,9/10/2003
4348,204.36,204.36,204.36,204.36,-0.08,0,-0.04,0,9/8/2003
4349,204.44,204.44,204.44,204.44,1.99,0,0.98,0,9/5/2003
4350,202.45,202.45,202.45,202.45,0.8,0,0.40,0,9/4/2003
4351,201.65,201.65,201.65,201.65,-0.76,0,-0.38,0,9/3/2003
4352,202.41,202.41,202.41,202.41,-0.77,0,-0.38,0,9/2/2003
4353,203.18,203.18,203.18,203.18,-2.14,0,-1.04,0,9/1/2003
4354,205.32,205.32,205.32,205.32,-1.2,0,-0.58,0,8/29/2003
4355,206.52,206.52,206.52,206.52,-3.29,0,-1.57,0,8/28/2003
4356,209.81,209.81,209.81,209.81,-1.41,0,-0.67,0,8/27/2003
4357,211.22,211.22,211.22,211.22,-0.32,0,-0.15,0,8/26/2003
4358,211.54,211.54,211.54,211.54,1.12,0,0.53,0,8/25/2003
4359,210.42,210.42,210.42,210.42,0.31,0,0.15,0,8/22/2003
4360,210.11,210.11,210.11,210.11,0.86,0,0.41,0,8/21/2003
4361,209.25,209.25,209.25,209.25,0.73,0,0.35,0,8/20/2003
4362,208.52,208.52,208.52,208.52,0.6,0,0.29,0,8/18/2003
4363,207.92,207.92,207.92,207.92,1.35,0,0.65,0,8/15/2003
4364,206.57,206.57,206.57,206.57,0.36,0,0.17,0,8/14/2003
4365,206.21,206.21,206.21,206.21,0.58,0,0.28,0,8/13/2003
4366,205.63,205.63,205.63,205.63,1.19,0,0.58,0,8/11/2003
4367,204.44,204.44,204.44,204.44,0.87,0,0.43,0,8/8/2003
4368,203.57,203.57,203.57,203.57,0.82,0,0.40,0,8/7/2003
4369,202.75,202.75,202.75,202.75,-0.08,0,-0.04,0,8/6/2003
4370,202.83,202.83,202.83,202.83,0.13,0,0.06,0,8/5/2003
4371,202.7,202.7,202.7,202.7,0.01,0,0.00,0,8/4/2003
4372,202.69,202.69,202.69,202.69,-0.26,0,-0.13,0,8/1/2003
4373,202.95,202.95,202.95,202.95,0.18,0,0.09,0,7/31/2003
4374,202.77,202.77,202.77,202.77,-0.21,0,-0.10,0,7/30/2003
4375,202.98,202.98,202.98,202.98,-0.39,0,-0.19,0,7/29/2003
4376,203.37,203.37,203.37,203.37,0.18,0,0.09,0,7/28/2003
4377,203.19,203.19,203.19,203.19,-0.1,0,-0.05,0,7/25/2003
4378,203.29,203.29,203.29,203.29,-0.25,0,-0.12,0,7/24/2003
4379,203.54,203.54,203.54,203.54,-0.02,0,-0.01,0,7/23/2003
4380,203.56,203.56,203.56,203.56,-0.13,0,-0.06,0,7/22/2003
4381,203.69,203.69,203.69,203.69,-0.62,0,-0.30,0,7/21/2003
4382,204.31,204.31,204.31,204.31,-0.1,0,-0.05,0,7/18/2003
4383,204.41,204.41,204.41,204.41,-0.45,0,-0.22,0,7/17/2003
4384,204.86,204.86,204.86,204.86,-0.6,0,-0.29,0,7/16/2003
4385,205.46,205.46,205.46,205.46,1.02,0,0.50,0,7/15/2003
4386,204.44,204.44,204.44,204.44,0.65,0,0.32,0,7/14/2003
4387,203.79,203.79,203.79,203.79,0.01,0,0.00,0,7/11/2003
4388,203.78,203.78,203.78,203.78,-0.08,0,-0.04,0,7/10/2003
4389,203.86,203.86,203.86,203.86,-0.32,0,-0.16,0,7/9/2003
4390,204.18,204.18,204.18,204.18,-0.22,0,-0.11,0,7/8/2003
4391,204.4,204.4,204.4,204.4,-0.21,0,-0.10,0,7/4/2003
4392,204.61,204.61,204.61,204.61,0.34,0,0.17,0,7/3/2003
4393,204.27,204.27,204.27,204.27,-1.85,0,-0.90,0,7/2/2003
4394,206.12,206.12,206.12,206.12,0.45,0,0.22,0,7/1/2003
4395,205.67,205.67,205.67,205.67,-0.15,0,-0.07,0,6/30/2003
4396,205.82,205.82,205.82,205.82,0.96,0,0.47,0,6/27/2003
4397,204.86,204.86,204.86,204.86,-0.08,0,-0.04,0,6/26/2003
4398,204.94,204.94,204.94,204.94,-0.36,0,-0.18,0,6/25/2003
4399,205.3,205.3,205.3,205.3,-0.18,0,-0.09,0,6/24/2003
4400,205.48,205.48,205.48,205.48,-0.44,0,-0.21,0,6/23/2003
4401,205.92,205.92,205.92,205.92,-0.08,0,-0.04,0,6/20/2003
4402,206,206,206,206,-0.47,0,-0.23,0,6/19/2003
4403,206.47,206.47,206.47,206.47,-0.35,0,-0.17,0,6/18/2003
4404,206.82,206.82,206.82,206.82,-0.61,0,-0.29,0,6/17/2003
4405,207.43,207.43,207.43,207.43,-0.22,0,-0.11,0,6/16/2003
4406,207.65,207.65,207.65,207.65,-2.81,0,-1.34,0,6/13/2003
4407,210.46,210.46,210.46,210.46,-0.4,0,-0.19,0,6/12/2003
4408,210.86,210.86,210.86,210.86,2.37,0,1.14,0,6/11/2003
4409,208.49,208.49,208.49,208.49,-0.46,0,-0.22,0,6/10/2003
4410,208.95,208.95,208.95,208.95,-0.04,0,-0.02,0,6/9/2003
4411,208.99,208.99,208.99,208.99,-0.1,0,-0.05,0,6/6/2003
4412,209.09,209.09,209.09,209.09,-0.26,0,-0.12,0,6/5/2003
4413,209.35,209.35,209.35,209.35,-0.13,0,-0.06,0,6/4/2003
4414,209.48,209.48,209.48,209.48,-0.26,0,-0.12,0,6/3/2003
4415,209.74,209.74,209.74,209.74,0.11,0,0.05,0,6/2/2003
4416,209.63,209.63,209.63,209.63,0.53,0,0.25,0,5/30/2003
4417,209.1,209.1,209.1,209.1,0.22,0,0.11,0,5/29/2003
4418,208.88,208.88,208.88,208.88,0.08,0,0.04,0,5/28/2003
4419,208.8,208.8,208.8,208.8,0.04,0,0.02,0,5/27/2003
4420,208.76,208.76,208.76,208.76,0.46,0,0.22,0,5/26/2003
4421,208.3,208.3,208.3,208.3,0.26,0,0.12,0,5/23/2003
4422,208.04,208.04,208.04,208.04,0.43,0,0.21,0,5/22/2003
4423,207.61,207.61,207.61,207.61,-0.24,0,-0.12,0,5/21/2003
4424,207.85,207.85,207.85,207.85,-0.46,0,-0.22,0,5/20/2003
4425,208.31,208.31,208.31,208.31,0.22,0,0.11,0,5/19/2003
4426,208.09,208.09,208.09,208.09,0.64,0,0.31,0,5/15/2003
4427,207.45,207.45,207.45,207.45,-0.35,0,-0.17,0,5/14/2003
4428,207.8,207.8,207.8,207.8,-0.04,0,-0.02,0,5/13/2003
4429,207.84,207.84,207.84,207.84,-0.36,0,-0.17,0,5/12/2003
4430,208.2,208.2,208.2,208.2,-0.28,0,-0.13,0,5/9/2003
4431,208.48,208.48,208.48,208.48,-0.53,0,-0.25,0,5/8/2003
4432,209.01,209.01,209.01,209.01,-0.36,0,-0.17,0,5/7/2003
4433,209.37,209.37,209.37,209.37,-0.14,0,-0.07,0,5/6/2003
4434,209.51,209.51,209.51,209.51,-0.11,0,-0.05,0,5/5/2003
4435,209.62,209.62,209.62,209.62,0.06,0,0.03,0,5/2/2003
4436,209.56,209.56,209.56,209.56,0.39,0,0.19,0,5/1/2003
4437,209.17,209.17,209.17,209.17,-0.24,0,-0.11,0,4/30/2003
4438,209.41,209.41,209.41,209.41,0.18,0,0.09,0,4/29/2003
4439,209.23,209.23,209.23,209.23,-0.46,0,-0.22,0,4/28/2003
4440,209.69,209.69,209.69,209.69,0.72,0,0.34,0,4/25/2003
4441,208.97,208.97,208.97,208.97,-0.52,0,-0.25,0,4/24/2003
4442,209.49,209.49,209.49,209.49,0.06,0,0.03,0,4/23/2003
4443,209.43,209.43,209.43,209.43,-0.89,0,-0.42,0,4/22/2003
4444,210.32,210.32,210.32,210.32,-1.09,0,-0.52,0,4/21/2003
4445,211.41,211.41,211.41,211.41,0.04,0,0.02,0,4/18/2003
4446,211.37,211.37,211.37,211.37,-0.62,0,-0.29,0,4/17/2003
4447,211.99,211.99,211.99,211.99,-1.69,0,-0.79,0,4/16/2003
4448,213.68,213.68,213.68,213.68,-0.4,0,-0.19,0,4/15/2003
4449,214.08,214.08,214.08,214.08,0.17,0,0.08,0,4/10/2003
4450,213.91,213.91,213.91,213.91,-0.95,0,-0.44,0,4/9/2003
4451,214.86,214.86,214.86,214.86,-0.53,0,-0.25,0,4/8/2003
4452,215.39,215.39,215.39,215.39,-0.83,0,-0.38,0,4/7/2003
4453,216.22,216.22,216.22,216.22,-0.14,0,-0.06,0,4/4/2003
4454,216.36,216.36,216.36,216.36,-0.33,0,-0.15,0,4/3/2003
4455,216.69,216.69,216.69,216.69,-0.02,0,-0.01,0,4/2/2003
4456,216.71,216.71,216.71,216.71,1.87,0,0.87,0,4/1/2003
4457,214.84,214.84,214.84,214.84,2.48,0,1.17,0,3/31/2003
4458,212.36,212.36,212.36,212.36,-0.4,0,-0.19,0,3/28/2003
4459,212.76,212.76,212.76,212.76,-1.11,0,-0.52,0,3/27/2003
4460,213.87,213.87,213.87,213.87,-2.85,0,-1.32,0,3/26/2003
4461,216.72,216.72,216.72,216.72,-0.67,0,-0.31,0,3/25/2003
4462,217.39,217.39,217.39,217.39,0.07,0,0.03,0,3/24/2003
4463,217.32,217.32,217.32,217.32,3.23,0,1.51,0,3/21/2003
4464,214.09,214.09,214.09,214.09,1.41,0,0.66,0,3/20/2003
4465,212.68,212.68,212.68,212.68,2.58,0,1.23,0,3/19/2003
4466,210.1,210.1,210.1,210.1,0.44,0,0.21,0,3/18/2003
4467,209.66,209.66,209.66,209.66,2.42,0,1.17,0,3/14/2003
4468,207.24,207.24,207.24,207.24,0.06,0,0.03,0,3/13/2003
4469,207.18,207.18,207.18,207.18,0.03,0,0.01,0,3/12/2003
4470,207.15,207.15,207.15,207.15,-0.05,0,-0.02,0,3/11/2003
4471,207.2,207.2,207.2,207.2,-0.03,0,-0.01,0,3/10/2003
4472,207.23,207.23,207.23,207.23,-1.06,0,-0.51,0,3/7/2003
4473,208.29,208.29,208.29,208.29,-0.25,0,-0.12,0,3/6/2003
4474,208.54,208.54,208.54,208.54,0,0,0.00,0,3/5/2003
4475,208.54,208.54,208.54,208.54,-0.65,0,-0.31,0,3/4/2003
4476,209.19,209.19,209.19,209.19,-0.07,0,-0.03,0,3/3/2003
4477,209.26,209.26,209.26,209.26,-0.11,0,-0.05,0,2/28/2003
4478,209.37,209.37,209.37,209.37,-1.22,0,-0.58,0,2/27/2003
4479,210.59,210.59,210.59,210.59,-0.94,0,-0.44,0,2/26/2003
4480,211.53,211.53,211.53,211.53,-0.46,0,-0.22,0,2/25/2003
4481,211.99,211.99,211.99,211.99,0.95,0,0.45,0,2/24/2003
4482,211.04,211.04,211.04,211.04,-0.26,0,-0.12,0,2/21/2003
4483,211.3,211.3,211.3,211.3,-0.6,0,-0.28,0,2/20/2003
4484,211.9,211.9,211.9,211.9,0.62,0,0.29,0,2/18/2003
4485,211.28,211.28,211.28,211.28,0.07,0,0.03,0,2/17/2003
4486,211.21,211.21,211.21,211.21,-0.31,0,-0.15,0,2/14/2003
4487,211.52,211.52,211.52,211.52,-1.79,0,-0.84,0,2/13/2003
4488,213.31,213.31,213.31,213.31,-0.47,0,-0.22,0,2/12/2003
4489,213.78,213.78,213.78,213.78,-1.4,0,-0.65,0,2/11/2003
4490,215.18,215.18,215.18,215.18,-1.96,0,-0.90,0,2/10/2003
4491,217.14,217.14,217.14,217.14,-3.45,0,-1.56,0,2/7/2003
4492,220.59,220.59,220.59,220.59,-6.81,0,-2.99,0,2/6/2003
4493,227.4,227.4,227.4,227.4,1.44,0,0.64,0,2/5/2003
4494,225.96,225.96,225.96,225.96,12.66,0,5.94,0,2/4/2003
4495,213.3,213.3,213.3,213.3,9.76,0,4.80,0,2/3/2003
4496,203.54,203.54,203.54,203.54,3.76,0,1.88,0,1/31/2003
4497,199.78,199.78,199.78,199.78,0.26,0,0.13,0,1/29/2003
4498,199.52,199.52,199.52,199.52,0.49,0,0.25,0,1/28/2003
4499,199.03,199.03,199.03,199.03,0.59,0,0.30,0,1/27/2003
4500,198.44,198.44,198.44,198.44,-0.26,0,-0.13,0,1/24/2003
4501,198.7,198.7,198.7,198.7,0.15,0,0.08,0,1/23/2003
4502,198.55,198.55,198.55,198.55,0.04,0,0.02,0,1/22/2003
4503,198.51,198.51,198.51,198.51,-0.77,0,-0.39,0,1/21/2003
4504,199.28,199.28,199.28,199.28,-2.79,0,-1.38,0,1/20/2003
4505,202.07,202.07,202.07,202.07,0.43,0,0.21,0,1/17/2003
4506,201.64,201.64,201.64,201.64,0.2,0,0.10,0,1/16/2003
4507,201.44,201.44,201.44,201.44,0.64,0,0.32,0,1/15/2003
4508,200.8,200.8,200.8,200.8,-0.02,0,-0.01,0,1/14/2003
4509,200.82,200.82,200.82,200.82,-0.16,0,-0.08,0,1/13/2003
4510,200.98,200.98,200.98,200.98,-1.37,0,-0.68,0,1/10/2003
4511,202.35,202.35,202.35,202.35,-0.02,0,-0.01,0,1/8/2003
4512,202.37,202.37,202.37,202.37,-0.66,0,-0.33,0,1/7/2003
4513,203.03,203.03,203.03,203.03,-0.78,0,-0.38,0,1/6/2003
4514,203.81,203.81,203.81,203.81,0.2,0,0.10,0,1/3/2003
4515,203.61,203.61,203.61,203.61,-0.49,0,-0.24,0,1/2/2003
4516,204.1,204.1,204.1,204.1,-0.67,0,-0.33,0,1/1/2003
4517,204.77,204.77,204.77,204.77,0.24,0,0.12,0,12/30/2002
4518,204.53,204.53,204.53,204.53,0.19,0,0.09,0,12/27/2002
4519,204.34,204.34,204.34,204.34,-2.28,0,-1.10,0,12/26/2002
4520,206.62,206.62,206.62,206.62,-0.18,0,-0.09,0,12/25/2002
4521,206.8,206.8,206.8,206.8,0.37,0,0.18,0,12/24/2002
4522,206.43,206.43,206.43,206.43,-0.14,0,-0.07,0,12/23/2002
4523,206.57,206.57,206.57,206.57,-0.78,0,-0.38,0,12/20/2002
4524,207.35,207.35,207.35,207.35,-0.73,0,-0.35,0,12/19/2002
4525,208.08,208.08,208.08,208.08,-6.26,0,-2.92,0,12/18/2002
4526,214.34,214.34,214.34,214.34,0.07,0,0.03,0,12/17/2002
4527,214.27,214.27,214.27,214.27,-0.3,0,-0.14,0,12/16/2002
4528,214.57,214.57,214.57,214.57,-0.4,0,-0.19,0,12/13/2002
4529,214.97,214.97,214.97,214.97,-0.9,0,-0.42,0,12/12/2002
4530,215.87,215.87,215.87,215.87,-0.1,0,-0.05,0,12/11/2002
4531,215.97,215.97,215.97,215.97,-0.32,0,-0.15,0,12/10/2002
4532,216.29,216.29,216.29,216.29,-0.5,0,-0.23,0,12/9/2002
4533,216.79,216.79,216.79,216.79,-0.41,0,-0.19,0,12/6/2002
4534,217.2,217.2,217.2,217.2,0.45,0,0.21,0,12/5/2002
4535,216.75,216.75,216.75,216.75,0.49,0,0.23,0,12/4/2002
4536,216.26,216.26,216.26,216.26,-0.72,0,-0.33,0,12/3/2002
4537,216.98,216.98,216.98,216.98,-0.46,0,-0.21,0,12/2/2002
4538,217.44,217.44,217.44,217.44,0.13,0,0.06,0,11/28/2002
4539,217.31,217.31,217.31,217.31,0.2,0,0.09,0,11/27/2002
4540,217.11,217.11,217.11,217.11,0.01,0,0.00,0,11/26/2002
4541,217.1,217.1,217.1,217.1,-0.26,0,-0.12,0,11/25/2002
4542,217.36,217.36,217.36,217.36,-1.89,0,-0.86,0,11/22/2002
4543,219.25,219.25,219.25,219.25,-1.18,0,-0.54,0,11/21/2002
4544,220.43,220.43,220.43,220.43,0.06,0,0.03,0,11/20/2002
4545,220.37,220.37,220.37,220.37,-0.22,0,-0.10,0,11/19/2002
4546,220.59,220.59,220.59,220.59,-0.14,0,-0.06,0,11/18/2002
4547,220.73,220.73,220.73,220.73,-0.84,0,-0.38,0,11/15/2002
4548,221.57,221.57,221.57,221.57,-0.92,0,-0.41,0,11/14/2002
4549,222.49,222.49,222.49,222.49,-0.18,0,-0.08,0,11/13/2002
4550,222.67,222.67,222.67,222.67,-0.3,0,-0.13,0,11/12/2002
4551,222.97,222.97,222.97,222.97,-0.97,0,-0.43,0,11/11/2002
4552,223.94,223.94,223.94,223.94,-0.35,0,-0.16,0,11/8/2002
4553,224.29,224.29,224.29,224.29,-1.36,0,-0.60,0,11/7/2002
4554,225.65,225.65,225.65,225.65,0.25,0,0.11,0,11/1/2002
4555,225.4,225.4,225.4,225.4,1.07,0,0.48,0,10/31/2002
4556,224.33,224.33,224.33,224.33,1.22,0,0.55,0,10/30/2002
4557,223.11,223.11,223.11,223.11,2.14,0,0.97,0,10/29/2002
4558,220.97,220.97,220.97,220.97,0.19,0,0.09,0,10/28/2002
4559,220.78,220.78,220.78,220.78,-0.3,0,-0.14,0,10/25/2002
4560,221.08,221.08,221.08,221.08,1.05,0,0.48,0,10/24/2002
4561,220.03,220.03,220.03,220.03,0.34,0,0.15,0,10/23/2002
4562,219.69,219.69,219.69,219.69,0.53,0,0.24,0,10/22/2002
4563,219.16,219.16,219.16,219.16,-0.1,0,-0.05,0,10/21/2002
4564,219.26,219.26,219.26,219.26,-0.07,0,-0.03,0,10/11/2002
4565,219.33,219.33,219.33,219.33,0.45,0,0.21,0,10/10/2002
4566,218.88,218.88,218.88,218.88,0.12,0,0.05,0,10/9/2002
4567,218.76,218.76,218.76,218.76,0.86,0,0.39,0,10/8/2002
4568,217.9,217.9,217.9,217.9,-0.13,0,-0.06,0,10/4/2002
4569,218.03,218.03,218.03,218.03,0.92,0,0.42,0,10/3/2002
4570,217.11,217.11,217.11,217.11,-0.02,0,-0.01,0,10/2/2002
4571,217.13,217.13,217.13,217.13,-0.4,0,-0.18,0,10/1/2002
4572,217.53,217.53,217.53,217.53,-0.66,0,-0.30,0,9/30/2002
4573,218.19,218.19,218.19,218.19,-0.03,0,-0.01,0,9/27/2002
4574,218.22,218.22,218.22,218.22,-0.26,0,-0.12,0,9/26/2002
4575,218.48,218.48,218.48,218.48,-1.49,0,-0.68,0,9/25/2002
4576,219.97,219.97,219.97,219.97,-2.15,0,-0.97,0,9/24/2002
4577,222.12,222.12,222.12,222.12,-1.02,0,-0.46,0,9/23/2002
4578,223.14,223.14,223.14,223.14,0.37,0,0.17,0,9/19/2002
4579,222.77,222.77,222.77,222.77,-0.1,0,-0.04,0,9/18/2002
4580,222.87,222.87,222.87,222.87,-0.11,0,-0.05,0,9/17/2002
4581,222.98,222.98,222.98,222.98,-0.05,0,-0.02,0,9/16/2002
4582,223.03,223.03,223.03,223.03,-0.76,0,-0.34,0,9/13/2002
4583,223.79,223.79,223.79,223.79,-0.08,0,-0.04,0,9/12/2002
4584,223.87,223.87,223.87,223.87,0.16,0,0.07,0,9/11/2002
4585,223.71,223.71,223.71,223.71,-0.21,0,-0.09,0,9/10/2002
4586,223.92,223.92,223.92,223.92,-0.62,0,-0.28,0,9/9/2002
4587,224.54,224.54,224.54,224.54,-0.32,0,-0.14,0,9/6/2002
4588,224.86,224.86,224.86,224.86,-0.73,0,-0.32,0,9/5/2002
4589,225.59,225.59,225.59,225.59,0.29,0,0.13,0,9/4/2002
4590,225.3,225.3,225.3,225.3,-0.08,0,-0.04,0,9/3/2002
4591,225.38,225.38,225.38,225.38,-1.98,0,-0.87,0,9/2/2002
4592,227.36,227.36,227.36,227.36,-1.18,0,-0.52,0,8/29/2002
4593,228.54,228.54,228.54,228.54,-0.42,0,-0.18,0,8/28/2002
4594,228.96,228.96,228.96,228.96,-1.05,0,-0.46,0,8/27/2002
4595,230.01,230.01,230.01,230.01,0.13,0,0.06,0,8/26/2002
4596,229.88,229.88,229.88,229.88,0.86,0,0.38,0,8/23/2002
4597,229.02,229.02,229.02,229.02,0.62,0,0.27,0,8/22/2002
4598,228.4,228.4,228.4,228.4,0.82,0,0.36,0,8/21/2002
4599,227.58,227.58,227.58,227.58,1.21,0,0.53,0,8/20/2002
4600,226.37,226.37,226.37,226.37,-0.22,0,-0.10,0,8/19/2002
4601,226.59,226.59,226.59,226.59,0.57,0,0.25,0,8/16/2002
4602,226.02,226.02,226.02,226.02,0.63,0,0.28,0,8/15/2002
4603,225.39,225.39,225.39,225.39,1.07,0,0.48,0,8/14/2002
4604,224.32,224.32,224.32,224.32,0.55,0,0.25,0,8/13/2002
4605,223.77,223.77,223.77,223.77,-0.26,0,-0.12,0,8/12/2002
4606,224.03,224.03,224.03,224.03,0.35,0,0.16,0,8/9/2002
4607,223.68,223.68,223.68,223.68,0.05,0,0.02,0,8/8/2002
4608,223.63,223.63,223.63,223.63,-0.21,0,-0.09,0,8/7/2002
4609,223.84,223.84,223.84,223.84,0,0,0.00,0,8/6/2002
4610,223.84,223.84,223.84,223.84,-0.68,0,-0.30,0,8/5/2002
4611,224.52,224.52,224.52,224.52,0.66,0,0.29,0,8/2/2002
4612,223.86,223.86,223.86,223.86,-0.71,0,-0.32,0,8/1/2002
4613,224.57,224.57,224.57,224.57,-0.08,0,-0.04,0,7/30/2002
4614,224.65,224.65,224.65,224.65,0.18,0,0.08,0,7/29/2002
4615,224.47,224.47,224.47,224.47,0.3,0,0.13,0,7/26/2002
4616,224.17,224.17,224.17,224.17,2.42,0,1.09,0,7/25/2002
4617,221.75,221.75,221.75,221.75,0.26,0,0.12,0,7/24/2002
4618,221.49,221.49,221.49,221.49,-0.16,0,-0.07,0,7/23/2002
4619,221.65,221.65,221.65,221.65,-0.35,0,-0.16,0,7/22/2002
4620,222,222,222,222,-0.06,0,-0.03,0,7/19/2002
4621,222.06,222.06,222.06,222.06,-5.48,0,-2.41,0,7/17/2002
4622,227.54,227.54,227.54,227.54,3.78,0,1.69,0,7/16/2002
4623,223.76,223.76,223.76,223.76,0.9,0,0.40,0,7/15/2002
4624,222.86,222.86,222.86,222.86,-0.81,0,-0.36,0,7/12/2002
4625,223.67,223.67,223.67,223.67,-1.17,0,-0.52,0,7/11/2002
4626,224.84,224.84,224.84,224.84,-1.39,0,-0.61,0,7/10/2002
4627,226.23,226.23,226.23,226.23,-0.25,0,-0.11,0,7/8/2002
4628,226.48,226.48,226.48,226.48,-0.68,0,-0.30,0,7/5/2002
4629,227.16,227.16,227.16,227.16,-1.11,0,-0.49,0,7/4/2002
4630,228.27,228.27,228.27,228.27,9.09,0,4.15,0,7/3/2002
4631,219.18,219.18,219.18,219.18,-10.02,0,-4.37,0,7/2/2002
4632,229.2,229.2,229.2,229.2,0.03,0,0.01,0,7/1/2002
4633,229.17,229.17,229.17,229.17,-0.19,0,-0.08,0,6/27/2002
4634,229.36,229.36,229.36,229.36,0.03,0,0.01,0,6/26/2002
4635,229.33,229.33,229.33,229.33,0.23,0,0.10,0,6/25/2002
4636,229.1,229.1,229.1,229.1,1.43,0,0.63,0,6/24/2002
4637,227.67,227.67,227.67,227.67,0.43,0,0.19,0,6/21/2002
4638,227.24,227.24,227.24,227.24,0.41,0,0.18,0,6/19/2002
4639,226.83,226.83,226.83,226.83,1.54,0,0.68,0,6/18/2002
4640,225.29,225.29,225.29,225.29,-0.75,0,-0.33,0,6/17/2002
4641,226.04,226.04,226.04,226.04,-2.22,0,-0.97,0,6/14/2002
4642,228.26,228.26,228.26,228.26,-2.43,0,-1.05,0,6/13/2002
4643,230.69,230.69,230.69,230.69,-0.65,0,-0.28,0,6/12/2002
4644,231.34,231.34,231.34,231.34,-0.11,0,-0.05,0,6/11/2002
4645,231.45,231.45,231.45,231.45,0.28,0,0.12,0,6/10/2002
4646,231.17,231.17,231.17,231.17,-0.66,0,-0.28,0,6/7/2002
4647,231.83,231.83,231.83,231.83,-0.96,0,-0.41,0,6/6/2002
4648,232.79,232.79,232.79,232.79,0.2,0,0.09,0,6/5/2002
4649,232.59,232.59,232.59,232.59,0.28,0,0.12,0,6/4/2002
4650,232.31,232.31,232.31,232.31,-0.97,0,-0.42,0,6/3/2002
4651,233.28,233.28,233.28,233.28,-0.61,0,-0.26,0,5/31/2002
4652,233.89,233.89,233.89,233.89,-0.36,0,-0.15,0,5/30/2002
4653,234.25,234.25,234.25,234.25,0.78,0,0.33,0,5/29/2002
4654,233.47,233.47,233.47,233.47,-0.58,0,-0.25,0,5/28/2002
4655,234.05,234.05,234.05,234.05,-4.14,0,-1.74,0,5/27/2002
4656,238.19,238.19,238.19,238.19,2.31,0,0.98,0,5/24/2002
4657,235.88,235.88,235.88,235.88,-5.57,0,-2.31,0,5/23/2002
4658,241.45,241.45,241.45,241.45,0.37,0,0.15,0,5/22/2002
4659,241.08,241.08,241.08,241.08,1.18,0,0.49,0,5/21/2002
4660,239.9,239.9,239.9,239.9,0.36,0,0.15,0,5/20/2002
4661,239.54,239.54,239.54,239.54,1.92,0,0.81,0,5/17/2002
4662,237.62,237.62,237.62,237.62,-0.8,0,-0.34,0,5/16/2002
4663,238.42,238.42,238.42,238.42,-0.67,0,-0.28,0,5/15/2002
4664,239.09,239.09,239.09,239.09,0.44,0,0.18,0,5/14/2002
4665,238.65,238.65,238.65,238.65,-1.81,0,-0.75,0,5/13/2002
4666,240.46,240.46,240.46,240.46,5.74,0,2.45,0,5/10/2002
4667,234.72,234.72,234.72,234.72,-8.91,0,-3.66,0,5/9/2002
4668,243.63,243.63,243.63,243.63,3.59,0,1.50,0,5/8/2002
4669,240.04,240.04,240.04,240.04,9.27,0,4.02,0,5/7/2002
4670,230.77,230.77,230.77,230.77,6.08,0,2.71,0,5/6/2002
4671,224.69,224.69,224.69,224.69,2.96,0,1.33,0,5/3/2002
4672,221.73,221.73,221.73,221.73,0.3,0,0.14,0,5/2/2002
4673,221.43,221.43,221.43,221.43,1.26,0,0.57,0,5/1/2002
4674,220.17,220.17,220.17,220.17,0.66,0,0.30,0,4/30/2002
4675,219.51,219.51,219.51,219.51,0.96,0,0.44,0,4/29/2002
4676,218.55,218.55,218.55,218.55,0.46,0,0.21,0,4/26/2002
4677,218.09,218.09,218.09,218.09,1.26,0,0.58,0,4/25/2002
4678,216.83,216.83,216.83,216.83,1.38,0,0.64,0,4/24/2002
4679,215.45,215.45,215.45,215.45,0.35,0,0.16,0,4/23/2002
4680,215.1,215.1,215.1,215.1,-2.04,0,-0.94,0,4/22/2002
4681,217.14,217.14,217.14,217.14,0.2,0,0.09,0,4/19/2002
4682,216.94,216.94,216.94,216.94,0.58,0,0.27,0,4/18/2002
4683,216.36,216.36,216.36,216.36,1.21,0,0.56,0,4/17/2002
4684,215.15,215.15,215.15,215.15,0.21,0,0.10,0,4/16/2002
4685,214.94,214.94,214.94,214.94,-1.27,0,-0.59,0,4/15/2002
4686,216.21,216.21,216.21,216.21,-2.93,0,-1.34,0,4/12/2002
4687,219.14,219.14,219.14,219.14,1.69,0,0.78,0,4/11/2002
4688,217.45,217.45,217.45,217.45,2.9,0,1.35,0,4/10/2002
4689,214.55,214.55,214.55,214.55,1.89,0,0.89,0,4/9/2002
4690,212.66,212.66,212.66,212.66,3.74,0,1.79,0,4/8/2002
4691,208.92,208.92,208.92,208.92,-0.01,0,0.00,0,4/5/2002
4692,208.93,208.93,208.93,208.93,-2.18,0,-1.03,0,4/4/2002
4693,211.11,211.11,211.11,211.11,1.41,0,0.67,0,4/3/2002
4694,209.7,209.7,209.7,209.7,8.64,0,4.30,0,4/2/2002
4695,201.06,201.06,201.06,201.06,2.25,0,1.13,0,4/1/2002
4696,198.81,198.81,198.81,198.81,-6.71,0,-3.26,0,3/29/2002
4697,205.52,205.52,205.52,205.52,-8.19,0,-3.83,0,3/27/2002
4698,213.71,213.71,213.71,213.71,-0.03,0,-0.01,0,3/26/2002
4699,213.74,213.74,213.74,213.74,4.07,0,1.94,0,3/25/2002
4700,209.67,209.67,209.67,209.67,5.39,0,2.64,0,3/22/2002
4701,204.28,204.28,204.28,204.28,4.1,0,2.05,0,3/21/2002
4702,200.18,200.18,200.18,200.18,7.47,0,3.88,0,3/20/2002
4703,192.71,192.71,192.71,192.71,5.77,0,3.09,0,3/19/2002
4704,186.94,186.94,186.94,186.94,0.72,0,0.39,0,3/18/2002
4705,186.22,186.22,186.22,186.22,-1.66,0,-0.88,0,3/15/2002
4706,187.88,187.88,187.88,187.88,-5.95,0,-3.07,0,3/14/2002
4707,193.83,193.83,193.83,193.83,-1.63,0,-0.83,0,3/13/2002
4708,195.46,195.46,195.46,195.46,-2.91,0,-1.47,0,3/11/2002
4709,198.37,198.37,198.37,198.37,-6.42,0,-3.13,0,3/8/2002
4710,204.79,204.79,204.79,204.79,-3.74,0,-1.79,0,3/7/2002
4711,208.53,208.53,208.53,208.53,-3.23,0,-1.53,0,3/6/2002
4712,211.76,211.76,211.76,211.76,-4.13,0,-1.91,0,3/5/2002
4713,215.89,215.89,215.89,215.89,-2.7,0,-1.24,0,3/4/2002
4714,218.59,218.59,218.59,218.59,-1.69,0,-0.77,0,3/1/2002
4715,220.28,220.28,220.28,220.28,-2.17,0,-0.98,0,2/28/2002
4716,222.45,222.45,222.45,222.45,-1.01,0,-0.45,0,2/27/2002
4717,223.46,223.46,223.46,223.46,-1.65,0,-0.73,0,2/26/2002
4718,225.11,225.11,225.11,225.11,-0.92,0,-0.41,0,2/25/2002
4719,226.03,226.03,226.03,226.03,-2.72,0,-1.19,0,2/22/2002
4720,228.75,228.75,228.75,228.75,-1.75,0,-0.76,0,2/21/2002
4721,230.5,230.5,230.5,230.5,-3.25,0,-1.39,0,2/20/2002
4722,233.75,233.75,233.75,233.75,-1.22,0,-0.52,0,2/18/2002
4723,234.97,234.97,234.97,234.97,0.15,0,0.06,0,2/15/2002
4724,234.82,234.82,234.82,234.82,-1.78,0,-0.75,0,2/14/2002
4725,236.6,236.6,236.6,236.6,0.59,0,0.25,0,2/13/2002
4726,236.01,236.01,236.01,236.01,-0.05,0,-0.02,0,2/12/2002
4727,236.06,236.06,236.06,236.06,-0.36,0,-0.15,0,2/11/2002
4728,236.42,236.42,236.42,236.42,-3.99,0,-1.66,0,2/8/2002
4729,240.41,240.41,240.41,240.41,-4.99,0,-2.03,0,2/7/2002
4730,245.4,245.4,245.4,245.4,-1.75,0,-0.71,0,2/6/2002
4731,247.15,247.15,247.15,247.15,-1.57,0,-0.63,0,2/5/2002
4732,248.72,248.72,248.72,248.72,-2.69,0,-1.07,0,2/4/2002
4733,251.41,251.41,251.41,251.41,-0.55,0,-0.22,0,2/1/2002
4734,251.96,251.96,251.96,251.96,-0.77,0,-0.30,0,1/31/2002
4735,252.73,252.73,252.73,252.73,-0.1,0,-0.04,0,1/30/2002
4736,252.83,252.83,252.83,252.83,-4.13,0,-1.61,0,1/28/2002
4737,256.96,256.96,256.96,256.96,3.76,0,1.48,0,1/25/2002
4738,253.2,253.2,253.2,253.2,-1.84,0,-0.72,0,1/24/2002
4739,255.04,255.04,255.04,255.04,-0.87,0,-0.34,0,1/23/2002
4740,255.91,255.91,255.91,255.91,-1.82,0,-0.71,0,1/22/2002
4741,257.73,257.73,257.73,257.73,-2.02,0,-0.78,0,1/21/2002
4742,259.75,259.75,259.75,259.75,-0.9,0,-0.35,0,1/18/2002
4743,260.65,260.65,260.65,260.65,-2.23,0,-0.85,0,1/17/2002
4744,262.88,262.88,262.88,262.88,1.44,0,0.55,0,1/16/2002
4745,261.44,261.44,261.44,261.44,2.53,0,0.98,0,1/15/2002
4746,258.91,258.91,258.91,258.91,2.99,0,1.17,0,1/14/2002
4747,255.92,255.92,255.92,255.92,-6.28,0,-2.40,0,1/10/2002
4748,262.2,262.2,262.2,262.2,0.64,0,0.24,0,1/9/2002
4749,261.56,261.56,261.56,261.56,0.89,0,0.34,0,1/8/2002
4750,260.67,260.67,260.67,260.67,-0.41,0,-0.16,0,1/7/2002
4751,261.08,261.08,261.08,261.08,-2.01,0,-0.76,0,1/3/2002
4752,263.09,263.09,263.09,263.09,-3.19,0,-1.20,0,1/2/2002
4753,266.28,266.28,266.28,266.28,-3.47,0,-1.29,0,1/1/2002
4754,269.75,269.75,269.75,269.75,-1.68,0,-0.62,0,12/31/2001
4755,271.43,271.43,271.43,271.43,-1.77,0,-0.65,0,12/28/2001
4756,273.2,273.2,273.2,273.2,-1.16,0,-0.42,0,12/27/2001
4757,274.36,274.36,274.36,274.36,-3.85,0,-1.38,0,12/26/2001
4758,278.21,278.21,278.21,278.21,0.37,0,0.13,0,12/25/2001
4759,277.84,277.84,277.84,277.84,-2.21,0,-0.79,0,12/24/2001
4760,280.05,280.05,280.05,280.05,-0.57,0,-0.20,0,12/21/2001
4761,280.62,280.62,280.62,280.62,-2.18,0,-0.77,0,12/20/2001
4762,282.8,282.8,282.8,282.8,-0.95,0,-0.33,0,12/19/2001
4763,283.75,283.75,283.75,283.75,0.42,0,0.15,0,12/18/2001
4764,283.33,283.33,283.33,283.33,-1.15,0,-0.40,0,12/17/2001
4765,284.48,284.48,284.48,284.48,-2.42,0,-0.84,0,12/14/2001
4766,286.9,286.9,286.9,286.9,-0.52,0,-0.18,0,12/13/2001
4767,287.42,287.42,287.42,287.42,0,0,0.00,0,12/12/2001
4768,287.42,287.42,287.42,287.42,-3.07,0,-1.06,0,12/11/2001
4769,290.49,290.49,290.49,290.49,-0.08,0,-0.03,0,12/10/2001
4770,290.57,290.57,290.57,290.57,1.6,0,0.55,0,12/7/2001
4771,288.97,288.97,288.97,288.97,1.19,0,0.41,0,12/6/2001
4772,287.78,287.78,287.78,287.78,0.52,0,0.18,0,12/5/2001
4773,287.26,287.26,287.26,287.26,-1.46,0,-0.51,0,12/4/2001
4774,288.72,288.72,288.72,288.72,1.02,0,0.35,0,12/3/2001
4775,287.7,287.7,287.7,287.7,0.07,0,0.02,0,11/30/2001
4776,287.63,287.63,287.63,287.63,-1.2,0,-0.42,0,11/29/2001
4777,288.83,288.83,288.83,288.83,4.85,0,1.71,0,11/28/2001
4778,283.98,283.98,283.98,283.98,-6.09,0,-2.10,0,11/27/2001
4779,290.07,290.07,290.07,290.07,-5.94,0,-2.01,0,11/26/2001
4780,296.01,296.01,296.01,296.01,-1.5,0,-0.50,0,11/23/2001
4781,297.51,297.51,297.51,297.51,-1.87,0,-0.62,0,11/22/2001
4782,299.38,299.38,299.38,299.38,-0.96,0,-0.32,0,11/21/2001
4783,300.34,300.34,300.34,300.34,-0.81,0,-0.27,0,11/20/2001
4784,301.15,301.15,301.15,301.15,1,0,0.33,0,11/19/2001
4785,300.15,300.15,300.15,300.15,1.96,0,0.66,0,11/13/2001
4786,298.19,298.19,298.19,298.19,1,0,0.34,0,11/12/2001
4787,297.19,297.19,297.19,297.19,-0.33,0,-0.11,0,11/9/2001
4788,297.52,297.52,297.52,297.52,1.17,0,0.39,0,11/7/2001
4789,296.35,296.35,296.35,296.35,5.38,0,1.85,0,11/6/2001
4790,290.97,290.97,290.97,290.97,0.99,0,0.34,0,11/5/2001
4791,289.98,289.98,289.98,289.98,2.19,0,0.76,0,11/2/2001
4792,287.79,287.79,287.79,287.79,0.62,0,0.22,0,11/1/2001
4793,287.17,287.17,287.17,287.17,1.92,0,0.67,0,10/31/2001
4794,285.25,285.25,285.25,285.25,2.19,0,0.77,0,10/30/2001
4795,283.06,283.06,283.06,283.06,0.31,0,0.11,0,10/22/2001
4796,282.75,282.75,282.75,282.75,0.95,0,0.34,0,10/19/2001
4797,281.8,281.8,281.8,281.8,0.3,0,0.11,0,10/18/2001
4798,281.5,281.5,281.5,281.5,0.29,0,0.10,0,10/17/2001
4799,281.21,281.21,281.21,281.21,-1.58,0,-0.56,0,10/16/2001
4800,282.79,282.79,282.79,282.79,0.74,0,0.26,0,10/15/2001
4801,282.05,282.05,282.05,282.05,0.16,0,0.06,0,10/12/2001
4802,281.89,281.89,281.89,281.89,-0.94,0,-0.33,0,10/11/2001
4803,282.83,282.83,282.83,282.83,0.67,0,0.24,0,10/10/2001
4804,282.16,282.16,282.16,282.16,-0.52,0,-0.18,0,10/9/2001
4805,282.68,282.68,282.68,282.68,0.34,0,0.12,0,10/8/2001
4806,282.34,282.34,282.34,282.34,0.23,0,0.08,0,10/5/2001
4807,282.11,282.11,282.11,282.11,0.72,0,0.26,0,10/4/2001
4808,281.39,281.39,281.39,281.39,3.38,0,1.22,0,10/3/2001
4809,278.01,278.01,278.01,278.01,1.55,0,0.56,0,10/2/2001
4810,276.46,276.46,276.46,276.46,0.39,0,0.14,0,10/1/2001
4811,276.07,276.07,276.07,276.07,0.98,0,0.36,0,9/28/2001
4812,275.09,275.09,275.09,275.09,-0.14,0,-0.05,0,9/27/2001
4813,275.23,275.23,275.23,275.23,-2.56,0,-0.92,0,9/26/2001
4814,277.79,277.79,277.79,277.79,-1.86,0,-0.67,0,9/25/2001
4815,279.65,279.65,279.65,279.65,-3.73,0,-1.32,0,9/24/2001
4816,283.38,283.38,283.38,283.38,0.42,0,0.15,0,9/21/2001
4817,282.96,282.96,282.96,282.96,3.04,0,1.09,0,9/20/2001
4818,279.92,279.92,279.92,279.92,4.79,0,1.74,0,9/19/2001
4819,275.13,275.13,275.13,275.13,2.12,0,0.78,0,9/18/2001
4820,273.01,273.01,273.01,273.01,7.79,0,2.94,0,9/17/2001
4821,265.22,265.22,265.22,265.22,3.85,0,1.47,0,9/14/2001
4822,261.37,261.37,261.37,261.37,-7.8,0,-2.90,0,9/13/2001
4823,269.17,269.17,269.17,269.17,-5.17,0,-1.88,0,9/12/2001
4824,274.34,274.34,274.34,274.34,-2.57,0,-0.93,0,9/11/2001
4825,276.91,276.91,276.91,276.91,-4.02,0,-1.43,0,9/10/2001
4826,280.93,280.93,280.93,280.93,0,0,0.00,0,9/7/2001
4827,280.93,280.93,280.93,280.93,-1.85,0,-0.65,0,9/6/2001
4828,282.78,282.78,282.78,282.78,-0.17,0,-0.06,0,9/5/2001
4829,282.95,282.95,282.95,282.95,1.12,0,0.40,0,9/4/2001
4830,281.83,281.83,281.83,281.83,0.79,0,0.28,0,9/3/2001
4831,281.04,281.04,281.04,281.04,0.67,0,0.24,0,8/31/2001
4832,280.37,280.37,280.37,280.37,-0.76,0,-0.27,0,8/30/2001
4833,281.13,281.13,281.13,281.13,-11.4,0,-3.90,0,8/29/2001
4834,292.53,292.53,292.53,292.53,-2.64,0,-0.89,0,8/28/2001
4835,295.17,295.17,295.17,295.17,-3.68,0,-1.23,0,8/27/2001
4836,298.85,298.85,298.85,298.85,-0.49,0,-0.16,0,8/24/2001
4837,299.34,299.34,299.34,299.34,-10.57,0,-3.41,0,8/23/2001
4838,309.91,309.91,309.91,309.91,-7.43,0,-2.34,0,8/22/2001
4839,317.34,317.34,317.34,317.34,4.93,0,1.58,0,8/21/2001
4840,312.41,312.41,312.41,312.41,-7.91,0,-2.47,0,8/20/2001
4841,320.32,320.32,320.32,320.32,-1.81,0,-0.56,0,8/17/2001
4842,322.13,322.13,322.13,322.13,7.18,0,2.28,0,8/16/2001
4843,314.95,314.95,314.95,314.95,0.91,0,0.29,0,8/15/2001
4844,314.04,314.04,314.04,314.04,-2.35,0,-0.74,0,8/14/2001
4845,316.39,316.39,316.39,316.39,-3.1,0,-0.97,0,8/13/2001
4846,319.49,319.49,319.49,319.49,-0.41,0,-0.13,0,8/10/2001
4847,319.9,319.9,319.9,319.9,-9.19,0,-2.79,0,8/9/2001
4848,329.09,329.09,329.09,329.09,-0.42,0,-0.13,0,8/8/2001
4849,329.51,329.51,329.51,329.51,8.39,0,2.61,0,8/7/2001
4850,321.12,321.12,321.12,321.12,4.2,0,1.33,0,8/6/2001
4851,316.92,316.92,316.92,316.92,-8.68,0,-2.67,0,8/3/2001
4852,325.6,325.6,325.6,325.6,0.39,0,0.12,0,8/2/2001
4853,325.21,325.21,325.21,325.21,1.57,0,0.49,0,8/1/2001
4854,323.64,323.64,323.64,323.64,1.19,0,0.37,0,7/31/2001
4855,322.45,322.45,322.45,322.45,0.49,0,0.15,0,7/30/2001
4856,321.96,321.96,321.96,321.96,0.8,0,0.25,0,7/27/2001
4857,321.16,321.16,321.16,321.16,0,0,0.00,0,7/26/2001
4858,321.16,321.16,321.16,321.16,-8.73,0,-2.65,0,7/25/2001
4859,329.89,329.89,329.89,329.89,0.12,0,0.04,0,7/24/2001
4860,329.77,329.77,329.77,329.77,-4.87,0,-1.46,0,7/23/2001
4861,334.64,334.64,334.64,334.64,-3.24,0,-0.96,0,7/20/2001
4862,337.88,337.88,337.88,337.88,-5.25,0,-1.53,0,7/19/2001
4863,343.13,343.13,343.13,343.13,-3.67,0,-1.06,0,7/18/2001
4864,346.8,346.8,346.8,346.8,-5.45,0,-1.55,0,7/17/2001
4865,352.25,352.25,352.25,352.25,3.82,0,1.10,0,7/16/2001
4866,348.43,348.43,348.43,348.43,13.68,0,4.09,0,7/13/2001
4867,334.75,334.75,334.75,334.75,8.61,0,2.64,0,7/12/2001
4868,326.14,326.14,326.14,326.14,3.4,0,1.05,0,7/11/2001
4869,322.74,322.74,322.74,322.74,-0.2,0,-0.06,0,7/10/2001
4870,322.94,322.94,322.94,322.94,-4.34,0,-1.33,0,7/9/2001
4871,327.28,327.28,327.28,327.28,2.53,0,0.78,0,7/6/2001
4872,324.75,324.75,324.75,324.75,-1.19,0,-0.37,0,7/5/2001
4873,325.94,325.94,325.94,325.94,-2,0,-0.61,0,7/4/2001
4874,327.94,327.94,327.94,327.94,-3.11,0,-0.94,0,7/3/2001
4875,331.05,331.05,331.05,331.05,-1.64,0,-0.49,0,7/2/2001
4876,332.69,332.69,332.69,332.69,-1.11,0,-0.33,0,6/29/2001
4877,333.8,333.8,333.8,333.8,-0.59,0,-0.18,0,6/28/2001
4878,334.39,334.39,334.39,334.39,-0.78,0,-0.23,0,6/27/2001
4879,335.17,335.17,335.17,335.17,-1.17,0,-0.35,0,6/26/2001
4880,336.34,336.34,336.34,336.34,-0.53,0,-0.16,0,6/25/2001
4881,336.87,336.87,336.87,336.87,0.65,0,0.19,0,6/21/2001
4882,336.22,336.22,336.22,336.22,1.72,0,0.51,0,6/20/2001
4883,334.5,334.5,334.5,334.5,1.69,0,0.51,0,6/19/2001
4884,332.81,332.81,332.81,332.81,1.51,0,0.46,0,6/18/2001
4885,331.3,331.3,331.3,331.3,-1.88,0,-0.56,0,6/15/2001
4886,333.18,333.18,333.18,333.18,-4.87,0,-1.44,0,6/13/2001
4887,338.05,338.05,338.05,338.05,-4.2,0,-1.23,0,6/12/2001
4888,342.25,342.25,342.25,342.25,1.82,0,0.53,0,6/1/2001
4889,340.43,340.43,340.43,340.43,0.94,0,0.28,0,5/31/2001
4890,339.49,339.49,339.49,339.49,0.76,0,0.22,0,5/30/2001
4891,338.73,338.73,338.73,338.73,-0.26,0,-0.08,0,5/29/2001
4892,338.99,338.99,338.99,338.99,-0.25,0,-0.07,0,5/28/2001
4893,339.24,339.24,339.24,339.24,1.78,0,0.53,0,5/25/2001
4894,337.46,337.46,337.46,337.46,0.48,0,0.14,0,5/24/2001
4895,336.98,336.98,336.98,336.98,2.72,0,0.81,0,5/23/2001
4896,334.26,334.26,334.26,334.26,0,0,0.00,0,5/22/2001
4897,334.26,334.26,334.26,334.26,-29.93,0,-8.22,0,5/21/2001
4898,364.19,364.19,364.19,364.19,34.39,0,10.43,0,5/18/2001
4899,329.8,329.8,329.8,329.8,-3.04,0,-0.91,0,5/17/2001
4900,332.84,332.84,332.84,332.84,-11.18,0,-3.25,0,5/16/2001
4901,344.02,344.02,344.02,344.02,-7.06,0,-2.01,0,5/15/2001
4902,351.08,351.08,351.08,351.08,-4.52,0,-1.27,0,5/14/2001
4903,355.6,355.6,355.6,355.6,-2.68,0,-0.75,0,5/11/2001
4904,358.28,358.28,358.28,358.28,-2.53,0,-0.70,0,5/10/2001
4905,360.81,360.81,360.81,360.81,-3.82,0,-1.05,0,5/9/2001
4906,364.63,364.63,364.63,364.63,-0.62,0,-0.17,0,5/8/2001
4907,365.25,365.25,365.25,365.25,0.05,0,0.01,0,5/4/2001
4908,365.2,365.2,365.2,365.2,-1.78,0,-0.49,0,5/3/2001
4909,366.98,366.98,366.98,366.98,0.25,0,0.07,0,5/2/2001
4910,366.73,366.73,366.73,366.73,-1.65,0,-0.45,0,5/1/2001
4911,368.38,368.38,368.38,368.38,0.4,0,0.11,0,4/30/2001
4912,367.98,367.98,367.98,367.98,1.46,0,0.40,0,4/27/2001
4913,366.52,366.52,366.52,366.52,0.68,0,0.19,0,4/26/2001
4914,365.84,365.84,365.84,365.84,-0.29,0,-0.08,0,4/25/2001
4915,366.13,366.13,366.13,366.13,0.55,0,0.15,0,4/24/2001
4916,365.58,365.58,365.58,365.58,-1.2,0,-0.33,0,4/23/2001
4917,366.78,366.78,366.78,366.78,0.39,0,0.11,0,4/20/2001
4918,366.39,366.39,366.39,366.39,-0.98,0,-0.27,0,4/19/2001
4919,367.37,367.37,367.37,367.37,1.16,0,0.32,0,4/18/2001
4920,366.21,366.21,366.21,366.21,-0.39,0,-0.11,0,4/17/2001
4921,366.6,366.6,366.6,366.6,-2.45,0,-0.66,0,4/16/2001
4922,369.05,369.05,369.05,369.05,-1.26,0,-0.34,0,4/13/2001
4923,370.31,370.31,370.31,370.31,0.32,0,0.09,0,4/12/2001
4924,369.99,369.99,369.99,369.99,-2.63,0,-0.71,0,4/11/2001
4925,372.62,372.62,372.62,372.62,-36.94,0,-9.02,0,4/10/2001
4926,409.56,409.56,409.56,409.56,34.98,0,9.34,0,4/9/2001
4927,374.58,374.58,374.58,374.58,1.72,0,0.46,0,4/6/2001
4928,372.86,372.86,372.86,372.86,-4.11,0,-1.09,0,4/5/2001
4929,376.97,376.97,376.97,376.97,1.02,0,0.27,0,4/4/2001
4930,375.95,375.95,375.95,375.95,-10.92,0,-2.82,0,4/3/2001
4931,386.87,386.87,386.87,386.87,8.86,0,2.34,0,3/30/2001
4932,378.01,378.01,378.01,378.01,2.94,0,0.78,0,3/29/2001
4933,375.07,375.07,375.07,375.07,1.1,0,0.29,0,3/28/2001
4934,373.97,373.97,373.97,373.97,-8.61,0,-2.25,0,3/27/2001
4935,382.58,382.58,382.58,382.58,5.6,0,1.49,0,3/26/2001
4936,376.98,376.98,376.98,376.98,-0.5,0,-0.13,0,3/23/2001
4937,377.48,377.48,377.48,377.48,-1.01,0,-0.27,0,3/22/2001
4938,378.49,378.49,378.49,378.49,-6.96,0,-1.81,0,3/21/2001
4939,385.45,385.45,385.45,385.45,-2.95,0,-0.76,0,3/20/2001
4940,388.4,388.4,388.4,388.4,-1.8,0,-0.46,0,3/19/2001
4941,390.2,390.2,390.2,390.2,-0.68,0,-0.17,0,3/16/2001
4942,390.88,390.88,390.88,390.88,-1,0,-0.26,0,3/15/2001
4943,391.88,391.88,391.88,391.88,-3.97,0,-1.00,0,3/14/2001
4944,395.85,395.85,395.85,395.85,-1.76,0,-0.44,0,3/13/2001
4945,397.61,397.61,397.61,397.61,1.35,0,0.34,0,3/12/2001
4946,396.26,396.26,396.26,396.26,3.02,0,0.77,0,3/8/2001
4947,393.24,393.24,393.24,393.24,-0.36,0,-0.09,0,3/7/2001
4948,393.6,393.6,393.6,393.6,2.01,0,0.51,0,3/6/2001
4949,391.59,391.59,391.59,391.59,14.39,0,3.81,0,3/5/2001
4950,377.2,377.2,377.2,377.2,2.03,0,0.54,0,3/2/2001
4951,375.17,375.17,375.17,375.17,-0.12,0,-0.03,0,3/1/2001
4952,375.29,375.29,375.29,375.29,-22.71,0,-5.71,0,2/28/2001
4953,398,398,398,398,-4.55,0,-1.13,0,2/27/2001
4954,402.55,402.55,402.55,402.55,-12.55,0,-3.02,0,2/23/2001
4955,415.1,415.1,415.1,415.1,-9.82,0,-2.31,0,2/22/2001
4956,424.92,424.92,424.92,424.92,-5.85,0,-1.36,0,2/20/2001
4957,430.77,430.77,430.77,430.77,-0.68,0,-0.16,0,2/19/2001
4958,431.45,431.45,431.45,431.45,-7.96,0,-1.81,0,2/16/2001
4959,439.41,439.41,439.41,439.41,-3.94,0,-0.89,0,2/15/2001
4960,443.35,443.35,443.35,443.35,-9.18,0,-2.03,0,2/14/2001
4961,452.53,452.53,452.53,452.53,0.96,0,0.21,0,2/13/2001
4962,451.57,451.57,451.57,451.57,-3.77,0,-0.83,0,2/12/2001
4963,455.34,455.34,455.34,455.34,-3.39,0,-0.74,0,2/9/2001
4964,458.73,458.73,458.73,458.73,-2.12,0,-0.46,0,2/8/2001
4965,460.85,460.85,460.85,460.85,-3.16,0,-0.68,0,2/7/2001
4966,464.01,464.01,464.01,464.01,1.49,0,0.32,0,2/6/2001
4967,462.52,462.52,462.52,462.52,-2.87,0,-0.62,0,2/5/2001
4968,465.39,465.39,465.39,465.39,-1.63,0,-0.35,0,2/2/2001
4969,467.02,467.02,467.02,467.02,-1.05,0,-0.22,0,2/1/2001
4970,468.07,468.07,468.07,468.07,-0.34,0,-0.07,0,1/31/2001
4971,468.41,468.41,468.41,468.41,1.06,0,0.23,0,1/30/2001
4972,467.35,467.35,467.35,467.35,1.98,0,0.43,0,1/26/2001
4973,465.37,465.37,465.37,465.37,4.87,0,1.06,0,1/25/2001
4974,460.5,460.5,460.5,460.5,-0.29,0,-0.06,0,1/24/2001
4975,460.79,460.79,460.79,460.79,1.51,0,0.33,0,1/23/2001
4976,459.28,459.28,459.28,459.28,0.91,0,0.20,0,1/22/2001
4977,458.37,458.37,458.37,458.37,-0.45,0,-0.10,0,1/19/2001
4978,458.82,458.82,458.82,458.82,-1.47,0,-0.32,0,1/18/2001
4979,460.29,460.29,460.29,460.29,-0.57,0,-0.12,0,1/17/2001
4980,460.86,460.86,460.86,460.86,-1.73,0,-0.37,0,1/16/2001
4981,462.59,462.59,462.59,462.59,-2.17,0,-0.47,0,1/15/2001
4982,464.76,464.76,464.76,464.76,-3.64,0,-0.78,0,1/12/2001
4983,468.4,468.4,468.4,468.4,-6.12,0,-1.29,0,1/10/2001
4984,474.52,474.52,474.52,474.52,-4.71,0,-0.98,0,1/9/2001
4985,479.23,479.23,479.23,479.23,-2.97,0,-0.62,0,1/8/2001
4986,482.2,482.2,482.2,482.2,-4.36,0,-0.90,0,1/5/2001
4987,486.56,486.56,486.56,486.56,-0.02,0,0.00,0,1/4/2001
4988,486.58,486.58,486.58,486.58,0.49,0,0.10,0,1/3/2001
4989,486.09,486.09,486.09,486.09,-1.17,0,-0.24,0,1/2/2001
4990,487.26,487.26,487.26,487.26,-0.75,0,-0.15,0,1/1/2001
4991,488.01,488.01,488.01,488.01,-1.02,0,-0.21,0,12/31/2000
4992,489.03,489.03,489.03,489.03,-4.37,0,-0.89,0,12/27/2000
4993,493.4,493.4,493.4,493.4,-1.31,0,-0.26,0,12/26/2000
4994,494.71,494.71,494.71,494.71,5.64,0,1.15,0,12/25/2000
4995,489.07,489.07,489.07,489.07,-0.67,0,-0.14,0,12/22/2000
4996,489.74,489.74,489.74,489.74,1.24,0,0.25,0,12/21/2000
4997,488.5,488.5,488.5,488.5,0,0,0.00,0,12/20/2000
4998,488.5,488.5,488.5,488.5,1.1,0,0.23,0,12/19/2000
4999,487.4,487.4,487.4,487.4,1.35,0,0.28,0,12/18/2000
5000,486.05,486.05,486.05,486.05,1.52,0,0.31,0,12/15/2000
5001,484.53,484.53,484.53,484.53,-3.48,0,-0.71,0,12/14/2000
5002,488.01,488.01,488.01,488.01,-1.73,0,-0.35,0,12/13/2000
5003,489.74,489.74,489.74,489.74,-5.91,0,-1.19,0,12/12/2000
5004,495.65,495.65,495.65,495.65,1.43,0,0.29,0,12/11/2000
5005,494.22,494.22,494.22,494.22,-3.02,0,-0.61,0,12/8/2000
5006,497.24,497.24,497.24,497.24,-3.24,0,-0.65,0,12/7/2000
5007,500.48,500.48,500.48,500.48,-2.27,0,-0.45,0,12/6/2000
5008,502.75,502.75,502.75,502.75,-6.23,0,-1.22,0,12/5/2000
5009,508.98,508.98,508.98,508.98,0.4,0,0.08,0,12/4/2000
5010,508.58,508.58,508.58,508.58,5.73,0,1.14,0,12/1/2000
5011,502.85,502.85,502.85,502.85,13.53,0,2.77,0,11/30/2000
5012,489.32,489.32,489.32,489.32,-21.54,0,-4.22,0,11/29/2000
5013,510.86,510.86,510.86,510.86,-23.1,0,-4.33,0,11/28/2000
5014,533.96,533.96,533.96,533.96,-9.89,0,-1.82,0,11/27/2000
5015,543.85,543.85,543.85,543.85,-1.97,0,-0.36,0,11/24/2000
5016,545.82,545.82,545.82,545.82,0.88,0,0.16,0,11/23/2000
5017,544.94,544.94,544.94,544.94,0.8,0,0.15,0,11/22/2000
5018,544.14,544.14,544.14,544.14,0.7,0,0.13,0,11/21/2000
5019,543.44,543.44,543.44,543.44,3.16,0,0.58,0,11/20/2000
5020,540.28,540.28,540.28,540.28,13.38,0,2.54,0,11/17/2000
5021,526.9,526.9,526.9,526.9,7.57,0,1.46,0,11/16/2000
5022,519.33,519.33,519.33,519.33,5.63,0,1.10,0,11/15/2000
5023,513.7,513.7,513.7,513.7,6.19,0,1.22,0,11/14/2000
5024,507.51,507.51,507.51,507.51,1.6,0,0.32,0,11/13/2000
5025,505.91,505.91,505.91,505.91,6.8,0,1.36,0,11/10/2000
5026,499.11,499.11,499.11,499.11,5.17,0,1.05,0,11/9/2000
5027,493.94,493.94,493.94,493.94,11.01,0,2.28,0,11/7/2000
5028,482.93,482.93,482.93,482.93,7.5,0,1.58,0,11/6/2000
5029,475.43,475.43,475.43,475.43,2.95,0,0.62,0,11/3/2000
5030,472.48,472.48,472.48,472.48,0.46,0,0.10,0,11/2/2000
5031,472.02,472.02,472.02,472.02,3.26,0,0.70,0,11/1/2000
5032,468.76,468.76,468.76,468.76,-2.79,0,-0.59,0,10/31/2000
5033,471.55,471.55,471.55,471.55,-5.35,0,-1.12,0,10/30/2000
5034,476.9,476.9,476.9,476.9,-2.76,0,-0.58,0,10/25/2000
5035,479.66,479.66,479.66,479.66,4.28,0,0.90,0,10/24/2000
5036,475.38,475.38,475.38,475.38,4.26,0,0.90,0,10/23/2000
5037,471.12,471.12,471.12,471.12,7.41,0,1.60,0,10/20/2000
5038,463.71,463.71,463.71,463.71,10.25,0,2.26,0,10/19/2000
5039,453.46,453.46,453.46,453.46,12.49,0,2.83,0,10/18/2000
5040,440.97,440.97,440.97,440.97,7.05,0,1.62,0,10/17/2000
5041,433.92,433.92,433.92,433.92,4.46,0,1.04,0,10/16/2000
5042,429.46,429.46,429.46,429.46,-0.76,0,-0.18,0,10/13/2000
5043,430.22,430.22,430.22,430.22,2.46,0,0.58,0,10/3/2000
5044,427.76,427.76,427.76,427.76,3.86,0,0.91,0,10/2/2000
5045,423.9,423.9,423.9,423.9,0.2,0,0.05,0,9/29/2000
5046,423.7,423.7,423.7,423.7,2.14,0,0.51,0,9/27/2000
5047,421.56,421.56,421.56,421.56,0.18,0,0.04,0,9/26/2000
5048,421.38,421.38,421.38,421.38,-0.63,0,-0.15,0,9/25/2000
5049,422.01,422.01,422.01,422.01,0.31,0,0.07,0,9/22/2000
5050,421.7,421.7,421.7,421.7,0.1,0,0.02,0,9/21/2000
5051,421.6,421.6,421.6,421.6,2,0,0.48,0,9/20/2000
5052,419.6,419.6,419.6,419.6,2.25,0,0.54,0,9/19/2000
5053,417.35,417.35,417.35,417.35,-3.83,0,-0.91,0,9/18/2000
5054,421.18,421.18,421.18,421.18,1.44,0,0.34,0,9/15/2000
5055,419.74,419.74,419.74,419.74,2.5,0,0.60,0,9/14/2000
5056,417.24,417.24,417.24,417.24,8.33,0,2.04,0,9/13/2000
5057,408.91,408.91,408.91,408.91,13.64,0,3.45,0,9/11/2000
5058,395.27,395.27,395.27,395.27,-9.38,0,-2.32,0,9/8/2000
5059,404.65,404.65,404.65,404.65,3.22,0,0.80,0,9/7/2000
5060,401.43,401.43,401.43,401.43,-9.17,0,-2.23,0,9/6/2000
5061,410.6,410.6,410.6,410.6,-7.32,0,-1.75,0,9/5/2000
5062,417.92,417.92,417.92,417.92,-1.94,0,-0.46,0,9/4/2000
5063,419.86,419.86,419.86,419.86,-3.77,0,-0.89,0,9/1/2000
5064,423.63,423.63,423.63,423.63,0.89,0,0.21,0,8/31/2000
5065,422.74,422.74,422.74,422.74,-2.53,0,-0.59,0,8/30/2000
5066,425.27,425.27,425.27,425.27,4.16,0,0.99,0,8/29/2000
5067,421.11,421.11,421.11,421.11,4.17,0,1.00,0,8/28/2000
5068,416.94,416.94,416.94,416.94,10.88,0,2.68,0,8/25/2000
5069,406.06,406.06,406.06,406.06,5.97,0,1.49,0,8/24/2000
5070,400.09,400.09,400.09,400.09,11.06,0,2.84,0,8/23/2000
5071,389.03,389.03,389.03,389.03,15.04,0,4.02,0,8/21/2000
5072,373.99,373.99,373.99,373.99,4.7,0,1.27,0,8/18/2000
5073,369.29,369.29,369.29,369.29,5.05,0,1.39,0,8/17/2000
5074,364.24,364.24,364.24,364.24,1.57,0,0.43,0,8/14/2000
5075,362.67,362.67,362.67,362.67,3.69,0,1.03,0,8/11/2000
5076,358.98,358.98,358.98,358.98,0.32,0,0.09,0,8/10/2000
5077,358.66,358.66,358.66,358.66,1.31,0,0.37,0,8/9/2000
5078,357.35,357.35,357.35,357.35,0.54,0,0.15,0,8/8/2000
5079,356.81,356.81,356.81,356.81,0.74,0,0.21,0,8/7/2000
5080,356.07,356.07,356.07,356.07,30.81,0,9.47,0,8/4/2000
5081,325.26,325.26,325.26,325.26,-30.15,0,-8.48,0,8/3/2000
5082,355.41,355.41,355.41,355.41,-0.08,0,-0.02,0,8/2/2000
5083,355.49,355.49,355.49,355.49,-0.07,0,-0.02,0,8/1/2000
5084,355.56,355.56,355.56,355.56,-0.88,0,-0.25,0,7/31/2000
5085,356.44,356.44,356.44,356.44,0.41,0,0.12,0,7/28/2000
5086,356.03,356.03,356.03,356.03,1.64,0,0.46,0,7/27/2000
5087,354.39,354.39,354.39,354.39,-0.45,0,-0.13,0,7/26/2000
5088,354.84,354.84,354.84,354.84,0.03,0,0.01,0,7/25/2000
5089,354.81,354.81,354.81,354.81,-1.3,0,-0.37,0,7/24/2000
5090,356.11,356.11,356.11,356.11,-0.56,0,-0.16,0,7/21/2000
5091,356.67,356.67,356.67,356.67,0.2,0,0.06,0,7/20/2000
5092,356.47,356.47,356.47,356.47,0.56,0,0.16,0,7/19/2000
5093,355.91,355.91,355.91,355.91,-2.15,0,-0.60,0,7/18/2000
5094,358.06,358.06,358.06,358.06,-2.64,0,-0.73,0,7/17/2000
5095,360.7,360.7,360.7,360.7,1.59,0,0.44,0,7/14/2000
5096,359.11,359.11,359.11,359.11,5.26,0,1.49,0,7/13/2000
5097,353.85,353.85,353.85,353.85,2.23,0,0.63,0,7/12/2000
5098,351.62,351.62,351.62,351.62,2.36,0,0.68,0,7/11/2000
5099,349.26,349.26,349.26,349.26,4.14,0,1.20,0,7/10/2000
5100,345.12,345.12,345.12,345.12,2.65,0,0.77,0,7/7/2000
5101,342.47,342.47,342.47,342.47,1.71,0,0.50,0,7/6/2000
5102,340.76,340.76,340.76,340.76,0.29,0,0.09,0,7/5/2000
5103,340.47,340.47,340.47,340.47,1.57,0,0.46,0,7/4/2000
5104,338.9,338.9,338.9,338.9,-34.56,0,-9.25,0,7/3/2000
5105,373.46,373.46,373.46,373.46,35.64,0,10.55,0,6/30/2000
5106,337.82,337.82,337.82,337.82,-0.34,0,-0.10,0,6/29/2000
5107,338.16,338.16,338.16,338.16,0.38,0,0.11,0,6/28/2000
5108,337.78,337.78,337.78,337.78,-0.27,0,-0.08,0,6/27/2000
5109,338.05,338.05,338.05,338.05,-0.05,0,-0.01,0,6/26/2000
5110,338.1,338.1,338.1,338.1,-0.11,0,-0.03,0,6/23/2000
5111,338.21,338.21,338.21,338.21,-0.27,0,-0.08,0,6/22/2000
5112,338.48,338.48,338.48,338.48,-0.54,0,-0.16,0,6/21/2000
5113,339.02,339.02,339.02,339.02,0.56,0,0.17,0,6/20/2000
5114,338.46,338.46,338.46,338.46,-1.92,0,-0.56,0,6/19/2000
5115,340.38,340.38,340.38,340.38,1.14,0,0.34,0,6/16/2000
5116,339.24,339.24,339.24,339.24,0.48,0,0.14,0,6/15/2000
5117,338.76,338.76,338.76,338.76,-0.64,0,-0.19,0,6/14/2000
5118,339.4,339.4,339.4,339.4,0.2,0,0.06,0,6/13/2000
5119,339.2,339.2,339.2,339.2,-0.87,0,-0.26,0,6/12/2000
5120,340.07,340.07,340.07,340.07,-0.47,0,-0.14,0,6/9/2000
5121,340.54,340.54,340.54,340.54,-0.32,0,-0.09,0,6/8/2000
5122,340.86,340.86,340.86,340.86,-0.62,0,-0.18,0,6/7/2000
5123,341.48,341.48,341.48,341.48,-0.72,0,-0.21,0,6/6/2000
5124,342.2,342.2,342.2,342.2,-0.53,0,-0.15,0,6/5/2000
5125,342.73,342.73,342.73,342.73,-0.68,0,-0.20,0,6/2/2000
5126,343.41,343.41,343.41,343.41,-0.08,0,-0.02,0,6/1/2000
5127,343.49,343.49,343.49,343.49,-0.5,0,-0.15,0,5/31/2000
5128,343.99,343.99,343.99,343.99,-0.1,0,-0.03,0,5/30/2000
5129,344.09,344.09,344.09,344.09,0.21,0,0.06,0,5/29/2000
5130,343.88,343.88,343.88,343.88,-0.1,0,-0.03,0,5/26/2000
5131,343.98,343.98,343.98,343.98,-1.09,0,-0.32,0,5/25/2000
5132,345.07,345.07,345.07,345.07,-0.03,0,-0.01,0,5/24/2000
5133,345.1,345.1,345.1,345.1,0.01,0,0.00,0,5/23/2000
5134,345.09,345.09,345.09,345.09,-2.64,0,-0.76,0,5/22/2000
5135,347.73,347.73,347.73,347.73,0.58,0,0.17,0,5/19/2000
5136,347.15,347.15,347.15,347.15,-0.05,0,-0.01,0,5/17/2000
5137,347.2,347.2,347.2,347.2,-0.5,0,-0.14,0,5/16/2000
5138,347.7,347.7,347.7,347.7,-16.52,0,-4.54,0,5/15/2000
5139,364.22,364.22,364.22,364.22,-0.59,0,-0.16,0,5/12/2000
5140,364.81,364.81,364.81,364.81,0.35,0,0.10,0,5/11/2000
5141,364.46,364.46,364.46,364.46,14.66,0,4.19,0,5/10/2000
5142,349.8,349.8,349.8,349.8,0.6,0,0.17,0,5/9/2000
5143,349.2,349.2,349.2,349.2,1.98,0,0.57,0,5/8/2000
5144,347.22,347.22,347.22,347.22,0.58,0,0.17,0,5/5/2000
5145,346.64,346.64,346.64,346.64,-14.64,0,-4.05,0,5/4/2000
5146,361.28,361.28,361.28,361.28,12.49,0,3.58,0,5/3/2000
5147,348.79,348.79,348.79,348.79,-0.75,0,-0.21,0,5/2/2000
5148,349.54,349.54,349.54,349.54,-1.16,0,-0.33,0,5/1/2000
5149,350.7,350.7,350.7,350.7,-0.18,0,-0.05,0,4/28/2000
5150,350.88,350.88,350.88,350.88,-3.72,0,-1.05,0,4/27/2000
5151,354.6,354.6,354.6,354.6,-14.31,0,-3.88,0,4/26/2000
5152,368.91,368.91,368.91,368.91,14.54,0,4.10,0,4/25/2000
5153,354.37,354.37,354.37,354.37,4.66,0,1.33,0,4/24/2000
5154,349.71,349.71,349.71,349.71,3.04,0,0.88,0,4/21/2000
5155,346.67,346.67,346.67,346.67,5.09,0,1.49,0,4/20/2000
5156,341.58,341.58,341.58,341.58,3.17,0,0.94,0,4/19/2000
5157,338.41,338.41,338.41,338.41,5.01,0,1.50,0,4/18/2000
5158,333.4,333.4,333.4,333.4,-0.21,0,-0.06,0,4/17/2000
5159,333.61,333.61,333.61,333.61,1.85,0,0.56,0,4/14/2000
5160,331.76,331.76,331.76,331.76,-1.17,0,-0.35,0,4/11/2000
5161,332.93,332.93,332.93,332.93,1.05,0,0.32,0,4/10/2000
5162,331.88,331.88,331.88,331.88,-14.9,0,-4.30,0,4/7/2000
5163,346.78,346.78,346.78,346.78,14.58,0,4.39,0,4/6/2000
5164,332.2,332.2,332.2,332.2,3.84,0,1.17,0,4/5/2000
5165,328.36,328.36,328.36,328.36,-1.7,0,-0.52,0,4/3/2000
5166,330.06,330.06,330.06,330.06,1.31,0,0.40,0,3/31/2000
5167,328.75,328.75,328.75,328.75,1.97,0,0.60,0,3/30/2000
5168,326.78,326.78,326.78,326.78,-0.02,0,-0.01,0,3/29/2000
5169,326.8,326.8,326.8,326.8,1.66,0,0.51,0,3/28/2000
5170,325.14,325.14,325.14,325.14,3.47,0,1.08,0,3/27/2000
5171,321.67,321.67,321.67,321.67,3.36,0,1.06,0,3/24/2000
5172,318.31,318.31,318.31,318.31,1.98,0,0.63,0,3/23/2000
5173,316.33,316.33,316.33,316.33,-0.2,0,-0.06,0,3/22/2000
5174,316.53,316.53,316.53,316.53,-2.01,0,-0.63,0,3/21/2000
5175,318.54,318.54,318.54,318.54,-0.39,0,-0.12,0,3/20/2000
5176,318.93,318.93,318.93,318.93,-6.02,0,-1.85,0,3/17/2000
5177,324.95,324.95,324.95,324.95,-1.75,0,-0.54,0,3/16/2000
5178,326.7,326.7,326.7,326.7,-1.45,0,-0.44,0,3/15/2000
5179,328.15,328.15,328.15,328.15,-1.05,0,-0.32,0,3/14/2000
5180,329.2,329.2,329.2,329.2,-1.7,0,-0.51,0,3/13/2000
5181,330.9,330.9,330.9,330.9,1.09,0,0.33,0,3/10/2000
5182,329.81,329.81,329.81,329.81,2.51,0,0.77,0,3/9/2000
5183,327.3,327.3,327.3,327.3,0.29,0,0.09,0,3/8/2000
5184,327.01,327.01,327.01,327.01,3.23,0,1.00,0,3/7/2000
5185,323.78,323.78,323.78,323.78,-11.29,0,-3.37,0,3/6/2000
5186,335.07,335.07,335.07,335.07,19.1,0,6.04,0,3/3/2000
5187,315.97,315.97,315.97,315.97,3.41,0,1.09,0,3/2/2000
5188,312.56,312.56,312.56,312.56,4.37,0,1.42,0,3/1/2000
5189,308.19,308.19,308.19,308.19,1.4,0,0.46,0,2/29/2000
5190,306.79,306.79,306.79,306.79,2.24,0,0.74,0,2/28/2000
5191,304.55,304.55,304.55,304.55,0.94,0,0.31,0,2/25/2000
5192,303.61,303.61,303.61,303.61,-7.81,0,-2.51,0,2/24/2000
5193,311.42,311.42,311.42,311.42,13.8,0,4.64,0,2/23/2000
5194,297.62,297.62,297.62,297.62,1.19,0,0.40,0,2/22/2000
5195,296.43,296.43,296.43,296.43,0.08,0,0.03,0,2/21/2000
5196,296.35,296.35,296.35,296.35,1.29,0,0.44,0,2/18/2000
5197,295.06,295.06,295.06,295.06,3.29,0,1.13,0,2/17/2000
5198,291.77,291.77,291.77,291.77,-10.11,0,-3.35,0,2/16/2000
5199,301.88,301.88,301.88,301.88,13.35,0,4.63,0,2/15/2000
5200,288.53,288.53,288.53,288.53,3.23,0,1.13,0,2/14/2000
5201,285.3,285.3,285.3,285.3,-9.06,0,-3.08,0,2/11/2000
5202,294.36,294.36,294.36,294.36,11.99,0,4.25,0,2/9/2000
5203,282.37,282.37,282.37,282.37,3.63,0,1.30,0,2/8/2000
5204,278.74,278.74,278.74,278.74,-0.22,0,-0.08,0,2/7/2000
5205,278.96,278.96,278.96,278.96,0.8,0,0.29,0,2/4/2000
5206,278.16,278.16,278.16,278.16,0.95,0,0.34,0,2/3/2000
5207,277.21,277.21,277.21,277.21,1.06,0,0.38,0,2/2/2000
5208,276.15,276.15,276.15,276.15,0.37,0,0.13,0,2/1/2000
5209,275.78,275.78,275.78,275.78,2.02,0,0.74,0,1/31/2000
5210,273.76,273.76,273.76,273.76,-3.4,0,-1.23,0,1/28/2000
5211,277.16,277.16,277.16,277.16,0.77,0,0.28,0,1/27/2000
5212,276.39,276.39,276.39,276.39,0.61,0,0.22,0,1/26/2000
5213,275.78,275.78,275.78,275.78,-0.71,0,-0.26,0,1/25/2000
5214,276.49,276.49,276.49,276.49,-1.84,0,-0.66,0,1/24/2000
5215,278.33,278.33,278.33,278.33,1.38,0,0.50,0,1/21/2000
5216,276.95,276.95,276.95,276.95,0.28,0,0.10,0,1/20/2000
5217,276.67,276.67,276.67,276.67,2.73,0,1.00,0,1/19/2000
5218,273.94,273.94,273.94,273.94,1.39,0,0.51,0,1/18/2000
5219,272.55,272.55,272.55,272.55,2.67,0,0.99,0,1/17/2000
5220,269.88,269.88,269.88,269.88,-0.04,0,-0.01,0,1/14/2000
5221,269.92,269.92,269.92,269.92,1.27,0,0.47,0,1/13/2000
5222,268.65,268.65,268.65,268.65,0.77,0,0.29,0,1/10/2000
5223,267.88,267.88,267.88,267.88,2.12,0,0.80,0,1/7/2000
5224,265.76,265.76,265.76,265.76,1.24,0,0.47,0,1/6/2000
5225,264.52,264.52,264.52,264.52,1.58,0,0.60,0,1/5/2000
5226,262.94,262.94,262.94,262.94,0.44,0,0.17,0,1/4/2000
5227,262.5,262.5,262.5,262.5,-0.02,0,-0.01,0,1/3/2000
5228,262.52,262.52,262.52,262.52,0.7,0,0.27,0,12/31/1999
5229,261.82,261.82,261.82,261.82,0.61,0,0.23,0,12/30/1999
5230,261.21,261.21,261.21,261.21,0.6,0,0.23,0,12/28/1999
5231,260.61,260.61,260.61,260.61,1.15,0,0.44,0,12/27/1999
5232,259.46,259.46,259.46,259.46,-0.77,0,-0.30,0,12/24/1999
5233,260.23,260.23,260.23,260.23,0.52,0,0.20,0,12/23/1999
5234,259.71,259.71,259.71,259.71,1.13,0,0.44,0,12/22/1999
5235,258.58,258.58,258.58,258.58,0.84,0,0.33,0,12/21/1999
5236,257.74,257.74,257.74,257.74,0.84,0,0.33,0,12/20/1999
5237,256.9,256.9,256.9,256.9,0.5,0,0.20,0,12/17/1999
5238,256.4,256.4,256.4,256.4,2.1,0,0.83,0,12/16/1999
5239,254.3,254.3,254.3,254.3,1.11,0,0.44,0,12/15/1999
5240,253.19,253.19,253.19,253.19,1.12,0,0.44,0,12/14/1999
5241,252.07,252.07,252.07,252.07,-3.42,0,-1.34,0,12/13/1999
5242,255.49,255.49,255.49,255.49,-0.04,0,-0.02,0,12/10/1999
5243,255.53,255.53,255.53,255.53,-0.41,0,-0.16,0,12/9/1999
5244,255.94,255.94,255.94,255.94,-0.15,0,-0.06,0,12/8/1999
5245,256.09,256.09,256.09,256.09,-1.15,0,-0.45,0,12/7/1999
5246,257.24,257.24,257.24,257.24,-0.67,0,-0.26,0,12/6/1999
5247,257.91,257.91,257.91,257.91,0.81,0,0.32,0,12/3/1999
5248,257.1,257.1,257.1,257.1,-0.89,0,-0.34,0,12/2/1999
5249,257.99,257.99,257.99,257.99,-2.57,0,-0.99,0,12/1/1999
5250,260.56,260.56,260.56,260.56,-0.33,0,-0.13,0,11/30/1999
5251,260.89,260.89,260.89,260.89,-0.49,0,-0.19,0,11/29/1999
5252,261.38,261.38,261.38,261.38,0.64,0,0.25,0,11/26/1999
5253,260.74,260.74,260.74,260.74,1.68,0,0.65,0,11/25/1999
5254,259.06,259.06,259.06,259.06,-0.12,0,-0.05,0,11/24/1999
5255,259.18,259.18,259.18,259.18,-0.79,0,-0.30,0,11/23/1999
5256,259.97,259.97,259.97,259.97,2.42,0,0.94,0,11/22/1999
5257,257.55,257.55,257.55,257.55,0.67,0,0.26,0,11/19/1999
5258,256.88,256.88,256.88,256.88,0.73,0,0.28,0,11/18/1999
5259,256.15,256.15,256.15,256.15,1.57,0,0.62,0,11/17/1999
5260,254.58,254.58,254.58,254.58,-0.44,0,-0.17,0,11/16/1999
5261,255.02,255.02,255.02,255.02,-0.42,0,-0.16,0,11/15/1999
5262,255.44,255.44,255.44,255.44,-0.2,0,-0.08,0,11/12/1999
5263,255.64,255.64,255.64,255.64,0.2,0,0.08,0,11/11/1999
5264,255.44,255.44,255.44,255.44,1.39,0,0.55,0,11/5/1999
5265,254.05,254.05,254.05,254.05,-0.96,0,-0.38,0,11/4/1999
5266,255.01,255.01,255.01,255.01,1.08,0,0.43,0,11/3/1999
5267,253.93,253.93,253.93,253.93,2.66,0,1.06,0,11/2/1999
5268,251.27,251.27,251.27,251.27,1.55,0,0.62,0,11/1/1999
5269,249.72,249.72,249.72,249.72,1.37,0,0.55,0,10/29/1999
5270,248.35,248.35,248.35,248.35,0.74,0,0.30,0,10/28/1999
5271,247.61,247.61,247.61,247.61,1.76,0,0.72,0,10/27/1999
5272,245.85,245.85,245.85,245.85,-0.8,0,-0.32,0,10/26/1999
5273,246.65,246.65,246.65,246.65,1.24,0,0.51,0,10/25/1999
5274,245.41,245.41,245.41,245.41,1.25,0,0.51,0,10/15/1999
5275,244.16,244.16,244.16,244.16,-2.04,0,-0.83,0,10/14/1999
5276,246.2,246.2,246.2,246.2,0.56,0,0.23,0,10/13/1999
5277,245.64,245.64,245.64,245.64,0.77,0,0.31,0,10/12/1999
5278,244.87,244.87,244.87,244.87,0,0,0.00,0,10/11/1999
5279,244.87,244.87,244.87,244.87,1.23,0,0.50,0,10/8/1999
5280,243.64,243.64,243.64,243.64,-1.68,0,-0.68,0,10/7/1999
5281,245.32,245.32,245.32,245.32,-0.7,0,-0.28,0,10/6/1999
5282,246.02,246.02,246.02,246.02,-0.07,0,-0.03,0,10/5/1999
5283,246.09,246.09,246.09,246.09,-1.36,0,-0.55,0,10/4/1999
5284,247.45,247.45,247.45,247.45,1.7,0,0.69,0,10/1/1999
5285,245.75,245.75,245.75,245.75,0,0,0.00,0,9/30/1999
5286,245.75,245.75,245.75,245.75,1.25,0,0.51,0,9/29/1999
5287,244.5,244.5,244.5,244.5,1.32,0,0.54,0,9/28/1999
5288,243.18,243.18,243.18,243.18,0.46,0,0.19,0,9/27/1999
5289,242.72,242.72,242.72,242.72,1.63,0,0.68,0,9/23/1999
5290,241.09,241.09,241.09,241.09,1.14,0,0.48,0,9/22/1999
5291,239.95,239.95,239.95,239.95,1.4,0,0.59,0,9/21/1999
5292,238.55,238.55,238.55,238.55,-0.8,0,-0.33,0,9/20/1999
5293,239.35,239.35,239.35,239.35,1.85,0,0.78,0,9/17/1999
5294,237.5,237.5,237.5,237.5,1.05,0,0.44,0,9/16/1999
5295,236.45,236.45,236.45,236.45,1.72,0,0.73,0,9/15/1999
5296,234.73,234.73,234.73,234.73,1.34,0,0.57,0,9/14/1999
5297,233.39,233.39,233.39,233.39,0.99,0,0.43,0,9/13/1999
5298,232.4,232.4,232.4,232.4,1.32,0,0.57,0,9/10/1999
5299,231.08,231.08,231.08,231.08,-0.54,0,-0.23,0,9/9/1999
5300,231.62,231.62,231.62,231.62,-0.39,0,-0.17,0,9/8/1999
5301,232.01,232.01,232.01,232.01,0.62,0,0.27,0,9/7/1999
5302,231.39,231.39,231.39,231.39,0.4,0,0.17,0,9/6/1999
5303,230.99,230.99,230.99,230.99,0.58,0,0.25,0,9/3/1999
5304,230.41,230.41,230.41,230.41,0.79,0,0.34,0,9/1/1999
5305,229.62,229.62,229.62,229.62,0.29,0,0.13,0,8/31/1999
5306,229.33,229.33,229.33,229.33,0.39,0,0.17,0,8/30/1999
5307,228.94,228.94,228.94,228.94,0.01,0,0.00,0,8/25/1999
5308,228.93,228.93,228.93,228.93,0.53,0,0.23,0,8/24/1999
5309,228.4,228.4,228.4,228.4,0.23,0,0.10,0,8/23/1999
5310,228.17,228.17,228.17,228.17,-0.95,0,-0.41,0,8/22/1999
5311,229.12,229.12,229.12,229.12,0.93,0,0.41,0,8/19/1999
5312,228.19,228.19,228.19,228.19,0,0,0.00,0,8/18/1999
5313,228.19,228.19,228.19,228.19,0.4,0,0.18,0,8/17/1999
5314,227.79,227.79,227.79,227.79,0.17,0,0.07,0,8/16/1999
5315,227.62,227.62,227.62,227.62,0.52,0,0.23,0,8/15/1999
5316,227.1,227.1,227.1,227.1,-0.16,0,-0.07,0,8/12/1999
5317,227.26,227.26,227.26,227.26,-0.15,0,-0.07,0,8/10/1999
5318,227.41,227.41,227.41,227.41,1.21,0,0.53,0,8/9/1999
5319,226.2,226.2,226.2,226.2,0.63,0,0.28,0,8/5/1999
5320,225.57,225.57,225.57,225.57,0.31,0,0.14,0,8/4/1999
5321,225.26,225.26,225.26,225.26,0.47,0,0.21,0,8/3/1999
5322,224.79,224.79,224.79,224.79,1.7,0,0.76,0,8/2/1999
5323,223.09,223.09,223.09,223.09,-3.22,0,-1.42,0,8/1/1999
5324,226.31,226.31,226.31,226.31,0,0,0.00,0,7/29/1999
5325,226.31,226.31,226.31,226.31,-0.96,0,-0.42,0,7/28/1999
5326,227.27,227.27,227.27,227.27,-1.07,0,-0.47,0,7/27/1999
5327,228.34,228.34,228.34,228.34,-0.07,0,-0.03,0,7/26/1999
5328,228.41,228.41,228.41,228.41,2.26,0,1.00,0,7/25/1999
5329,226.15,226.15,226.15,226.15,1.09,0,0.48,0,7/22/1999
5330,225.06,225.06,225.06,225.06,3.14,0,1.41,0,7/21/1999
5331,221.92,221.92,221.92,221.92,1.89,0,0.86,0,7/20/1999
5332,220.03,220.03,220.03,220.03,1.71,0,0.78,0,7/19/1999
5333,218.32,218.32,218.32,218.32,1.4,0,0.65,0,7/18/1999
5334,216.92,216.92,216.92,216.92,0.69,0,0.32,0,7/15/1999
5335,216.23,216.23,216.23,216.23,3.06,0,1.44,0,7/14/1999
5336,213.17,213.17,213.17,213.17,-0.55,0,-0.26,0,7/13/1999
5337,213.72,213.72,213.72,213.72,1,0,0.47,0,7/12/1999
5338,212.72,212.72,212.72,212.72,0.56,0,0.26,0,7/11/1999
5339,212.16,212.16,212.16,212.16,0.21,0,0.10,0,7/8/1999
5340,211.95,211.95,211.95,211.95,-1.25,0,-0.59,0,7/7/1999
5341,213.2,213.2,213.2,213.2,0.27,0,0.13,0,7/6/1999
5342,212.93,212.93,212.93,212.93,0.39,0,0.18,0,7/5/1999
5343,212.54,212.54,212.54,212.54,0.39,0,0.18,0,7/4/1999
5344,212.15,212.15,212.15,212.15,-3,0,-1.39,0,7/1/1999
5345,215.15,215.15,215.15,215.15,-5.63,0,-2.55,0,6/30/1999
5346,220.78,220.78,220.78,220.78,-6.59,0,-2.90,0,6/29/1999
5347,227.37,227.37,227.37,227.37,-3.95,0,-1.71,0,6/28/1999
5348,231.32,231.32,231.32,231.32,-1.81,0,-0.78,0,6/27/1999
5349,233.13,233.13,233.13,233.13,0.49,0,0.21,0,6/24/1999
5350,232.64,232.64,232.64,232.64,3.56,0,1.55,0,6/23/1999
5351,229.08,229.08,229.08,229.08,2.89,0,1.28,0,6/22/1999
5352,226.19,226.19,226.19,226.19,2.89,0,1.29,0,6/21/1999
5353,223.3,223.3,223.3,223.3,5.31,0,2.44,0,6/20/1999
5354,217.99,217.99,217.99,217.99,3.85,0,1.80,0,6/17/1999
5355,214.14,214.14,214.14,214.14,2,0,0.94,0,6/16/1999
5356,212.14,212.14,212.14,212.14,-0.25,0,-0.12,0,6/15/1999
5357,212.39,212.39,212.39,212.39,-0.12,0,-0.06,0,6/14/1999
5358,212.51,212.51,212.51,212.51,0.21,0,0.10,0,6/13/1999
5359,212.3,212.3,212.3,212.3,0.45,0,0.21,0,6/10/1999
5360,211.85,211.85,211.85,211.85,-0.09,0,-0.04,0,6/9/1999
5361,211.94,211.94,211.94,211.94,0.98,0,0.46,0,6/7/1999
5362,210.96,210.96,210.96,210.96,0.96,0,0.46,0,6/6/1999
5363,210,210,210,210,0.86,0,0.41,0,6/3/1999
5364,209.14,209.14,209.14,209.14,0.84,0,0.40,0,6/2/1999
5365,208.3,208.3,208.3,208.3,0.53,0,0.26,0,6/1/1999
5366,207.77,207.77,207.77,207.77,1.59,0,0.77,0,5/31/1999
5367,206.18,206.18,206.18,206.18,0.86,0,0.42,0,5/30/1999
5368,205.32,205.32,205.32,205.32,2.12,0,1.04,0,5/27/1999
5369,203.2,203.2,203.2,203.2,1.68,0,0.83,0,5/26/1999
5370,201.52,201.52,201.52,201.52,0.64,0,0.32,0,5/25/1999
5371,200.88,200.88,200.88,200.88,0.52,0,0.26,0,5/24/1999
5372,200.36,200.36,200.36,200.36,0.66,0,0.33,0,5/23/1999
5373,199.7,199.7,199.7,199.7,1.12,0,0.56,0,5/20/1999
5374,198.58,198.58,198.58,198.58,0.86,0,0.43,0,5/19/1999
5375,197.72,197.72,197.72,197.72,-0.64,0,-0.32,0,5/18/1999
5376,198.36,198.36,198.36,198.36,1.38,0,0.70,0,5/17/1999
5377,196.98,196.98,196.98,196.98,0.03,0,0.02,0,5/13/1999
5378,196.95,196.95,196.95,196.95,1.3,0,0.66,0,5/12/1999
5379,195.65,195.65,195.65,195.65,-0.25,0,-0.13,0,5/11/1999
5380,195.9,195.9,195.9,195.9,-0.2,0,-0.10,0,5/10/1999
5381,196.1,196.1,196.1,196.1,0.03,0,0.02,0,5/9/1999
5382,196.07,196.07,196.07,196.07,0.54,0,0.28,0,5/6/1999
5383,195.53,195.53,195.53,195.53,1.46,0,0.75,0,5/5/1999
5384,194.07,194.07,194.07,194.07,0.8,0,0.41,0,5/4/1999
5385,193.27,193.27,193.27,193.27,1.45,0,0.76,0,5/2/1999
5386,191.82,191.82,191.82,191.82,-0.35,0,-0.18,0,4/29/1999
5387,192.17,192.17,192.17,192.17,-0.71,0,-0.37,0,4/28/1999
5388,192.88,192.88,192.88,192.88,1.05,0,0.55,0,4/26/1999
5389,191.83,191.83,191.83,191.83,-0.77,0,-0.40,0,4/25/1999
5390,192.6,192.6,192.6,192.6,-1.47,0,-0.76,0,4/22/1999
5391,194.07,194.07,194.07,194.07,0.52,0,0.27,0,4/21/1999
5392,193.55,193.55,193.55,193.55,0.96,0,0.50,0,4/20/1999
5393,192.59,192.59,192.59,192.59,1.71,0,0.90,0,4/19/1999
5394,190.88,190.88,190.88,190.88,1.87,0,0.99,0,4/18/1999
5395,189.01,189.01,189.01,189.01,0.63,0,0.33,0,4/15/1999
5396,188.38,188.38,188.38,188.38,0.28,0,0.15,0,4/13/1999
5397,188.1,188.1,188.1,188.1,1.36,0,0.73,0,4/12/1999
5398,186.74,186.74,186.74,186.74,0.69,0,0.37,0,4/11/1999
5399,186.05,186.05,186.05,186.05,-0.75,0,-0.40,0,4/8/1999
5400,186.8,186.8,186.8,186.8,0.76,0,0.41,0,4/7/1999
5401,186.04,186.04,186.04,186.04,0.4,0,0.22,0,4/6/1999
5402,185.64,185.64,185.64,185.64,0.67,0,0.36,0,4/5/1999
5403,184.97,184.97,184.97,184.97,1.67,0,0.91,0,4/4/1999
5404,183.3,183.3,183.3,183.3,-4.07,0,-2.17,0,4/1/1999
5405,187.37,187.37,187.37,187.37,0.61,0,0.33,0,3/31/1999
5406,186.76,186.76,186.76,186.76,1.21,0,0.65,0,3/30/1999
5407,185.55,185.55,185.55,185.55,0.97,0,0.53,0,3/29/1999
5408,184.58,184.58,184.58,184.58,-0.49,0,-0.26,0,3/28/1999
5409,185.07,185.07,185.07,185.07,0.8,0,0.43,0,3/24/1999
5410,184.27,184.27,184.27,184.27,-0.22,0,-0.12,0,3/23/1999
5411,184.49,184.49,184.49,184.49,0.53,0,0.29,0,3/22/1999
5412,183.96,183.96,183.96,183.96,-0.28,0,-0.15,0,3/21/1999
5413,184.24,184.24,184.24,184.24,1.84,0,1.01,0,3/18/1999
5414,182.4,182.4,182.4,182.4,1,0,0.55,0,3/16/1999
5415,181.4,181.4,181.4,181.4,1.23,0,0.68,0,3/15/1999
5416,180.17,180.17,180.17,180.17,0.81,0,0.45,0,3/14/1999
5417,179.36,179.36,179.36,179.36,0.34,0,0.19,0,3/11/1999
5418,179.02,179.02,179.02,179.02,0.65,0,0.36,0,3/10/1999
5419,178.37,178.37,178.37,178.37,0.07,0,0.04,0,3/9/1999
5420,178.3,178.3,178.3,178.3,-0.04,0,-0.02,0,3/8/1999
5421,178.34,178.34,178.34,178.34,0.51,0,0.29,0,3/7/1999
5422,177.83,177.83,177.83,177.83,-0.34,0,-0.19,0,3/4/1999
5423,178.17,178.17,178.17,178.17,-0.64,0,-0.36,0,3/3/1999
5424,178.81,178.81,178.81,178.81,-0.13,0,-0.07,0,3/2/1999
5425,178.94,178.94,178.94,178.94,-0.24,0,-0.13,0,2/28/1999
5426,179.18,179.18,179.18,179.18,-0.7,0,-0.39,0,2/25/1999
5427,179.88,179.88,179.88,179.88,-0.15,0,-0.08,0,2/24/1999
5428,180.03,180.03,180.03,180.03,0.38,0,0.21,0,2/23/1999
5429,179.65,179.65,179.65,179.65,-0.24,0,-0.13,0,2/22/1999
5430,179.89,179.89,179.89,179.89,0.95,0,0.53,0,2/21/1999
5431,178.94,178.94,178.94,178.94,-0.44,0,-0.25,0,2/18/1999
5432,179.38,179.38,179.38,179.38,0.44,0,0.25,0,2/17/1999
5433,178.94,178.94,178.94,178.94,-0.44,0,-0.25,0,2/16/1999
5434,179.38,179.38,179.38,179.38,0.9,0,0.50,0,2/15/1999
5435,178.48,178.48,178.48,178.48,0.87,0,0.49,0,2/11/1999
5436,177.61,177.61,177.61,177.61,-1.05,0,-0.59,0,2/10/1999
5437,178.66,178.66,178.66,178.66,-0.7,0,-0.39,0,2/8/1999
5438,179.36,179.36,179.36,179.36,0.26,0,0.15,0,2/7/1999
5439,179.1,179.1,179.1,179.1,0.64,0,0.36,0,2/4/1999
5440,178.46,178.46,178.46,178.46,-0.15,0,-0.08,0,2/3/1999
5441,178.61,178.61,178.61,178.61,-0.55,0,-0.31,0,2/2/1999
5442,179.16,179.16,179.16,179.16,-0.44,0,-0.24,0,2/1/1999
5443,179.6,179.6,179.6,179.6,-0.43,0,-0.24,0,1/31/1999
5444,180.03,180.03,180.03,180.03,-0.56,0,-0.31,0,1/28/1999
5445,180.59,180.59,180.59,180.59,-1.17,0,-0.64,0,1/27/1999
5446,181.76,181.76,181.76,181.76,-1.13,0,-0.62,0,1/26/1999
5447,182.89,182.89,182.89,182.89,0.21,0,0.11,0,1/25/1999
5448,182.68,182.68,182.68,182.68,0.37,0,0.20,0,1/21/1999
5449,182.31,182.31,182.31,182.31,0.63,0,0.35,0,1/20/1999
5450,181.68,181.68,181.68,181.68,0.45,0,0.25,0,1/19/1999
5451,181.23,181.23,181.23,181.23,0.18,0,0.10,0,1/18/1999
5452,181.05,181.05,181.05,181.05,-0.62,0,-0.34,0,1/17/1999
5453,181.67,181.67,181.67,181.67,-0.03,0,-0.02,0,1/14/1999
5454,181.7,181.7,181.7,181.7,0.35,0,0.19,0,1/13/1999
5455,181.35,181.35,181.35,181.35,0.55,0,0.30,0,1/12/1999
5456,180.8,180.8,180.8,180.8,1.58,0,0.88,0,1/10/1999
5457,179.22,179.22,179.22,179.22,0.42,0,0.23,0,1/7/1999
5458,178.8,178.8,178.8,178.8,1.02,0,0.57,0,1/6/1999
5459,177.78,177.78,177.78,177.78,1.04,0,0.59,0,1/5/1999
5460,176.74,176.74,176.74,176.74,0.25,0,0.14,0,1/4/1999
5461,176.49,176.49,176.49,176.49,1.03,0,0.59,0,1/3/1999
5462,175.46,175.46,175.46,175.46,0.49,0,0.28,0,12/31/1998
5463,174.97,174.97,174.97,174.97,-14.6,0,-7.70,0,12/30/1998
5464,189.57,189.57,189.57,189.57,-0.15,0,-0.08,0,12/28/1998
5465,189.72,189.72,189.72,189.72,1.28,0,0.68,0,12/27/1998
5466,188.44,188.44,188.44,188.44,-0.41,0,-0.22,0,12/24/1998
5467,188.85,188.85,188.85,188.85,0.44,0,0.23,0,12/23/1998
5468,188.41,188.41,188.41,188.41,0.06,0,0.03,0,12/22/1998
5469,188.35,188.35,188.35,188.35,0.53,0,0.28,0,12/21/1998
5470,187.82,187.82,187.82,187.82,0.27,0,0.14,0,12/20/1998
5471,187.55,187.55,187.55,187.55,0.1,0,0.05,0,12/17/1998
5472,187.45,187.45,187.45,187.45,0.29,0,0.15,0,12/16/1998
5473,187.16,187.16,187.16,187.16,-0.51,0,-0.27,0,12/15/1998
5474,187.67,187.67,187.67,187.67,-1.2,0,-0.64,0,12/14/1998
5475,188.87,188.87,188.87,188.87,-1.6,0,-0.84,0,12/13/1998
5476,190.47,190.47,190.47,190.47,-0.21,0,-0.11,0,12/9/1998
5477,190.68,190.68,190.68,190.68,0.16,0,0.08,0,12/8/1998
5478,190.52,190.52,190.52,190.52,0.05,0,0.03,0,12/7/1998
5479,190.47,190.47,190.47,190.47,-0.08,0,-0.04,0,12/6/1998
5480,190.55,190.55,190.55,190.55,-2.3,0,-1.19,0,12/3/1998
5481,192.85,192.85,192.85,192.85,0.19,0,0.10,0,12/2/1998
5482,192.66,192.66,192.66,192.66,-0.27,0,-0.14,0,12/1/1998
5483,192.93,192.93,192.93,192.93,-0.52,0,-0.27,0,11/30/1998
5484,193.45,193.45,193.45,193.45,0.55,0,0.29,0,11/29/1998
5485,192.9,192.9,192.9,192.9,2.15,0,1.13,0,11/26/1998
5486,190.75,190.75,190.75,190.75,0.01,0,0.01,0,11/25/1998
5487,190.74,190.74,190.74,190.74,1.28,0,0.68,0,11/24/1998
5488,189.46,189.46,189.46,189.46,1.12,0,0.59,0,11/23/1998
5489,188.34,188.34,188.34,188.34,1.04,0,0.56,0,11/22/1998
5490,187.3,187.3,187.3,187.3,1.74,0,0.94,0,11/19/1998
5491,185.56,185.56,185.56,185.56,1.95,0,1.06,0,11/18/1998
5492,183.61,183.61,183.61,183.61,-0.56,0,-0.30,0,11/17/1998
5493,184.17,184.17,184.17,184.17,0.39,0,0.21,0,11/16/1998
5494,183.78,183.78,183.78,183.78,0.01,0,0.01,0,11/15/1998
5495,183.77,183.77,183.77,183.77,0.19,0,0.10,0,11/12/1998
5496,183.58,183.58,183.58,183.58,1.91,0,1.05,0,11/11/1998
5497,181.67,181.67,181.67,181.67,-0.39,0,-0.21,0,11/10/1998
5498,182.06,182.06,182.06,182.06,2.77,0,1.54,0,11/8/1998
5499,179.29,179.29,179.29,179.29,2.48,0,1.40,0,11/5/1998
5500,176.81,176.81,176.81,176.81,1.83,0,1.05,0,11/4/1998
5501,174.98,174.98,174.98,174.98,2.57,0,1.49,0,11/3/1998
5502,172.41,172.41,172.41,172.41,0.41,0,0.24,0,11/1/1998
5503,172,172,172,172,0.61,0,0.36,0,10/29/1998
5504,171.39,171.39,171.39,171.39,0.79,0,0.46,0,10/28/1998
5505,170.6,170.6,170.6,170.6,0.89,0,0.52,0,10/27/1998
5506,169.71,169.71,169.71,169.71,-0.36,0,-0.21,0,10/26/1998
5507,170.07,170.07,170.07,170.07,0.46,0,0.27,0,10/25/1998
5508,169.61,169.61,169.61,169.61,0.86,0,0.51,0,10/18/1998
5509,168.75,168.75,168.75,168.75,0.06,0,0.04,0,10/15/1998
5510,168.69,168.69,168.69,168.69,0.27,0,0.16,0,10/14/1998
5511,168.42,168.42,168.42,168.42,0.47,0,0.28,0,10/13/1998
5512,167.95,167.95,167.95,167.95,0,0,0.00,0,10/12/1998
5513,167.95,167.95,167.95,167.95,0.47,0,0.28,0,10/11/1998
5514,167.48,167.48,167.48,167.48,0.13,0,0.08,0,10/8/1998
5515,167.35,167.35,167.35,167.35,1.6,0,0.97,0,10/7/1998
5516,165.75,165.75,165.75,165.75,-0.47,0,-0.28,0,10/6/1998
5517,166.22,166.22,166.22,166.22,-0.5,0,-0.30,0,9/27/1998
5518,166.72,166.72,166.72,166.72,-1.56,0,-0.93,0,9/24/1998
5519,168.28,168.28,168.28,168.28,0.1,0,0.06,0,9/23/1998
5520,168.18,168.18,168.18,168.18,-0.83,0,-0.49,0,9/22/1998
5521,169.01,169.01,169.01,169.01,0.48,0,0.28,0,9/20/1998
5522,168.53,168.53,168.53,168.53,0.11,0,0.07,0,9/17/1998
5523,168.42,168.42,168.42,168.42,-0.09,0,-0.05,0,9/16/1998
5524,168.51,168.51,168.51,168.51,0.3,0,0.18,0,9/15/1998
5525,168.21,168.21,168.21,168.21,0.15,0,0.09,0,9/14/1998
5526,168.06,168.06,168.06,168.06,0.32,0,0.19,0,9/13/1998
5527,167.74,167.74,167.74,167.74,0.25,0,0.15,0,9/10/1998
5528,167.49,167.49,167.49,167.49,0.19,0,0.11,0,9/9/1998
5529,167.3,167.3,167.3,167.3,1.09,0,0.66,0,9/8/1998
5530,166.21,166.21,166.21,166.21,-0.16,0,-0.10,0,9/7/1998
5531,166.37,166.37,166.37,166.37,0.01,0,0.01,0,9/6/1998
5532,166.36,166.36,166.36,166.36,0.19,0,0.11,0,9/3/1998
5533,166.17,166.17,166.17,166.17,-0.39,0,-0.23,0,9/2/1998
5534,166.56,166.56,166.56,166.56,0.02,0,0.01,0,9/1/1998
5535,166.54,166.54,166.54,166.54,-0.05,0,-0.03,0,8/31/1998
5536,166.59,166.59,166.59,166.59,0.38,0,0.23,0,8/30/1998
5537,166.21,166.21,166.21,166.21,-0.45,0,-0.27,0,8/27/1998
5538,166.66,166.66,166.66,166.66,-0.16,0,-0.10,0,8/26/1998
5539,166.82,166.82,166.82,166.82,0.63,0,0.38,0,8/25/1998
5540,166.19,166.19,166.19,166.19,-0.64,0,-0.38,0,8/24/1998
5541,166.83,166.83,166.83,166.83,0.75,0,0.45,0,8/23/1998
5542,166.08,166.08,166.08,166.08,-0.39,0,-0.23,0,8/20/1998
5543,166.47,166.47,166.47,166.47,0.72,0,0.43,0,8/19/1998
5544,165.75,165.75,165.75,165.75,-0.53,0,-0.32,0,8/18/1998
5545,166.28,166.28,166.28,166.28,0.26,0,0.16,0,8/17/1998
5546,166.02,166.02,166.02,166.02,0.59,0,0.36,0,8/13/1998
5547,165.43,165.43,165.43,165.43,0.66,0,0.40,0,8/12/1998
5548,164.77,164.77,164.77,164.77,0.52,0,0.32,0,8/11/1998
5549,164.25,164.25,164.25,164.25,0.49,0,0.30,0,8/10/1998
5550,163.76,163.76,163.76,163.76,1.39,0,0.86,0,8/6/1998
5551,162.37,162.37,162.37,162.37,0.21,0,0.13,0,8/5/1998
5552,162.16,162.16,162.16,162.16,0.09,0,0.06,0,8/4/1998
5553,162.07,162.07,162.07,162.07,0.22,0,0.14,0,8/3/1998
5554,161.85,161.85,161.85,161.85,0.56,0,0.35,0,8/2/1998
5555,161.29,161.29,161.29,161.29,0.32,0,0.20,0,7/30/1998
5556,160.97,160.97,160.97,160.97,-0.24,0,-0.15,0,7/29/1998
5557,161.21,161.21,161.21,161.21,0.25,0,0.16,0,7/28/1998
5558,160.96,160.96,160.96,160.96,0.82,0,0.51,0,7/27/1998
5559,160.14,160.14,160.14,160.14,-1.38,0,-0.85,0,7/26/1998
5560,161.52,161.52,161.52,161.52,-0.05,0,-0.03,0,7/23/1998
5561,161.57,161.57,161.57,161.57,-0.84,0,-0.52,0,7/22/1998
5562,162.41,162.41,162.41,162.41,-1.63,0,-0.99,0,7/21/1998
5563,164.04,164.04,164.04,164.04,0.03,0,0.02,0,7/20/1998
5564,164.01,164.01,164.01,164.01,0.66,0,0.40,0,7/19/1998
5565,163.35,163.35,163.35,163.35,-0.42,0,-0.26,0,7/16/1998
5566,163.77,163.77,163.77,163.77,0.92,0,0.56,0,7/15/1998
5567,162.85,162.85,162.85,162.85,0.36,0,0.22,0,7/14/1998
5568,162.49,162.49,162.49,162.49,-0.1,0,-0.06,0,7/13/1998
5569,162.59,162.59,162.59,162.59,-0.85,0,-0.52,0,7/9/1998
5570,163.44,163.44,163.44,163.44,-0.29,0,-0.18,0,7/8/1998
5571,163.73,163.73,163.73,163.73,-0.6,0,-0.37,0,7/7/1998
5572,164.33,164.33,164.33,164.33,-1.08,0,-0.65,0,7/6/1998
5573,165.41,165.41,165.41,165.41,-0.64,0,-0.39,0,7/5/1998
5574,166.05,166.05,166.05,166.05,0.02,0,0.01,0,7/2/1998
5575,166.03,166.03,166.03,166.03,0.16,0,0.10,0,7/1/1998
5576,165.87,165.87,165.87,165.87,0.22,0,0.13,0,6/30/1998
5577,165.65,165.65,165.65,165.65,-0.27,0,-0.16,0,6/29/1998
5578,165.92,165.92,165.92,165.92,1.24,0,0.75,0,6/28/1998
5579,164.68,164.68,164.68,164.68,0.61,0,0.37,0,6/25/1998
5580,164.07,164.07,164.07,164.07,1.06,0,0.65,0,6/24/1998
5581,163.01,163.01,163.01,163.01,1.67,0,1.04,0,6/23/1998
5582,161.34,161.34,161.34,161.34,0.32,0,0.20,0,6/22/1998
5583,161.02,161.02,161.02,161.02,0.3,0,0.19,0,6/21/1998
5584,160.72,160.72,160.72,160.72,-0.41,0,-0.25,0,6/18/1998
5585,161.13,161.13,161.13,161.13,0.75,0,0.47,0,6/17/1998
5586,160.38,160.38,160.38,160.38,0.15,0,0.09,0,6/16/1998
5587,160.23,160.23,160.23,160.23,0.28,0,0.18,0,6/15/1998
5588,159.95,159.95,159.95,159.95,-0.21,0,-0.13,0,6/14/1998
5589,160.16,160.16,160.16,160.16,0.6,0,0.38,0,6/11/1998
5590,159.56,159.56,159.56,159.56,1.24,0,0.78,0,6/10/1998
5591,158.32,158.32,158.32,158.32,0.27,0,0.17,0,6/9/1998
5592,158.05,158.05,158.05,158.05,1.27,0,0.81,0,6/8/1998
5593,156.78,156.78,156.78,156.78,0.01,0,0.01,0,6/7/1998
5594,156.77,156.77,156.77,156.77,-0.14,0,-0.09,0,6/4/1998
5595,156.91,156.91,156.91,156.91,0.48,0,0.31,0,6/3/1998
5596,156.43,156.43,156.43,156.43,-0.43,0,-0.27,0,6/2/1998
5597,156.86,156.86,156.86,156.86,0,0,0.00,0,6/1/1998
5598,156.86,156.86,156.86,156.86,-0.7,0,-0.44,0,5/28/1998
5599,157.56,157.56,157.56,157.56,0.51,0,0.32,0,5/27/1998
5600,157.05,157.05,157.05,157.05,0.21,0,0.13,0,5/26/1998
5601,156.84,156.84,156.84,156.84,-0.84,0,-0.53,0,5/25/1998
5602,157.68,157.68,157.68,157.68,0.11,0,0.07,0,5/24/1998
5603,157.57,157.57,157.57,157.57,0.28,0,0.18,0,5/21/1998
5604,157.29,157.29,157.29,157.29,-0.28,0,-0.18,0,5/20/1998
5605,157.57,157.57,157.57,157.57,-0.12,0,-0.08,0,5/19/1998
5606,157.69,157.69,157.69,157.69,-0.32,0,-0.20,0,5/18/1998
5607,158.01,158.01,158.01,158.01,0.04,0,0.03,0,5/17/1998
5608,157.97,157.97,157.97,157.97,-0.89,0,-0.56,0,5/14/1998
5609,158.86,158.86,158.86,158.86,-0.52,0,-0.33,0,4/13/1998
5610,159.38,159.38,159.38,159.38,-6.44,0,-3.88,0,4/12/1998
5611,165.82,165.82,165.82,165.82,-0.24,0,-0.14,0,4/9/1998
5612,166.06,166.06,166.06,166.06,-0.58,0,-0.35,0,4/8/1998
5613,166.64,166.64,166.64,166.64,0.17,0,0.10,0,4/7/1998
5614,166.47,166.47,166.47,166.47,0.6,0,0.36,0,4/6/1998
5615,165.87,165.87,165.87,165.87,-0.5,0,-0.30,0,4/2/1998
5616,166.37,166.37,166.37,166.37,-0.25,0,-0.15,0,4/1/1998
5617,166.62,166.62,166.62,166.62,-0.44,0,-0.26,0,3/31/1998
5618,167.06,167.06,167.06,167.06,-0.77,0,-0.46,0,3/30/1998
5619,167.83,167.83,167.83,167.83,0.43,0,0.26,0,3/29/1998
5620,167.4,167.4,167.4,167.4,0.78,0,0.47,0,3/26/1998
5621,166.62,166.62,166.62,166.62,0.28,0,0.17,0,3/25/1998
5622,166.34,166.34,166.34,166.34,0.28,0,0.17,0,3/24/1998
5623,166.06,166.06,166.06,166.06,0.19,0,0.11,0,3/23/1998
5624,165.87,165.87,165.87,165.87,-4.36,0,-2.56,0,3/22/1998
5625,170.23,170.23,170.23,170.23,0.74,0,0.44,0,3/19/1998
5626,169.49,169.49,169.49,169.49,0.58,0,0.34,0,3/18/1998
5627,168.91,168.91,168.91,168.91,-0.8,0,-0.47,0,3/17/1998
5628,169.71,169.71,169.71,169.71,-11.13,0,-6.15,0,3/16/1998
5629,180.84,180.84,180.84,180.84,0.48,0,0.27,0,3/15/1998
5630,180.36,180.36,180.36,180.36,0.14,0,0.08,0,3/11/1998
5631,180.22,180.22,180.22,180.22,-0.07,0,-0.04,0,3/10/1998
5632,180.29,180.29,180.29,180.29,-0.02,0,-0.01,0,3/9/1998
5633,180.31,180.31,180.31,180.31,0.89,0,0.50,0,3/8/1998
5634,179.42,179.42,179.42,179.42,0.86,0,0.48,0,3/5/1998
5635,178.56,178.56,178.56,178.56,0.52,0,0.29,0,3/4/1998
5636,178.04,178.04,178.04,178.04,0.18,0,0.10,0,3/3/1998
5637,177.86,177.86,177.86,177.86,0.28,0,0.16,0,3/2/1998
5638,177.58,177.58,177.58,177.58,-1.1,0,-0.62,0,3/1/1998
5639,178.68,178.68,178.68,178.68,2.11,0,1.19,0,2/26/1998
5640,176.57,176.57,176.57,176.57,0.07,0,0.04,0,2/23/1998
5641,176.5,176.5,176.5,176.5,0.38,0,0.22,0,2/22/1998
5642,176.12,176.12,176.12,176.12,0.01,0,0.01,0,2/18/1998
5643,176.11,176.11,176.11,176.11,-0.51,0,-0.29,0,2/17/1998
5644,176.62,176.62,176.62,176.62,0.02,0,0.01,0,2/16/1998
5645,176.6,176.6,176.6,176.6,6,0,3.52,0,2/15/1998
5646,170.6,170.6,170.6,170.6,-0.13,0,-0.08,0,1/13/1998
5647,170.73,170.73,170.73,170.73,0.04,0,0.02,0,1/12/1998
5648,170.69,170.69,170.69,170.69,0.37,0,0.22,0,1/8/1998
5649,170.32,170.32,170.32,170.32,-0.07,0,-0.04,0,1/7/1998
5650,170.39,170.39,170.39,170.39,0.16,0,0.09,0,1/6/1998
5651,170.23,170.23,170.23,170.23,0.02,0,0.01,0,1/5/1998
5652,170.21,170.21,170.21,170.21,-0.72,0,-0.42,0,1/4/1998
5653,170.93,170.93,170.93,170.93,0.23,0,0.13,0,12/31/1997
5654,170.7,170.7,170.7,170.7,-0.13,0,-0.08,0,12/30/1997
5655,170.83,170.83,170.83,170.83,0.09,0,0.05,0,12/28/1997
5656,170.74,170.74,170.74,170.74,-0.2,0,-0.12,0,12/25/1997
5657,170.94,170.94,170.94,170.94,0.42,0,0.25,0,12/24/1997
5658,170.52,170.52,170.52,170.52,-0.05,0,-0.03,0,12/23/1997
5659,170.57,170.57,170.57,170.57,-0.26,0,-0.15,0,12/22/1997
5660,170.83,170.83,170.83,170.83,-0.87,0,-0.51,0,12/21/1997
5661,171.7,171.7,171.7,171.7,0.8,0,0.47,0,12/18/1997
5662,170.9,170.9,170.9,170.9,0.79,0,0.46,0,12/17/1997
5663,170.11,170.11,170.11,170.11,-0.05,0,-0.03,0,12/16/1997
5664,170.16,170.16,170.16,170.16,-0.4,0,-0.23,0,12/15/1997
5665,170.56,170.56,170.56,170.56,-0.63,0,-0.37,0,12/14/1997
5666,171.19,171.19,171.19,171.19,0.05,0,0.03,0,12/11/1997
5667,171.14,171.14,171.14,171.14,0.9,0,0.53,0,12/10/1997
5668,170.24,170.24,170.24,170.24,-0.3,0,-0.18,0,12/9/1997
5669,170.54,170.54,170.54,170.54,-0.14,0,-0.08,0,12/8/1997
5670,170.68,170.68,170.68,170.68,0.46,0,0.27,0,12/7/1997
5671,170.22,170.22,170.22,170.22,0.14,0,0.08,0,12/4/1997
5672,170.08,170.08,170.08,170.08,-1.11,0,-0.65,0,12/3/1997
5673,171.19,171.19,171.19,171.19,-0.58,0,-0.34,0,12/2/1997
5674,171.77,171.77,171.77,171.77,0.13,0,0.08,0,12/1/1997
5675,171.64,171.64,171.64,171.64,-0.5,0,-0.29,0,11/30/1997
5676,172.14,172.14,172.14,172.14,-0.25,0,-0.15,0,11/27/1997
5677,172.39,172.39,172.39,172.39,-0.89,0,-0.51,0,11/26/1997
5678,173.28,173.28,173.28,173.28,0.18,0,0.10,0,11/25/1997
5679,173.1,173.1,173.1,173.1,-0.18,0,-0.10,0,11/24/1997
5680,173.28,173.28,173.28,173.28,0.27,0,0.16,0,11/23/1997
5681,173.01,173.01,173.01,173.01,0.66,0,0.38,0,11/20/1997
5682,172.35,172.35,172.35,172.35,-0.33,0,-0.19,0,11/19/1997
5683,172.68,172.68,172.68,172.68,-0.12,0,-0.07,0,11/18/1997
5684,172.8,172.8,172.8,172.8,0.78,0,0.45,0,11/17/1997
5685,172.02,172.02,172.02,172.02,0,0,0.00,0,11/16/1997
5686,172.02,172.02,172.02,172.02,0.06,0,0.03,0,11/13/1997
5687,171.96,171.96,171.96,171.96,-0.12,0,-0.07,0,11/12/1997
5688,172.08,172.08,172.08,172.08,-0.38,0,-0.22,0,11/11/1997
5689,172.46,172.46,172.46,172.46,-0.56,0,-0.32,0,11/10/1997
5690,173.02,173.02,173.02,173.02,0.95,0,0.55,0,11/9/1997
5691,172.07,172.07,172.07,172.07,-0.96,0,-0.55,0,11/6/1997
5692,173.03,173.03,173.03,173.03,0.35,0,0.20,0,11/5/1997
5693,172.68,172.68,172.68,172.68,-0.76,0,-0.44,0,11/4/1997
5694,173.44,173.44,173.44,173.44,0.01,0,0.01,0,11/3/1997
5695,173.43,173.43,173.43,173.43,1.43,0,0.83,0,10/29/1997
5696,172,172,172,172,-0.96,0,-0.56,0,10/28/1997
5697,172.96,172.96,172.96,172.96,2.35,0,1.38,0,10/27/1997
5698,170.61,170.61,170.61,170.61,-0.43,0,-0.25,0,10/26/1997
5699,171.04,171.04,171.04,171.04,0.71,0,0.42,0,10/23/1997
5700,170.33,170.33,170.33,170.33,1.04,0,0.61,0,10/22/1997
5701,169.29,169.29,169.29,169.29,-0.26,0,-0.15,0,10/21/1997
5702,169.55,169.55,169.55,169.55,0.04,0,0.02,0,10/20/1997
5703,169.51,169.51,169.51,169.51,0.08,0,0.05,0,10/19/1997
5704,169.43,169.43,169.43,169.43,-0.25,0,-0.15,0,10/16/1997
5705,169.68,169.68,169.68,169.68,-0.02,0,-0.01,0,10/7/1997
5706,169.7,169.7,169.7,169.7,-0.1,0,-0.06,0,10/6/1997
5707,169.8,169.8,169.8,169.8,-0.4,0,-0.24,0,10/5/1997
5708,170.2,170.2,170.2,170.2,-1.03,0,-0.60,0,10/1/1997
5709,171.23,171.23,171.23,171.23,0.59,0,0.35,0,9/30/1997
5710,170.64,170.64,170.64,170.64,-0.07,0,-0.04,0,9/29/1997
5711,170.71,170.71,170.71,170.71,0.74,0,0.44,0,9/28/1997
5712,169.97,169.97,169.97,169.97,0.01,0,0.01,0,9/25/1997
5713,169.96,169.96,169.96,169.96,-0.47,0,-0.28,0,9/24/1997
5714,170.43,170.43,170.43,170.43,0.37,0,0.22,0,9/23/1997
5715,170.06,170.06,170.06,170.06,-0.25,0,-0.15,0,9/22/1997
5716,170.31,170.31,170.31,170.31,0.64,0,0.38,0,9/21/1997
5717,169.67,169.67,169.67,169.67,-0.93,0,-0.55,0,9/18/1997
5718,170.6,170.6,170.6,170.6,0.15,0,0.09,0,9/17/1997
5719,170.45,170.45,170.45,170.45,0.35,0,0.21,0,9/16/1997
5720,170.1,170.1,170.1,170.1,0.11,0,0.06,0,9/14/1997
5721,169.99,169.99,169.99,169.99,0.82,0,0.48,0,9/11/1997
5722,169.17,169.17,169.17,169.17,-0.01,0,-0.01,0,9/10/1997
5723,169.18,169.18,169.18,169.18,0.34,0,0.20,0,9/9/1997
5724,168.84,168.84,168.84,168.84,0.35,0,0.21,0,9/8/1997
5725,168.49,168.49,168.49,168.49,-0.14,0,-0.08,0,9/7/1997
5726,168.63,168.63,168.63,168.63,-0.11,0,-0.07,0,9/4/1997
5727,168.74,168.74,168.74,168.74,-1.46,0,-0.86,0,9/3/1997
5728,170.2,170.2,170.2,170.2,0.07,0,0.04,0,9/2/1997
5729,170.13,170.13,170.13,170.13,0.49,0,0.29,0,9/1/1997
5730,169.64,169.64,169.64,169.64,-0.34,0,-0.20,0,8/31/1997
5731,169.98,169.98,169.98,169.98,0.11,0,0.06,0,8/28/1997
5732,169.87,169.87,169.87,169.87,0.3,0,0.18,0,8/27/1997
5733,169.57,169.57,169.57,169.57,-0.34,0,-0.20,0,8/26/1997
5734,169.91,169.91,169.91,169.91,0.34,0,0.20,0,8/24/1997
5735,169.57,169.57,169.57,169.57,-0.19,0,-0.11,0,8/21/1997
5736,169.76,169.76,169.76,169.76,0.19,0,0.11,0,8/20/1997
5737,169.57,169.57,169.57,169.57,0.05,0,0.03,0,8/17/1997
5738,169.52,169.52,169.52,169.52,0.24,0,0.14,0,8/14/1997
5739,169.28,169.28,169.28,169.28,0,0,0.00,0,8/13/1997
5740,169.28,169.28,169.28,169.28,-0.1,0,-0.06,0,8/12/1997
5741,169.38,169.38,169.38,169.38,-1.01,0,-0.59,0,8/11/1997
5742,170.39,170.39,170.39,170.39,-0.85,0,-0.50,0,8/10/1997
5743,171.24,171.24,171.24,171.24,0.14,0,0.08,0,8/7/1997
5744,171.1,171.1,171.1,171.1,-0.06,0,-0.04,0,8/6/1997
5745,171.16,171.16,171.16,171.16,-0.2,0,-0.12,0,8/5/1997
5746,171.36,171.36,171.36,171.36,-0.16,0,-0.09,0,8/4/1997
5747,171.52,171.52,171.52,171.52,-0.18,0,-0.10,0,8/3/1997
5748,171.7,171.7,171.7,171.7,-0.42,0,-0.24,0,7/31/1997
5749,172.12,172.12,172.12,172.12,-0.76,0,-0.44,0,7/30/1997
5750,172.88,172.88,172.88,172.88,-0.27,0,-0.16,0,7/29/1997
5751,173.15,173.15,173.15,173.15,0.49,0,0.28,0,7/27/1997
5752,172.66,172.66,172.66,172.66,-0.37,0,-0.21,0,7/24/1997
5753,172.68,173.03,173.03,173.03,0,0,0.00,0,7/23/1997
5754,173.03,173.03,173.03,173.03,-0.22,0,-0.13,0,7/22/1997
5755,173.25,173.25,173.25,173.25,-0.01,0,-0.01,0,7/21/1997
5756,173.26,173.26,173.26,173.26,0.4,0,0.23,0,7/20/1997
5757,172.86,172.86,172.86,172.86,-0.56,0,-0.32,0,7/23/1997
5758,173.42,173.42,173.42,173.42,-2.24,0,-1.28,0,7/17/1997
5759,175.66,175.66,175.66,175.66,-0.65,0,-0.37,0,7/16/1997
5760,176.31,176.31,176.31,176.31,1.01,0,0.58,0,7/15/1997
5761,175.3,175.3,175.3,175.3,1.05,0,0.60,0,7/14/1997
5762,174.25,174.25,174.25,174.25,-2.16,0,-1.22,0,7/13/1997
5763,176.41,176.41,176.41,176.41,-0.1,0,-0.06,0,7/10/1997
5764,176.51,176.51,176.51,176.51,-0.07,0,-0.04,0,7/9/1997
5765,176.58,176.58,176.58,176.58,1.15,0,0.66,0,7/8/1997
5766,175.43,175.43,175.43,175.43,-0.6,0,-0.34,0,7/7/1997
5767,176.03,176.03,176.03,176.03,1.49,0,0.85,0,7/6/1997
5768,174.54,174.54,174.54,174.54,-0.71,0,-0.41,0,7/3/1997
5769,175.25,175.25,175.25,175.25,0.49,0,0.28,0,7/2/1997
5770,174.76,174.76,174.76,174.76,-0.79,0,-0.45,0,7/1/1997
5771,175.55,175.55,175.55,175.55,0.02,0,0.01,0,6/30/1997
5772,175.53,175.53,175.53,175.53,0.58,0,0.33,0,6/29/1997
5773,174.95,174.95,174.95,174.95,0.02,0,0.01,0,6/26/1997
5774,174.93,174.93,174.93,174.93,-0.66,0,-0.38,0,6/25/1997
5775,175.59,175.59,175.59,175.59,-1.26,0,-0.71,0,6/24/1997
5776,176.85,176.85,176.85,176.85,0.44,0,0.25,0,6/23/1997
5777,176.41,176.41,176.41,176.41,0.38,0,0.22,0,6/22/1997
5778,176.03,176.03,176.03,176.03,-0.67,0,-0.38,0,6/19/1997
5779,176.7,176.7,176.7,176.7,-0.03,0,-0.02,0,6/18/1997
5780,176.73,176.73,176.73,176.73,-0.17,0,-0.10,0,6/17/1997
5781,176.9,176.9,176.9,176.9,-2.16,0,-1.21,0,6/16/1997
5782,179.06,179.06,179.06,179.06,2.07,0,1.17,0,6/15/1997
5783,176.99,176.99,176.99,176.99,-0.4,0,-0.23,0,6/10/1997
5784,177.39,177.39,177.39,177.39,-0.05,0,-0.03,0,6/9/1997
5785,177.44,177.44,177.44,177.44,0.19,0,0.11,0,6/8/1997
5786,177.25,177.25,177.25,177.25,0.05,0,0.03,0,6/5/1997
5787,177.2,177.2,177.2,177.2,-2.52,0,-1.40,0,6/3/1997
5788,179.72,179.72,179.72,179.72,-0.53,0,-0.29,0,6/2/1997
5789,180.25,180.25,180.25,180.25,-0.27,0,-0.15,0,6/1/1997
5790,180.52,180.52,180.52,180.52,-0.71,0,-0.39,0,5/29/1997
5791,181.23,181.23,181.23,181.23,-0.24,0,-0.13,0,5/28/1997
5792,181.47,181.47,181.47,181.47,-0.21,0,-0.12,0,5/27/1997
5793,181.68,181.68,181.68,181.68,0.24,0,0.13,0,5/25/1997
5794,181.44,181.44,181.44,181.44,-0.44,0,-0.24,0,5/21/1997
5795,181.88,181.88,181.88,181.88,0.24,0,0.13,0,5/20/1997
5796,181.64,181.64,181.64,181.64,-1.01,0,-0.55,0,5/19/1997
5797,182.65,182.65,182.65,182.65,-0.39,0,-0.21,0,5/18/1997
5798,183.04,183.04,183.04,183.04,-1.39,0,-0.75,0,5/15/1997
5799,184.43,184.43,184.43,184.43,-0.23,0,-0.12,0,5/14/1997
5800,184.66,184.66,184.66,184.66,0.35,0,0.19,0,5/13/1997
5801,184.31,184.31,184.31,184.31,0.78,0,0.42,0,5/12/1997
5802,183.53,183.53,183.53,183.53,-0.67,0,-0.36,0,5/11/1997
5803,184.2,184.2,184.2,184.2,0.69,0,0.38,0,5/8/1997
5804,183.51,183.51,183.51,183.51,0.69,0,0.38,0,5/7/1997
5805,182.82,182.82,182.82,182.82,0.03,0,0.02,0,5/6/1997
5806,182.79,182.79,182.79,182.79,-0.93,0,-0.51,0,5/5/1997
5807,183.72,183.72,183.72,183.72,1.25,0,0.69,0,5/4/1997
5808,182.47,182.47,182.47,182.47,0.11,0,0.06,0,5/1/1997
5809,182.36,182.36,182.36,182.36,-1.12,0,-0.61,0,4/30/1997
5810,183.48,183.48,183.48,183.48,0.8,0,0.44,0,4/29/1997
5811,182.68,182.68,182.68,182.68,-0.44,0,-0.24,0,4/28/1997
5812,183.12,183.12,183.12,183.12,-0.28,0,-0.15,0,4/27/1997
5813,183.4,183.4,183.4,183.4,-0.28,0,-0.15,0,4/24/1997
5814,183.68,183.68,183.68,183.68,0.24,0,0.13,0,4/23/1997
5815,183.44,183.44,183.44,183.44,0.3,0,0.16,0,4/22/1997
5816,183.14,183.14,183.14,183.14,-1.52,0,-0.82,0,4/21/1997
5817,184.66,184.66,184.66,184.66,-0.06,0,-0.03,0,4/20/1997
5818,184.72,184.72,184.72,184.72,1.69,0,0.92,0,4/17/1997
5819,183.03,183.03,183.03,183.03,2.2,0,1.22,0,4/14/1997
5820,180.83,180.83,180.83,180.83,0.94,0,0.52,0,4/10/1997
5821,179.89,179.89,179.89,179.89,-1.82,0,-1.00,0,4/9/1997
5822,181.71,181.71,181.71,181.71,-5.85,0,-3.12,0,4/8/1997
5823,187.56,187.56,187.56,187.56,-2.53,0,-1.33,0,4/6/1997
5824,190.09,190.09,190.09,190.09,-7.25,0,-3.67,0,4/3/1997
5825,197.34,197.34,197.34,197.34,3.43,0,1.77,0,4/2/1997
5826,193.91,193.91,193.91,193.91,3.33,0,1.75,0,4/1/1997
5827,190.58,190.58,190.58,190.58,2.67,0,1.42,0,3/31/1997
5828,187.91,187.91,187.91,187.91,1.82,0,0.98,0,3/30/1997
5829,186.09,186.09,186.09,186.09,0.39,0,0.21,0,3/27/1997
5830,185.7,185.7,185.7,185.7,1.44,0,0.78,0,3/26/1997
5831,184.26,184.26,184.26,184.26,-0.08,0,-0.04,0,3/25/1997
5832,184.34,184.34,184.34,184.34,-0.24,0,-0.13,0,3/24/1997
5833,184.58,184.58,184.58,184.58,0.18,0,0.10,0,3/20/1997
5834,184.4,184.4,184.4,184.4,0.8,0,0.44,0,3/19/1997
5835,183.6,183.6,183.6,183.6,-5.53,0,-2.92,0,3/18/1997
5836,189.13,189.13,189.13,189.13,0.18,0,0.10,0,3/17/1997
5837,188.95,188.95,188.95,188.95,0.59,0,0.31,0,3/16/1997
5838,188.36,188.36,188.36,188.36,-0.01,0,-0.01,0,3/13/1997
5839,188.37,188.37,188.37,188.37,0.1,0,0.05,0,3/12/1997
5840,188.27,188.27,188.27,188.27,0.82,0,0.44,0,3/11/1997
5841,187.45,187.45,187.45,187.45,1.42,0,0.76,0,3/10/1997
5842,186.03,186.03,186.03,186.03,0.68,0,0.37,0,3/6/1997
5843,185.35,185.35,185.35,185.35,0.65,0,0.35,0,3/5/1997
5844,184.7,184.7,184.7,184.7,3.71,0,2.05,0,3/4/1997
5845,180.99,180.99,180.99,180.99,-1.02,0,-0.56,0,3/3/1997
5846,182.01,182.01,182.01,182.01,1.33,0,0.74,0,3/2/1997
5847,180.68,180.68,180.68,180.68,2.07,0,1.16,0,2/27/1997
5848,178.61,178.61,178.61,178.61,-0.1,0,-0.06,0,2/26/1997
5849,178.71,178.71,178.71,178.71,-0.05,0,-0.03,0,2/25/1997
5850,178.76,178.76,178.76,178.76,-0.57,0,-0.32,0,2/24/1997
5851,179.33,179.33,179.33,179.33,-0.17,0,-0.09,0,2/23/1997
5852,179.5,179.5,179.5,179.5,-1.57,0,-0.87,0,2/20/1997
5853,181.07,181.07,181.07,181.07,0.53,0,0.29,0,2/19/1997
5854,180.54,180.54,180.54,180.54,0.19,0,0.11,0,2/17/1997
5855,180.35,180.35,180.35,180.35,0.24,0,0.13,0,2/16/1997
5856,180.11,180.11,180.11,180.11,0.54,0,0.30,0,2/13/1997
5857,179.57,179.57,179.57,179.57,-0.5,0,-0.28,0,2/11/1997
5858,180.07,180.07,180.07,180.07,0.56,0,0.31,0,2/10/1997
5859,179.51,179.51,179.51,179.51,-0.27,0,-0.15,0,2/9/1997
5860,179.78,179.78,179.78,179.78,-0.04,0,-0.02,0,2/6/1997
5861,179.82,179.82,179.82,179.82,-0.36,0,-0.20,0,2/5/1997
5862,180.18,180.18,180.18,180.18,-0.17,0,-0.09,0,2/4/1997
5863,180.35,180.35,180.35,180.35,-0.4,0,-0.22,0,2/3/1997
5864,180.75,180.75,180.75,180.75,-0.12,0,-0.07,0,2/2/1997
5865,180.87,180.87,180.87,180.87,0.93,0,0.52,0,1/30/1997
5866,179.94,179.94,179.94,179.94,-0.39,0,-0.22,0,1/28/1997
5867,180.33,180.33,180.33,180.33,-0.54,0,-0.30,0,1/27/1997
5868,180.87,180.87,180.87,180.87,1.48,0,0.83,0,1/26/1997
5869,179.39,179.39,179.39,179.39,-0.04,0,-0.02,0,1/23/1997
5870,179.43,179.43,179.43,179.43,0.3,0,0.17,0,1/22/1997
5871,179.13,179.13,179.13,179.13,0.06,0,0.03,0,1/21/1997
5872,179.07,179.07,179.07,179.07,-1.29,0,-0.72,0,1/20/1997
5873,180.36,180.36,180.36,180.36,1.09,0,0.61,0,1/19/1997
5874,179.27,179.27,179.27,179.27,-0.58,0,-0.32,0,1/16/1997
5875,179.85,179.85,179.85,179.85,0.35,0,0.19,0,1/15/1997
5876,179.5,179.5,179.5,179.5,0.06,0,0.03,0,1/14/1997
5877,179.44,179.44,179.44,179.44,-1.25,0,-0.69,0,1/13/1997
5878,180.69,180.69,180.69,180.69,1.73,0,0.97,0,1/12/1997
5879,178.96,178.96,178.96,178.96,0.17,0,0.10,0,1/9/1997
5880,178.79,178.79,178.79,178.79,0.71,0,0.40,0,1/8/1997
5881,178.08,178.08,178.08,178.08,-0.03,0,-0.02,0,1/7/1997
5882,178.11,178.11,178.11,178.11,-1.19,0,-0.66,0,1/6/1997
5883,179.3,179.3,179.3,179.3,0.28,0,0.16,0,1/5/1997
5884,179.02,179.02,179.02,179.02,-0.11,0,-0.06,0,1/2/1997
5885,179.13,179.13,179.13,179.13,0.26,0,0.15,0,1/1/1997
5886,178.87,178.87,178.87,178.87,0.45,0,0.25,0,12/31/1996
5887,178.42,178.42,178.42,178.42,-0.91,0,-0.51,0,12/30/1996
5888,179.33,179.33,179.33,179.33,-0.16,0,-0.09,0,12/26/1996
5889,179.49,179.49,179.49,179.49,0.03,0,0.02,0,12/25/1996
5890,179.46,179.46,179.46,179.46,0.39,0,0.22,0,12/24/1996
5891,179.07,179.07,179.07,179.07,-0.97,0,-0.54,0,12/23/1996
5892,180.04,180.04,180.04,180.04,1.06,0,0.59,0,12/22/1996
5893,178.98,178.98,178.98,178.98,0.18,0,0.10,0,12/19/1996
5894,178.8,178.8,178.8,178.8,0.08,0,0.04,0,12/18/1996
5895,178.72,178.72,178.72,178.72,-0.49,0,-0.27,0,12/17/1996
5896,179.21,179.21,179.21,179.21,0.14,0,0.08,0,12/16/1996
5897,179.07,179.07,179.07,179.07,1.62,0,0.91,0,12/15/1996
5898,177.45,177.45,177.45,177.45,0.11,0,0.06,0,12/12/1996
5899,177.34,177.34,177.34,177.34,-1.57,0,-0.88,0,12/11/1996
5900,178.91,178.91,178.91,178.91,0.24,0,0.13,0,12/10/1996
5901,178.67,178.67,178.67,178.67,-0.79,0,-0.44,0,12/9/1996
5902,179.46,179.46,179.46,179.46,0.6,0,0.34,0,12/8/1996
5903,178.86,178.86,178.86,178.86,-0.04,0,-0.02,0,12/5/1996
5904,178.9,178.9,178.9,178.9,0.08,0,0.04,0,12/4/1996
5905,178.82,178.82,178.82,178.82,0.77,0,0.43,0,12/3/1996
5906,178.05,178.05,178.05,178.05,-1.54,0,-0.86,0,12/2/1996
5907,179.59,179.59,179.59,179.59,1.46,0,0.82,0,12/1/1996
5908,178.13,178.13,178.13,178.13,0.16,0,0.09,0,11/28/1996
5909,177.97,177.97,177.97,177.97,-0.63,0,-0.35,0,11/27/1996
5910,178.6,178.6,178.6,178.6,0.46,0,0.26,0,11/26/1996
5911,178.14,178.14,178.14,178.14,-1.12,0,-0.62,0,11/25/1996
5912,179.26,179.26,179.26,179.26,0.66,0,0.37,0,11/24/1996
5913,178.6,178.6,178.6,178.6,0.59,0,0.33,0,11/21/1996
5914,178.01,178.01,178.01,178.01,-0.44,0,-0.25,0,11/20/1996
5915,178.45,178.45,178.45,178.45,-1.06,0,-0.59,0,11/19/1996
5916,179.51,179.51,179.51,179.51,-1.08,0,-0.60,0,11/18/1996
5917,180.59,180.59,180.59,180.59,0.3,0,0.17,0,11/17/1996
5918,180.29,180.29,180.29,180.29,-0.75,0,-0.41,0,11/14/1996
5919,181.04,181.04,181.04,181.04,0.45,0,0.25,0,11/13/1996
5920,180.59,180.59,180.59,180.59,-0.38,0,-0.21,0,11/7/1996
5921,180.97,180.97,180.97,180.97,0.38,0,0.21,0,11/6/1996
5922,180.59,180.59,180.59,180.59,0.23,0,0.13,0,11/5/1996
5923,180.36,180.36,180.36,180.36,-1.81,0,-0.99,0,11/4/1996
5924,182.17,182.17,182.17,182.17,0.85,0,0.47,0,11/3/1996
5925,181.32,181.32,181.32,181.32,-0.37,0,-0.20,0,10/31/1996
5926,181.69,181.69,181.69,181.69,-0.48,0,-0.26,0,10/30/1996
5927,182.17,182.17,182.17,182.17,0.08,0,0.04,0,10/29/1996
5928,182.09,182.09,182.09,182.09,-0.44,0,-0.24,0,10/28/1996
5929,182.53,182.53,182.53,182.53,0.78,0,0.43,0,10/27/1996
5930,181.75,181.75,181.75,181.75,0.11,0,0.06,0,10/17/1996
5931,181.64,181.64,181.64,181.64,-0.38,0,-0.21,0,10/16/1996
5932,182.02,182.02,182.02,182.02,0.44,0,0.24,0,10/15/1996
5933,181.58,181.58,181.58,181.58,-0.06,0,-0.03,0,10/14/1996
5934,181.64,181.64,181.64,181.64,0.68,0,0.38,0,10/10/1996
5935,180.96,180.96,180.96,180.96,-0.85,0,-0.47,0,10/9/1996
5936,181.81,181.81,181.81,181.81,0.61,0,0.34,0,10/8/1996
5937,181.2,181.2,181.2,181.2,1.88,0,1.05,0,10/7/1996
5938,179.32,179.32,179.32,179.32,0.7,0,0.39,0,10/6/1996
5939,178.62,178.62,178.62,178.62,0.68,0,0.38,0,10/3/1996
5940,177.94,177.94,177.94,177.94,-0.37,0,-0.21,0,10/2/1996
5941,178.31,178.31,178.31,178.31,-0.45,0,-0.25,0,10/1/1996
5942,178.76,178.76,178.76,178.76,-1.19,0,-0.66,0,9/30/1996
5943,179.95,179.95,179.95,179.95,0,0,0.00,0,9/29/1996
5944,179.95,179.95,179.95,179.95,-0.81,0,-0.45,0,9/25/1996
5945,180.76,180.76,180.76,180.76,0.04,0,0.02,0,9/24/1996
5946,180.72,180.72,180.72,180.72,-0.03,0,-0.02,0,9/23/1996
5947,180.75,180.75,180.75,180.75,0.02,0,0.01,0,9/22/1996
5948,180.73,180.73,180.73,180.73,0.26,0,0.14,0,9/19/1996
5949,180.47,180.47,180.47,180.47,-0.36,0,-0.20,0,9/18/1996
5950,180.83,180.83,180.83,180.83,-0.06,0,-0.03,0,9/17/1996
5951,180.89,180.89,180.89,180.89,-0.62,0,-0.34,0,9/16/1996
5952,181.51,181.51,181.51,181.51,-0.78,0,-0.43,0,9/15/1996
5953,182.29,182.29,182.29,182.29,-0.64,0,-0.35,0,9/12/1996
5954,182.93,182.93,182.93,182.93,-0.42,0,-0.23,0,9/11/1996
5955,183.35,183.35,183.35,183.35,-0.41,0,-0.22,0,9/10/1996
5956,183.76,183.76,183.76,183.76,-1.41,0,-0.76,0,9/9/1996
5957,185.17,185.17,185.17,185.17,0.25,0,0.14,0,9/8/1996
5958,184.92,184.92,184.92,184.92,-0.07,0,-0.04,0,9/5/1996
5959,184.99,184.99,184.99,184.99,-0.4,0,-0.22,0,9/3/1996
5960,185.39,185.39,185.39,185.39,-0.99,0,-0.53,0,9/2/1996
5961,186.38,186.38,186.38,186.38,0.63,0,0.34,0,9/1/1996
5962,185.75,185.75,185.75,185.75,-0.87,0,-0.47,0,8/27/1996
5963,186.62,186.62,186.62,186.62,1.75,0,0.95,0,8/26/1996
5964,184.87,184.87,184.87,184.87,-1.44,0,-0.77,0,8/25/1996
5965,186.31,186.31,186.31,186.31,-0.96,0,-0.51,0,8/22/1996
5966,187.27,187.27,187.27,187.27,1.46,0,0.79,0,8/21/1996
5967,185.81,185.81,185.81,185.81,-0.16,0,-0.09,0,8/20/1996
5968,185.97,185.97,185.97,185.97,-0.54,0,-0.29,0,8/19/1996
5969,186.51,186.51,186.51,186.51,1.46,0,0.79,0,8/18/1996
5970,185.05,185.05,185.05,185.05,-0.22,0,-0.12,0,8/15/1996
5971,185.27,185.27,185.27,185.27,-0.21,0,-0.11,0,8/14/1996
5972,185.48,185.48,185.48,185.48,0.47,0,0.25,0,8/13/1996
5973,185.01,185.01,185.01,185.01,-0.44,0,-0.24,0,8/12/1996
5974,185.45,185.45,185.45,185.45,2.12,0,1.16,0,8/11/1996
5975,183.33,183.33,183.33,183.33,1.19,0,0.65,0,8/8/1996
5976,182.14,182.14,182.14,182.14,-0.94,0,-0.51,0,8/7/1996
5977,183.08,183.08,183.08,183.08,-0.55,0,-0.30,0,8/6/1996
5978,183.63,183.63,183.63,183.63,-1.18,0,-0.64,0,8/5/1996
5979,184.81,184.81,184.81,184.81,1.15,0,0.63,0,8/4/1996
5980,183.66,183.66,183.66,183.66,1.47,0,0.81,0,8/1/1996
5981,182.19,182.19,182.19,182.19,-0.92,0,-0.50,0,7/31/1996
5982,183.11,183.11,183.11,183.11,0.58,0,0.32,0,7/30/1996
5983,182.53,182.53,182.53,182.53,-0.74,0,-0.40,0,7/29/1996
5984,183.27,183.27,183.27,183.27,0.01,0,0.01,0,7/28/1996
5985,183.26,183.26,183.26,183.26,0.4,0,0.22,0,7/25/1996
5986,182.86,182.86,182.86,182.86,0.41,0,0.22,0,7/24/1996
5987,182.45,182.45,182.45,182.45,-0.42,0,-0.23,0,7/23/1996
5988,182.87,182.87,182.87,182.87,-0.39,0,-0.21,0,7/22/1996
5989,183.26,183.26,183.26,183.26,0.21,0,0.11,0,7/21/1996
5990,183.05,183.05,183.05,183.05,-1.34,0,-0.73,0,7/18/1996
5991,184.39,184.39,184.39,184.39,-0.39,0,-0.21,0,7/17/1996
5992,184.78,184.78,184.78,184.78,-0.83,0,-0.45,0,7/16/1996
5993,185.61,185.61,185.61,185.61,0.92,0,0.50,0,7/15/1996
5994,184.69,184.69,184.69,184.69,2.2,0,1.21,0,7/14/1996
5995,182.49,182.49,182.49,182.49,0.03,0,0.02,0,7/11/1996
5996,182.46,182.46,182.46,182.46,0.44,0,0.24,0,7/10/1996
5997,182.02,182.02,182.02,182.02,0.57,0,0.31,0,7/9/1996
5998,181.45,181.45,181.45,181.45,-0.3,0,-0.17,0,7/8/1996
5999,181.75,181.75,181.75,181.75,-0.87,0,-0.48,0,7/7/1996
6000,182.62,182.62,182.62,182.62,-0.84,0,-0.46,0,7/4/1996
6001,183.46,183.46,183.46,183.46,-0.19,0,-0.10,0,7/3/1996
6002,183.65,183.65,183.65,183.65,-1.04,0,-0.56,0,7/2/1996
6003,184.69,184.69,184.69,184.69,-0.68,0,-0.37,0,7/1/1996
6004,185.37,185.37,185.37,185.37,-0.11,0,-0.06,0,6/30/1996
6005,185.48,185.48,185.48,185.48,-0.24,0,-0.13,0,6/27/1996
6006,185.72,185.72,185.72,185.72,0.88,0,0.48,0,6/26/1996
6007,184.84,184.84,184.84,184.84,2.63,0,1.44,0,6/25/1996
6008,182.21,182.21,182.21,182.21,0.07,0,0.04,0,6/24/1996
6009,182.14,182.14,182.14,182.14,-0.19,0,-0.10,0,6/23/1996
6010,182.33,182.33,182.33,182.33,-0.93,0,-0.51,0,6/20/1996
6011,183.26,183.26,183.26,183.26,0.53,0,0.29,0,6/19/1996
6012,182.73,182.73,182.73,182.73,0.56,0,0.31,0,6/18/1996
6013,182.17,182.17,182.17,182.17,0.6,0,0.33,0,6/17/1996
6014,181.57,181.57,181.57,181.57,1.23,0,0.68,0,6/16/1996
6015,180.34,180.34,180.34,180.34,0.43,0,0.24,0,6/13/1996
6016,179.91,179.91,179.91,179.91,0.65,0,0.36,0,6/12/1996
6017,179.26,179.26,179.26,179.26,0.58,0,0.32,0,6/11/1996
6018,178.68,178.68,178.68,178.68,0.46,0,0.26,0,6/10/1996
6019,178.22,178.22,178.22,178.22,0.38,0,0.21,0,6/9/1996
6020,177.84,177.84,177.84,177.84,0.61,0,0.34,0,6/6/1996
6021,177.23,177.23,177.23,177.23,0.28,0,0.16,0,6/5/1996
6022,176.95,176.95,176.95,176.95,-0.28,0,-0.16,0,6/4/1996
6023,177.23,177.23,177.23,177.23,0.58,0,0.33,0,6/3/1996
6024,176.65,176.65,176.65,176.65,-0.04,0,-0.02,0,6/2/1996
6025,176.69,176.69,176.69,176.69,0.4,0,0.23,0,5/30/1996
6026,176.29,176.29,176.29,176.29,-0.09,0,-0.05,0,5/29/1996
6027,176.38,176.38,176.38,176.38,0.42,0,0.24,0,5/28/1996
6028,175.96,175.96,175.96,175.96,-0.03,0,-0.02,0,5/27/1996
6029,175.99,175.99,175.99,175.99,1.01,0,0.58,0,5/26/1996
6030,174.98,174.98,174.98,174.98,-0.45,0,-0.26,0,5/22/1996
6031,175.43,175.43,175.43,175.43,-0.49,0,-0.28,0,5/21/1996
6032,175.92,175.92,175.92,175.92,0.16,0,0.09,0,5/20/1996
6033,175.76,175.76,175.76,175.76,-0.33,0,-0.19,0,5/19/1996
6034,176.09,176.09,176.09,176.09,0.33,0,0.19,0,5/16/1996
6035,175.76,175.76,175.76,175.76,-0.08,0,-0.05,0,5/15/1996
6036,175.84,175.84,175.84,175.84,0.06,0,0.03,0,5/14/1996
6037,175.78,175.78,175.78,175.78,-1.09,0,-0.62,0,5/13/1996
6038,176.87,176.87,176.87,176.87,-0.22,0,-0.12,0,5/12/1996
6039,177.09,177.09,177.09,177.09,-0.03,0,-0.02,0,5/9/1996
6040,177.12,177.12,177.12,177.12,-0.62,0,-0.35,0,5/8/1996
6041,177.74,177.74,177.74,177.74,0.31,0,0.17,0,5/7/1996
6042,177.43,177.43,177.43,177.43,-0.2,0,-0.11,0,5/6/1996
6043,177.63,177.63,177.63,177.63,-0.08,0,-0.05,0,5/5/1996
6044,177.71,177.71,177.71,177.71,-0.24,0,-0.13,0,5/2/1996
6045,177.95,177.95,177.95,177.95,-0.39,0,-0.22,0,5/1/1996
6046,178.34,178.34,178.34,178.34,-1.07,0,-0.60,0,4/30/1996
6047,179.41,179.41,179.41,179.41,0.04,0,0.02,0,4/29/1996
6048,179.37,179.37,179.37,179.37,-1.03,0,-0.57,0,4/28/1996
6049,180.4,180.4,180.4,180.4,-0.24,0,-0.13,0,4/25/1996
6050,180.64,180.64,180.64,180.64,-0.12,0,-0.07,0,4/24/1996
6051,180.76,180.76,180.76,180.76,-0.34,0,-0.19,0,4/23/1996
6052,181.1,181.1,181.1,181.1,-0.46,0,-0.25,0,4/22/1996
6053,181.56,181.56,181.56,181.56,-1.13,0,-0.62,0,4/21/1996
6054,182.69,182.69,182.69,182.69,-1.03,0,-0.56,0,4/18/1996
6055,183.72,183.72,183.72,183.72,0.27,0,0.15,0,4/17/1996
6056,183.45,183.45,183.45,183.45,-1.54,0,-0.83,0,4/16/1996
6057,184.99,184.99,184.99,184.99,-0.84,0,-0.45,0,4/15/1996
6058,185.83,185.83,185.83,185.83,-0.07,0,-0.04,0,4/14/1996
6059,185.9,185.9,185.9,185.9,-1,0,-0.54,0,4/11/1996
6060,186.9,186.9,186.9,186.9,0.28,0,0.15,0,4/10/1996
6061,186.62,186.62,186.62,186.62,-0.25,0,-0.13,0,4/9/1996
6062,186.87,186.87,186.87,186.87,-0.87,0,-0.46,0,4/8/1996
6063,187.74,187.74,187.74,187.74,-0.78,0,-0.41,0,4/7/1996
6064,188.52,188.52,188.52,188.52,-0.34,0,-0.18,0,4/4/1996
6065,188.86,188.86,188.86,188.86,-2.38,0,-1.24,0,4/3/1996
6066,191.24,191.24,191.24,191.24,-0.25,0,-0.13,0,4/1/1996
6067,191.49,191.49,191.49,191.49,-0.5,0,-0.26,0,3/31/1996
6068,191.99,191.99,191.99,191.99,0,0,0.00,0,3/27/1996
6069,191.99,191.99,191.99,191.99,-0.79,0,-0.41,0,3/26/1996
6070,192.78,192.78,192.78,192.78,-0.79,0,-0.41,0,3/25/1996
6071,193.57,193.57,193.57,193.57,-0.28,0,-0.14,0,3/24/1996
6072,193.85,193.85,193.85,193.85,-0.39,0,-0.20,0,3/21/1996
6073,194.24,194.24,194.24,194.24,0.21,0,0.11,0,3/20/1996
6074,194.03,194.03,194.03,194.03,0.26,0,0.13,0,3/18/1996
6075,193.77,193.77,193.77,193.77,-0.09,0,-0.05,0,3/17/1996
6076,193.86,193.86,193.86,193.86,0.22,0,0.11,0,3/14/1996
6077,193.64,193.64,193.64,193.64,-0.46,0,-0.24,0,3/13/1996
6078,194.1,194.1,194.1,194.1,0.1,0,0.05,0,3/12/1996
6079,194,194,194,194,-0.15,0,-0.08,0,3/11/1996
6080,194.15,194.15,194.15,194.15,0.22,0,0.11,0,3/10/1996
6081,193.93,193.93,193.93,193.93,-0.59,0,-0.30,0,3/7/1996
6082,194.52,194.52,194.52,194.52,-0.53,0,-0.27,0,3/6/1996
6083,195.05,195.05,195.05,195.05,0.31,0,0.16,0,3/5/1996
6084,194.74,194.74,194.74,194.74,-0.64,0,-0.33,0,3/3/1996
6085,195.38,195.38,195.38,195.38,-0.05,0,-0.03,0,2/29/1996
6086,195.43,195.43,195.43,195.43,0.06,0,0.03,0,2/28/1996
6087,195.37,195.37,195.37,195.37,-0.08,0,-0.04,0,2/27/1996
6088,195.45,195.45,195.45,195.45,0.24,0,0.12,0,2/26/1996
6089,195.21,195.21,195.21,195.21,-0.77,0,-0.39,0,2/25/1996
6090,195.98,195.98,195.98,195.98,0.18,0,0.09,0,2/22/1996
6091,195.8,195.8,195.8,195.8,0.34,0,0.17,0,2/21/1996
6092,195.46,195.46,195.46,195.46,0.7,0,0.36,0,2/20/1996
6093,194.76,194.76,194.76,194.76,0.63,0,0.32,0,2/18/1996
6094,194.13,194.13,194.13,194.13,-0.46,0,-0.24,0,2/15/1996
6095,194.59,194.59,194.59,194.59,-0.95,0,-0.49,0,2/14/1996
6096,195.54,195.54,195.54,195.54,0.12,0,0.06,0,2/13/1996
6097,195.42,195.42,195.42,195.42,0.16,0,0.08,0,2/12/1996
6098,195.26,195.26,195.26,195.26,-0.06,0,-0.03,0,2/11/1996
6099,195.32,195.32,195.32,195.32,-4.56,0,-2.28,0,2/8/1996
6100,199.88,199.88,199.88,199.88,-0.07,0,-0.04,0,2/7/1996
6101,199.95,199.95,199.95,199.95,0.18,0,0.09,0,2/6/1996
6102,199.77,199.77,199.77,199.77,-0.53,0,-0.26,0,2/5/1996
6103,200.3,200.3,200.3,200.3,-0.77,0,-0.38,0,2/4/1996
6104,201.07,201.07,201.07,201.07,-1.21,0,-0.60,0,2/1/1996
6105,202.28,202.28,202.28,202.28,-0.63,0,-0.31,0,1/31/1996
6106,202.91,202.91,202.91,202.91,-0.97,0,-0.48,0,1/29/1996
6107,203.88,203.88,203.88,203.88,0.39,0,0.19,0,1/28/1996
6108,203.49,203.49,203.49,203.49,-0.98,0,-0.48,0,1/24/1996
6109,204.47,204.47,204.47,204.47,-0.13,0,-0.06,0,1/23/1996
6110,204.6,204.6,204.6,204.6,-0.62,0,-0.30,0,1/22/1996
6111,205.22,205.22,205.22,205.22,-0.76,0,-0.37,0,1/21/1996
6112,205.98,205.98,205.98,205.98,-0.15,0,-0.07,0,1/18/1996
6113,206.13,206.13,206.13,206.13,0.3,0,0.15,0,1/17/1996
6114,205.83,205.83,205.83,205.83,-0.32,0,-0.16,0,1/16/1996
6115,206.15,206.15,206.15,206.15,-0.38,0,-0.18,0,1/15/1996
6116,206.53,206.53,206.53,206.53,-0.65,0,-0.31,0,1/14/1996
6117,207.18,207.18,207.18,207.18,0.95,0,0.46,0,1/10/1996
6118,206.23,206.23,206.23,206.23,-2.11,0,-1.01,0,1/9/1996
6119,208.34,208.34,208.34,208.34,0.66,0,0.32,0,1/8/1996
6120,207.68,207.68,207.68,207.68,-0.4,0,-0.19,0,1/7/1996
6121,208.08,208.08,208.08,208.08,-0.2,0,-0.10,0,1/4/1996
6122,208.28,208.28,208.28,208.28,-0.11,0,-0.05,0,1/3/1996
6123,208.39,208.39,208.39,208.39,2.49,0,1.21,0,1/2/1996
6124,205.9,205.9,205.9,205.9,0.96,0,0.47,0,1/1/1996
6125,204.94,204.94,204.94,204.94,1.85,0,0.91,0,12/31/1995
6126,203.09,203.09,203.09,203.09,-0.42,0,-0.21,0,12/27/1995
6127,203.51,203.51,203.51,203.51,-0.54,0,-0.26,0,12/26/1995
6128,204.05,204.05,204.05,204.05,0.11,0,0.05,0,12/25/1995
6129,203.94,203.94,203.94,203.94,-0.62,0,-0.30,0,12/24/1995
6130,204.56,204.56,204.56,204.56,-2.04,0,-0.99,0,12/21/1995
6131,206.6,206.6,206.6,206.6,1.03,0,0.50,0,12/20/1995
6132,205.57,205.57,205.57,205.57,-0.07,0,-0.03,0,12/19/1995
6133,205.64,205.64,205.64,205.64,0.34,0,0.17,0,12/18/1995
6134,205.3,205.3,205.3,205.3,0.1,0,0.05,0,12/17/1995
6135,205.2,205.2,205.2,205.2,-1.37,0,-0.66,0,12/14/1995
6136,206.57,206.57,206.57,206.57,0.31,0,0.15,0,12/13/1995
6137,206.26,206.26,206.26,206.26,-3.13,0,-1.49,0,12/12/1995
6138,209.39,209.39,209.39,209.39,0.59,0,0.28,0,12/11/1995
6139,208.8,208.8,208.8,208.8,-2.08,0,-0.99,0,12/10/1995
6140,210.88,210.88,210.88,210.88,0.22,0,0.10,0,12/7/1995
6141,210.66,210.66,210.66,210.66,1.52,0,0.73,0,12/6/1995
6142,209.14,209.14,209.14,209.14,1.76,0,0.85,0,12/5/1995
6143,207.38,207.38,207.38,207.38,-0.24,0,-0.12,0,12/4/1995
6144,207.62,207.62,207.62,207.62,-0.56,0,-0.27,0,12/3/1995
6145,208.18,208.18,208.18,208.18,0.12,0,0.06,0,11/30/1995
6146,208.06,208.06,208.06,208.06,-0.12,0,-0.06,0,11/29/1995
6147,208.18,208.18,208.18,208.18,0.02,0,0.01,0,11/28/1995
6148,208.16,208.16,208.16,208.16,-0.42,0,-0.20,0,11/27/1995
6149,208.58,208.58,208.58,208.58,-0.37,0,-0.18,0,11/26/1995
6150,208.95,208.95,208.95,208.95,-0.16,0,-0.08,0,11/23/1995
6151,209.11,209.11,209.11,209.11,0.45,0,0.22,0,11/22/1995
6152,208.66,208.66,208.66,208.66,0.68,0,0.33,0,11/21/1995
6153,207.98,207.98,207.98,207.98,-0.21,0,-0.10,0,11/20/1995
6154,208.19,208.19,208.19,208.19,-0.16,0,-0.08,0,11/19/1995
6155,208.35,208.35,208.35,208.35,-0.79,0,-0.38,0,11/16/1995
6156,209.14,209.14,209.14,209.14,-0.86,0,-0.41,0,11/15/1995
6157,210,210,210,210,-0.29,0,-0.14,0,11/14/1995
6158,210.29,210.29,210.29,210.29,-0.85,0,-0.40,0,11/13/1995
6159,211.14,211.14,211.14,211.14,0.37,0,0.18,0,11/12/1995
6160,210.77,210.77,210.77,210.77,-1,0,-0.47,0,11/8/1995
6161,211.77,211.77,211.77,211.77,0.08,0,0.04,0,11/7/1995
6162,211.69,211.69,211.69,211.69,5.64,0,2.74,0,11/6/1995
6163,206.05,206.05,206.05,206.05,-2.89,0,-1.38,0,11/5/1995
6164,208.94,208.94,208.94,208.94,-0.02,0,-0.01,0,11/2/1995
6165,208.96,208.96,208.96,208.96,-0.42,0,-0.20,0,11/1/1995
6166,209.38,209.38,209.38,209.38,1.11,0,0.53,0,10/31/1995
6167,208.27,208.27,208.27,208.27,-0.2,0,-0.10,0,10/30/1995
6168,208.47,208.47,208.47,208.47,-0.82,0,-0.39,0,10/29/1995
6169,209.29,209.29,209.29,209.29,0.82,0,0.39,0,10/26/1995
6170,208.47,208.47,208.47,208.47,-0.58,0,-0.28,0,10/22/1995
6171,209.05,209.05,209.05,209.05,1.62,0,0.78,0,10/19/1995
6172,207.43,207.43,207.43,207.43,2.28,0,1.11,0,10/18/1995
6173,205.15,205.15,205.15,205.15,2.6,0,1.28,0,10/17/1995
6174,202.55,202.55,202.55,202.55,1.85,0,0.92,0,10/16/1995
6175,200.7,200.7,200.7,200.7,2.57,0,1.30,0,10/15/1995
6176,198.13,198.13,198.13,198.13,0.27,0,0.14,0,10/12/1995
6177,197.86,197.86,197.86,197.86,0.35,0,0.18,0,10/11/1995
6178,197.51,197.51,197.51,197.51,0.29,0,0.15,0,10/10/1995
6179,197.22,197.22,197.22,197.22,-0.57,0,-0.29,0,10/9/1995
6180,197.79,197.79,197.79,197.79,-0.24,0,-0.12,0,10/8/1995
6181,198.03,198.03,198.03,198.03,0.17,0,0.09,0,9/28/1995
6182,197.86,197.86,197.86,197.86,-0.72,0,-0.36,0,9/27/1995
6183,198.58,198.58,198.58,198.58,1.1,0,0.56,0,9/26/1995
6184,197.48,197.48,197.48,197.48,0.5,0,0.25,0,9/24/1995
6185,196.98,196.98,196.98,196.98,1.37,0,0.70,0,9/21/1995
6186,195.61,195.61,195.61,195.61,1.15,0,0.59,0,9/20/1995
6187,194.46,194.46,194.46,194.46,0.93,0,0.48,0,9/19/1995
6188,193.53,193.53,193.53,193.53,1.1,0,0.57,0,9/18/1995
6189,192.43,192.43,192.43,192.43,0.4,0,0.21,0,9/17/1995
6190,192.03,192.03,192.03,192.03,0.82,0,0.43,0,9/14/1995
6191,191.21,191.21,191.21,191.21,-0.32,0,-0.17,0,9/13/1995
6192,191.53,191.53,191.53,191.53,1.01,0,0.53,0,9/12/1995
6193,190.52,190.52,190.52,190.52,3.48,0,1.86,0,9/11/1995
6194,187.04,187.04,187.04,187.04,0.54,0,0.29,0,9/10/1995
6195,186.5,186.5,186.5,186.5,0.65,0,0.35,0,9/7/1995
6196,185.85,185.85,185.85,185.85,-0.26,0,-0.14,0,9/6/1995
6197,186.11,186.11,186.11,186.11,-0.86,0,-0.46,0,9/5/1995
6198,186.97,186.97,186.97,186.97,0.53,0,0.28,0,9/4/1995
6199,186.44,186.44,186.44,186.44,-0.56,0,-0.30,0,9/3/1995
6200,187,187,187,187,-0.41,0,-0.22,0,8/31/1995
6201,187.41,187.41,187.41,187.41,0.29,0,0.15,0,8/30/1995
6202,187.12,187.12,187.12,187.12,-0.3,0,-0.16,0,8/28/1995
6203,187.42,187.42,187.42,187.42,0.43,0,0.23,0,8/27/1995
6204,186.99,186.99,186.99,186.99,-2.27,0,-1.20,0,8/24/1995
6205,189.26,189.26,189.26,189.26,-0.16,0,-0.08,0,8/23/1995
6206,189.42,189.42,189.42,189.42,0.14,0,0.07,0,8/22/1995
6207,189.28,189.28,189.28,189.28,-0.46,0,-0.24,0,8/21/1995
6208,189.74,189.74,189.74,189.74,0.14,0,0.07,0,8/20/1995
6209,189.6,189.6,189.6,189.6,-0.68,0,-0.36,0,8/16/1995
6210,190.28,190.28,190.28,190.28,-0.28,0,-0.15,0,8/15/1995
6211,190.56,190.56,190.56,190.56,-2.86,0,-1.48,0,8/14/1995
6212,193.42,193.42,193.42,193.42,0.85,0,0.44,0,8/13/1995
6213,192.57,192.57,192.57,192.57,1.16,0,0.61,0,8/9/1995
6214,191.41,191.41,191.41,191.41,0.02,0,0.01,0,8/8/1995
6215,191.39,191.39,191.39,191.39,-0.4,0,-0.21,0,8/7/1995
6216,191.79,191.79,191.79,191.79,-1.19,0,-0.62,0,8/6/1995
6217,192.98,192.98,192.98,192.98,0.56,0,0.29,0,8/3/1995
6218,192.42,192.42,192.42,192.42,-0.16,0,-0.08,0,8/2/1995
6219,192.58,192.58,192.58,192.58,-0.3,0,-0.16,0,8/1/1995
6220,192.88,192.88,192.88,192.88,0.41,0,0.21,0,7/31/1995
6221,192.47,192.47,192.47,192.47,0.21,0,0.11,0,7/30/1995
6222,192.26,192.26,192.26,192.26,1.71,0,0.90,0,7/27/1995
6223,190.55,190.55,190.55,190.55,-0.18,0,-0.09,0,7/26/1995
6224,190.73,190.73,190.73,190.73,-0.81,0,-0.42,0,7/25/1995
6225,191.54,191.54,191.54,191.54,-2.85,0,-1.47,0,7/24/1995
6226,194.39,194.39,194.39,194.39,-0.88,0,-0.45,0,7/23/1995
6227,195.27,195.27,195.27,195.27,0.58,0,0.30,0,7/20/1995
6228,194.69,194.69,194.69,194.69,0.12,0,0.06,0,7/19/1995
6229,194.57,194.57,194.57,194.57,0.59,0,0.30,0,7/17/1995
6230,193.98,193.98,193.98,193.98,0.73,0,0.38,0,7/16/1995
6231,193.25,193.25,193.25,193.25,1.01,0,0.53,0,7/13/1995
6232,192.24,192.24,192.24,192.24,0.98,0,0.51,0,7/12/1995
6233,191.26,191.26,191.26,191.26,0.44,0,0.23,0,7/11/1995
6234,190.82,190.82,190.82,190.82,-1.21,0,-0.63,0,7/10/1995
6235,192.03,192.03,192.03,192.03,1.21,0,0.63,0,7/9/1995
6236,190.82,190.82,190.82,190.82,0.13,0,0.07,0,7/6/1995
6237,190.69,190.69,190.69,190.69,0.56,0,0.29,0,7/5/1995
6238,190.13,190.13,190.13,190.13,0.18,0,0.09,0,7/4/1995
6239,189.95,189.95,189.95,189.95,1.14,0,0.60,0,7/3/1995
6240,188.81,188.81,188.81,188.81,0.2,0,0.11,0,7/2/1995
6241,188.61,188.61,188.61,188.61,-0.91,0,-0.48,0,6/28/1995
6242,189.52,189.52,189.52,189.52,0.14,0,0.07,0,6/27/1995
6243,189.38,189.38,189.38,189.38,-1.21,0,-0.63,0,6/26/1995
6244,190.59,190.59,190.59,190.59,0.36,0,0.19,0,6/25/1995
6245,190.23,190.23,190.23,190.23,-0.62,0,-0.32,0,6/22/1995
6246,190.85,190.85,190.85,190.85,-0.98,0,-0.51,0,6/21/1995
6247,191.83,191.83,191.83,191.83,-1.2,0,-0.62,0,6/20/1995
6248,193.03,193.03,193.03,193.03,-0.62,0,-0.32,0,6/19/1995
6249,193.65,193.65,193.65,193.65,-0.19,0,-0.10,0,6/18/1995
6250,193.84,193.84,193.84,193.84,-0.21,0,-0.11,0,6/15/1995
6251,194.05,194.05,194.05,194.05,0.29,0,0.15,0,6/14/1995
6252,193.76,193.76,193.76,193.76,0.1,0,0.05,0,6/13/1995
6253,193.66,193.66,193.66,193.66,2.64,0,1.38,0,6/12/1995
6254,191.02,191.02,191.02,191.02,-0.16,0,-0.08,0,6/11/1995
6255,191.18,191.18,191.18,191.18,8.92,0,4.89,0,6/8/1995
6256,182.26,182.26,182.26,182.26,-7.3,0,-3.85,0,6/7/1995
6257,189.56,189.56,189.56,189.56,-1.1,0,-0.58,0,6/6/1995
6258,190.66,190.66,190.66,190.66,-0.88,0,-0.46,0,6/5/1995
6259,191.54,191.54,191.54,191.54,-0.02,0,-0.01,0,6/4/1995
6260,191.56,191.56,191.56,191.56,-0.29,0,-0.15,0,6/1/1995
6261,191.85,191.85,191.85,191.85,1.34,0,0.70,0,5/31/1995
6262,190.51,190.51,190.51,190.51,-0.42,0,-0.22,0,5/30/1995
6263,190.93,190.93,190.93,190.93,-0.36,0,-0.19,0,5/29/1995
6264,191.29,191.29,191.29,191.29,-1.12,0,-0.58,0,5/28/1995
6265,192.41,192.41,192.41,192.41,-0.3,0,-0.16,0,5/24/1995
6266,192.71,192.71,192.71,192.71,0.37,0,0.19,0,5/23/1995
6267,192.34,192.34,192.34,192.34,0.45,0,0.23,0,5/22/1995
6268,191.89,191.89,191.89,191.89,-1.28,0,-0.66,0,5/21/1995
6269,193.17,193.17,193.17,193.17,0.22,0,0.11,0,5/18/1995
6270,192.95,192.95,192.95,192.95,-1.15,0,-0.59,0,5/17/1995
6271,194.1,194.1,194.1,194.1,0.07,0,0.04,0,5/16/1995
6272,194.03,194.03,194.03,194.03,-0.6,0,-0.31,0,5/15/1995
6273,194.63,194.63,194.63,194.63,-0.36,0,-0.18,0,5/11/1995
6274,194.99,194.99,194.99,194.99,-0.42,0,-0.21,0,5/10/1995
6275,195.41,195.41,195.41,195.41,-2.05,0,-1.04,0,5/9/1995
6276,197.46,197.46,197.46,197.46,-1.29,0,-0.65,0,5/8/1995
6277,198.75,198.75,198.75,198.75,1.59,0,0.81,0,5/7/1995
6278,197.16,197.16,197.16,197.16,0.25,0,0.13,0,5/3/1995
6279,196.91,196.91,196.91,196.91,-0.55,0,-0.28,0,5/2/1995
6280,197.46,197.46,197.46,197.46,-1.29,0,-0.65,0,5/1/1995
6281,198.75,198.75,198.75,198.75,-2.04,0,-1.02,0,4/30/1995
6282,200.79,200.79,200.79,200.79,1.36,0,0.68,0,4/27/1995
6283,199.43,199.43,199.43,199.43,-0.51,0,-0.26,0,4/26/1995
6284,199.94,199.94,199.94,199.94,-2.11,0,-1.04,0,4/25/1995
6285,202.05,202.05,202.05,202.05,-1.7,0,-0.83,0,4/24/1995
6286,203.75,203.75,203.75,203.75,1.09,0,0.54,0,4/20/1995
6287,202.66,202.66,202.66,202.66,-0.22,0,-0.11,0,4/19/1995
6288,202.88,202.88,202.88,202.88,-0.9,0,-0.44,0,4/18/1995
6289,203.78,203.78,203.78,203.78,-0.21,0,-0.10,0,4/17/1995
6290,203.99,203.99,203.99,203.99,-0.68,0,-0.33,0,4/16/1995
6291,204.67,204.67,204.67,204.67,-0.83,0,-0.40,0,4/13/1995
6292,205.5,205.5,205.5,205.5,-0.04,0,-0.02,0,4/12/1995
6293,205.54,205.54,205.54,205.54,1.11,0,0.54,0,4/11/1995
6294,204.43,204.43,204.43,204.43,-0.74,0,-0.36,0,4/10/1995
6295,205.17,205.17,205.17,205.17,0.44,0,0.21,0,4/6/1995
6296,204.73,204.73,204.73,204.73,6.82,0,3.45,0,4/5/1995
6297,197.91,197.91,197.91,197.91,1.48,0,0.75,0,4/4/1995
6298,196.43,196.43,196.43,196.43,0.86,0,0.44,0,4/3/1995
6299,195.57,195.57,195.57,195.57,-0.88,0,-0.45,0,4/2/1995
6300,196.45,196.45,196.45,196.45,-0.89,0,-0.45,0,3/29/1995
6301,197.34,197.34,197.34,197.34,-1.11,0,-0.56,0,3/28/1995
6302,198.45,198.45,198.45,198.45,-0.16,0,-0.08,0,3/27/1995
6303,198.61,198.61,198.61,198.61,-0.22,0,-0.11,0,3/26/1995
6304,198.83,198.83,198.83,198.83,0.92,0,0.46,0,3/23/1995
6305,197.91,197.91,197.91,197.91,1.95,0,1.00,0,3/22/1995
6306,195.96,195.96,195.96,195.96,-0.89,0,-0.45,0,3/21/1995
6307,196.85,196.85,196.85,196.85,1.19,0,0.61,0,3/20/1995
6308,195.66,195.66,195.66,195.66,1.47,0,0.76,0,3/19/1995
6309,194.19,194.19,194.19,194.19,2.52,0,1.31,0,3/15/1995
6310,191.67,191.67,191.67,191.67,2.83,0,1.50,0,3/14/1995
6311,188.84,188.84,188.84,188.84,3.44,0,1.86,0,3/12/1995
6312,185.4,185.4,185.4,185.4,0.3,0,0.16,0,3/9/1995
6313,185.1,185.1,185.1,185.1,0.14,0,0.08,0,3/8/1995
6314,184.96,184.96,184.96,184.96,-1.01,0,-0.54,0,3/7/1995
6315,185.97,185.97,185.97,185.97,0.13,0,0.07,0,3/6/1995
6316,185.84,185.84,185.84,185.84,-1.32,0,-0.71,0,3/5/1995
6317,187.16,187.16,187.16,187.16,-3.18,0,-1.67,0,3/2/1995
6318,190.34,190.34,190.34,190.34,-2.89,0,-1.50,0,3/1/1995
6319,193.23,193.23,193.23,193.23,0.15,0,0.08,0,2/28/1995
6320,193.08,193.08,193.08,193.08,-4.61,0,-2.33,0,2/26/1995
6321,197.69,197.69,197.69,197.69,-2.92,0,-1.46,0,2/23/1995
6322,200.61,200.61,200.61,200.61,2.15,0,1.08,0,2/22/1995
6323,198.46,198.46,198.46,198.46,-2.15,0,-1.07,0,2/21/1995
6324,200.61,200.61,200.61,200.61,-1.7,0,-0.84,0,2/20/1995
6325,202.31,202.31,202.31,202.31,-1.06,0,-0.52,0,2/16/1995
6326,203.37,203.37,203.37,203.37,-1.57,0,-0.77,0,2/15/1995
6327,204.94,204.94,204.94,204.94,-0.71,0,-0.35,0,2/14/1995
6328,205.65,205.65,205.65,205.65,0.48,0,0.23,0,2/13/1995
6329,205.17,205.17,205.17,205.17,-2.13,0,-1.03,0,2/12/1995
6330,207.3,207.3,207.3,207.3,0.34,0,0.16,0,2/9/1995
6331,206.96,206.96,206.96,206.96,0.29,0,0.14,0,2/8/1995
6332,206.67,206.67,206.67,206.67,-0.63,0,-0.30,0,2/7/1995
6333,207.3,207.3,207.3,207.3,0.11,0,0.05,0,2/6/1995
6334,207.19,207.19,207.19,207.19,-0.43,0,-0.21,0,2/5/1995
6335,207.62,207.62,207.62,207.62,-1,0,-0.48,0,2/2/1995
6336,208.62,208.62,208.62,208.62,1.45,0,0.70,0,2/1/1995
6337,207.17,207.17,207.17,207.17,-0.63,0,-0.30,0,1/31/1995
6338,207.8,207.8,207.8,207.8,-4.74,0,-2.23,0,1/29/1995
6339,212.54,212.54,212.54,212.54,-1.33,0,-0.62,0,1/26/1995
6340,213.87,213.87,213.87,213.87,12.37,0,6.14,0,1/25/1995
6341,201.5,201.5,201.5,201.5,0.89,0,0.44,0,1/24/1995
