Date,numTrans,tradedShares,amount,Close,Change,Percentage change,outcome
4/15/2010,606,133770,44884583,449.38,5.84,1.32,1
4/19/2010,717,59742,25226492,441.98,-4.07,-0.91,0
4/20/2010,781,66898,23117774,438.64,-3.34,-0.76,0
4/21/2010,897,82428,38263656,426.42,-12.22,-2.79,0
4/22/2010,864,59944,21506607,426.57,0.15,0.04,1
4/25/2010,967,273420,47599637,423.41,-3.16,-0.74,0
4/26/2010,940,78015,28893627,415.47,-7.94,-1.88,0
4/27/2010,727,80000,26160916,408.19,-7.28,-1.75,0
4/28/2010,622,62536,19701702,405.45,-2.74,-0.67,0
4/29/2010,693,79301,20320180,419.03,13.58,3.35,1
5/9/2010,615,30536,9638250,413.98,-5.05,-1.21,0
5/10/2010,652,46122,13962044,418.77,4.79,1.16,1
5/11/2010,637,41002,20022946,429.59,10.82,2.58,1
5/12/2010,726,118060,34849795,448.98,19.39,4.51,1
5/13/2010,960,119642,51019223,456.04,7.06,1.57,1
5/16/2010,774,60665,25323611,440.49,-15.55,-3.41,0
5/17/2010,564,40996,17213142,440.34,-0.15,-0.03,0
5/18/2010,691,76189,34944223,448.29,7.95,1.81,1
5/19/2010,531,51352,25147806,453.84,5.55,1.24,1
5/20/2010,838,60419,27025162,461.94,8.1,1.78,1
5/23/2010,708,67931,34259547,462.57,0.63,0.14,1
5/24/2010,704,51560,21045707,462.63,0.06,0.01,1
5/25/2010,963,106609,44446931,482.44,19.81,4.28,1
5/26/2010,1093,130196,47193583,478.97,-3.47,-0.72,0
5/30/2010,536,373994,122968184,506.35,27.38,5.72,1
5/31/2010,1284,191569,83321432,490.08,-16.27,-3.21,0
6/1/2010,1013,155997,67687525,479.98,-10.1,-2.06,0
6/2/2010,870,55007,24578374,480.48,0.5,0.1,1
6/3/2010,957,104981,49533047,481.69,1.21,0.25,1
6/6/2010,1254,69102,28235927,478.29,-3.4,-0.71,0
6/7/2010,992,446878,78075402,478.49,0.2,0.04,1
6/8/2010,1187,258338,54067527,482.76,4.27,0.89,1
6/9/2010,1022,80780,35157848,486.6,3.84,0.8,1
6/10/2010,1342,108128,50185342,484.78,-1.82,-0.37,0
6/13/2010,1077,93340,46633389,482.12,-2.66,-0.55,0
6/14/2010,1027,67753,24319594,476.69,-5.43,-1.13,0
6/15/2010,1026,59699,20551924,476,-0.69,-0.14,0
6/16/2010,712,42900,17260816,475.15,-0.85,-0.18,0
6/17/2010,732,45833,18159291,474.63,-0.52,-0.11,0
6/20/2010,855,50165,18561830,474.99,0.36,0.08,1
6/21/2010,843,158539,45721365,468.61,-6.38,-1.34,0
6/22/2010,1064,63245,22878657,470.72,2.11,0.45,1
6/23/2010,1199,84734,28416190,467.6,-3.12,-0.66,0
6/24/2010,1197,72023,28041387,463.51,-4.09,-0.87,0
6/28/2010,737,40394,16889806,459.79,-3.72,-0.8,0
6/29/2010,1093,70044,26964971,455.69,-4.1,-0.89,0
6/30/2010,874,53708,21264685,455.75,0.06,0.01,1
7/1/2010,994,127367,43930974,470.1,14.35,3.15,1
7/4/2010,963,58768,26545370,464.69,-5.41,-1.15,0
7/5/2010,863,58361,24812950,460.7,-3.99,-0.86,0
7/6/2010,589,39627,21206989,463.24,2.54,0.55,1
7/7/2010,900,66985,33201842,461.87,-1.37,-0.3,0
7/8/2010,830,87206,36006368,459.52,-2.35,-0.51,0
7/11/2010,688,67157,25346364,457.78,-1.74,-0.38,0
7/12/2010,702,152820,46173652,461.62,3.84,0.84,1
7/13/2010,601,67059,18285609,464.54,2.92,0.63,1
7/14/2010,614,46801,22087717,467.1,2.56,0.55,1
7/15/2010,478,61183,23073963,477.73,10.63,2.28,1
7/18/2010,579,42942,13118556,468.18,-9.55,-2,0
7/19/2010,593,65384,22220666,466.3,-1.88,-0.4,0
7/20/2010,778,49568,30012957,468.86,2.56,0.55,1
7/21/2010,813,65995,35052715,471.14,2.28,0.49,1
7/22/2010,1031,54750,27669318,469.34,-1.8,-0.38,0
7/25/2010,965,53576,19511623,463.96,-5.38,-1.15,0
7/26/2010,729,93423,28054638,461.65,-2.31,-0.5,0
7/27/2010,715,71045,26578156,460.55,-1.1,-0.24,0
7/28/2010,737,100582,32913477,459.79,-0.76,-0.17,0
7/29/2010,919,114451,30422250,461.63,1.84,0.4,1
8/1/2010,1115,62161,26058292,462.48,0.85,0.18,1
8/2/2010,1164,131068,37215315,460.2,-2.28,-0.49,0
8/3/2010,912,54499,18746474,460.02,-0.18,-0.04,0
8/4/2010,868,63440,22255066,460.89,0.87,0.19,1
8/5/2010,1160,99789,43211422,458.86,-2.03,-0.44,0
8/8/2010,917,44579,20704229,460.22,1.36,0.3,1
8/9/2010,680,61818,20048930,457.36,-2.86,-0.62,0
8/10/2010,1009,66210,31284266,455.71,-1.65,-0.36,0
8/11/2010,1032,73111,48774282,456.17,0.46,0.1,1
8/12/2010,1372,72584,29571772,454.68,-1.49,-0.33,0
8/15/2010,825,46348,21855178,454.24,-0.44,-0.1,0
8/16/2010,798,41621,20267642,453.4,-0.84,-0.18,0
8/17/2010,901,56682,33122057,447.17,-6.23,-1.37,0
8/18/2010,1069,60140,26638116,442.74,-4.43,-0.99,0
8/19/2010,948,761500,58002433,442.05,-0.69,-0.16,0
8/22/2010,719,62926,30192896,431.15,-10.9,-2.47,0
8/23/2010,991,74753,33233525,432.39,1.24,0.29,1
8/26/2010,829,72854,23131462,432.74,0.35,0.08,1
8/29/2010,1046,118200,30262337,429.01,-3.73,-0.86,0
8/30/2010,954,57402,24082220,426.74,-2.27,-0.53,0
8/31/2010,983,64538,23815378,421.16,-5.58,-1.31,0
9/2/2010,678,63033,24154769,420.41,-0.75,-0.18,0
9/5/2010,840,105175,33622254,408.64,-11.77,-2.8,0
9/6/2010,780,73198,34154728,412.32,3.68,0.9,1
9/7/2010,944,78011,30082556,416.26,3.94,0.96,1
9/8/2010,857,90111,36151190,420.25,3.99,0.96,1
9/9/2010,1180,106305,47609982,414.36,-5.89,-1.4,0
9/12/2010,921,83702,34878278,413.32,-1.04,-0.25,0
9/13/2010,841,90237,28964933,410.65,-2.67,-0.65,0
9/14/2010,844,120316,32962690,410.29,-0.36,-0.09,0
9/15/2010,761,80670,22452424,407.2,-3.09,-0.75,0
9/16/2010,805,73101,23467935,404.08,-3.12,-0.77,0
9/19/2010,999,75380,27511691,402.25,-1.83,-0.45,0
9/20/2010,1052,84322,75610182,400.38,-1.87,-0.46,0
9/21/2010,954,64123,28922726,403.95,3.57,0.89,1
9/23/2010,1158,316560,88247074,404.41,0.46,0.11,1
9/26/2010,1101,88976,34357925,405.73,1.32,0.33,1
9/27/2010,1214,73288,20832087,405.45,-0.28,-0.07,0
9/28/2010,1131,69493,21031294,403.54,-1.91,-0.47,0
9/29/2010,958,470998,102732390,402.77,-0.77,-0.19,0
9/30/2010,1351,73127,25153617,402.54,-0.23,-0.06,0
10/3/2010,1263,87421,26178690,402.15,-0.39,-0.1,0
10/5/2010,1015,71633,20729594,404.49,0.79,0.2,1
10/6/2010,1157,121129,32174602,406.49,2,0.49,1
10/7/2010,1586,77327,19141265,411.82,5.33,1.31,1
10/10/2010,1407,65292,17962393,416.86,5.04,1.22,1
10/11/2010,1037,62808,18672928,418.16,1.3,0.31,1
10/12/2010,886,141890,38229194,420.44,2.28,0.55,1
10/13/2010,270,21707,6744921,420.3,-0.14,-0.03,0
10/20/2010,466,16837,4435003,421.49,1.19,0.28,1
10/21/2010,862,36833,10088979,420.54,-0.95,-0.23,0
10/24/2010,997,52121,19784968,425.57,5.03,1.2,1
10/25/2010,1132,48111,16379897,426.48,0.91,0.21,1
10/26/2010,1061,57445,23115718,425.04,-1.44,-0.34,0
10/27/2010,1466,98471,29106024,422.47,-2.57,-0.6,0
10/28/2010,1323,90461,26045614,424.86,2.39,0.57,1
10/31/2010,1585,195189,35293734,423.87,-0.99,-0.23,0
11/2/2010,1145,52832,13897136,421.55,-3.35,-0.79,0
11/3/2010,1433,81030,28009765,423.19,1.64,0.39,1
11/4/2010,942,118554,28848659,424.96,1.77,0.42,1
11/9/2010,879,47303,12395550,423.85,-1.11,-0.26,0
11/10/2010,1371,78329,23016527,423.69,-0.16,-0.04,0
11/11/2010,1404,83243,27450606,424.9,1.21,0.29,1
11/14/2010,1173,58972,21476305,425.01,0.11,0.03,1
11/15/2010,1219,63364,19447167,423.64,-1.37,-0.32,0
11/16/2010,1329,64369,20090846,424.17,0.53,0.13,1
11/18/2010,1443,79215,27597153,425.64,1.47,0.35,1
11/21/2010,1517,111699,27113049,423.35,-2.29,-0.54,0
11/22/2010,1638,81420,23885873,419.81,-3.54,-0.84,0
11/23/2010,1343,71510,20400443,419.3,-0.51,-0.12,0
11/24/2010,1331,72396,21810658,419.07,-0.23,-0.05,0
11/25/2010,1636,121521,52901848,418.35,-0.72,-0.17,0
11/28/2010,1265,92705,21293404,417.74,-0.61,-0.15,0
11/29/2010,1710,176213,40304243,415.53,-2.21,-0.53,0
11/30/2010,1582,66452,19163102,413.65,-1.88,-0.45,0
12/1/2010,1526,60751,16544952,412.06,-1.59,-0.38,0
12/2/2010,1455,1470458,142123561,408.89,-3.17,-0.77,0
12/5/2010,1613,91728,23967478,407.86,-1.03,-0.25,0
12/6/2010,1611,77478,20230851,403.56,-4.3,-1.05,0
12/7/2010,1282,75379,22011916,401.77,-1.79,-0.44,0
12/8/2010,1580,75722,23440266,400.78,-0.99,-0.25,0
12/9/2010,1545,83899,21038432,398.88,-1.9,-0.47,0
12/12/2010,1441,111094,26443401,395.61,-3.27,-0.82,0
12/13/2010,877,60365,17545681,396.3,0.69,0.17,1
12/14/2010,1582,97735,33614108,392.78,-3.52,-0.89,0
12/15/2010,1600,81751,19782175,394.17,1.39,0.35,1
12/16/2010,1557,130805,28784294,392.04,-2.13,-0.54,0
12/19/2010,1675,89089,26096798,390.98,-1.06,-0.27,0
12/20/2010,1799,93005,24276073,391.35,0.37,0.09,1
12/22/2010,1660,105465,27683666,394.84,3.49,0.89,1
12/23/2010,2040,214105,38657491,399.55,4.71,1.19,1
12/26/2010,1235,77098,29564163,406.86,7.31,1.83,1
12/27/2010,1988,96779,32941729,407.72,0.86,0.21,1
12/28/2010,1517,92148,22774756,404.18,-3.54,-0.87,0
12/29/2010,2118,105218,30955025,404.06,-0.12,-0.03,0
1/2/2011,1630,115089,24853135,400.62,-3.44,-0.85,0
1/3/2011,1218,62720,23056328,398.01,-2.61,-0.65,0
1/4/2011,1258,85452,20747346,399.59,1.58,0.4,1
1/5/2011,1269,66692,15606479,400.76,1.17,0.29,1
1/6/2011,966,166566,28381931,400.43,-0.33,-0.08,0
1/9/2011,1050,50272,15995355,398.26,-2.17,-0.54,0
1/10/2011,1282,99535,22282119,399.47,1.21,0.3,1
1/11/2011,1141,64883,18376608,400.67,1.2,0.3,1
1/12/2011,1093,48626,12193414,400.2,-0.47,-0.12,0
1/13/2011,1178,100671,23547570,402.75,2.55,0.64,1
1/16/2011,1427,82099,20501803,403.12,0.37,0.09,1
1/17/2011,1755,85517,23519426,403.71,0.59,0.15,1
1/18/2011,1613,96255,18217417,403.46,-0.25,-0.06,0
1/19/2011,1427,59039,13439215,404.33,0.87,0.22,1
1/20/2011,1436,53755,13466743,406.9,2.57,0.64,1
1/23/2011,1253,52672,15483784,406.34,-0.56,-0.14,0
1/24/2011,1243,107021,25341533,410.34,4,0.98,1
1/31/2011,370,72525,14603842,410.57,0.23,0.06,1
2/1/2011,1593,147530,33126524,410.48,-0.09,-0.02,0
2/2/2011,1588,77895,21529310,407.97,-2.51,-0.61,0
2/3/2011,1796,307345,58200215,406.84,-1.13,-0.28,0
2/6/2011,1764,321856,62637265,413.76,6.92,1.7,1
2/7/2011,1693,92147,22572719,408.47,-5.29,-1.28,0
2/8/2011,1209,47665,10558802,406.96,-1.51,-0.37,0
2/9/2011,1679,113927,22895123,405.44,-1.52,-0.37,0
2/10/2011,1730,132756,26142896,405.05,-0.39,-0.1,0
2/13/2011,1874,90593,21409586,404.14,-0.91,-0.22,0
2/14/2011,1352,114389,28114212,403.71,-0.43,-0.11,0
2/15/2011,1970,87305,23749754,404.47,0.76,0.19,1
2/16/2011,1687,72467,16072346,405.44,0.97,0.24,1
2/17/2011,1774,69093,16090843,408.19,2.75,0.68,1
2/20/2011,1847,124449,23489095,405.15,-3.04,-0.74,0
2/21/2011,1562,77641,17220164,404.32,-0.83,-0.2,0
2/22/2011,1618,65794,20591140,401.2,-3.12,-0.77,0
2/23/2011,2137,83205,22897768,398.5,-2.7,-0.67,0
2/24/2011,1605,59546,15977621,397.46,-1.04,-0.26,0
2/27/2011,1686,210618,34795932,394.19,-3.27,-0.82,0
2/28/2011,1808,93151,24453861,391.66,-2.53,-0.64,0
3/1/2011,1244,114750,33929217,391.22,-0.44,-0.11,0
3/3/2011,1569,53332,17209126,395.43,4.21,1.08,1
3/7/2011,1911,91617,21071735,394.06,-1.37,-0.35,0
3/9/2011,1981,124558,25269484,392.71,-1.35,-0.34,0
3/10/2011,1736,64439,17097939,389.81,-2.9,-0.74,0
3/13/2011,2205,85697,15042759,388.25,-1.56,-0.4,0
3/14/2011,1563,56303,12825374,384.18,-4.07,-1.05,0
3/15/2011,1883,189475,32469068,376.75,-7.43,-1.93,0
3/16/2011,1831,91848,18849417,378.83,2.08,0.55,1
3/17/2011,1740,93855,20210824,377.51,-1.32,-0.35,0
3/20/2011,1607,57887,11322381,377.6,0.09,0.02,1
3/21/2011,1600,67866,14782841,379.46,1.86,0.49,1
3/22/2011,1749,75967,18075554,379.32,-0.14,-0.04,0
3/23/2011,1377,58795,13141064,377.63,-1.69,-0.45,0
3/24/2011,2090,87023,19083811,376.67,-0.96,-0.25,0
3/27/2011,1454,70371,15432528,372,-4.67,-1.24,0
3/28/2011,1508,79915,21904599,365,-7,-1.88,0
3/29/2011,1715,112017,26799371,358,-7,-1.92,0
3/30/2011,1595,100715,22004965,359,1,0.28,1
3/31/2011,1695,299758,87169252,365,6,1.67,1
4/4/2011,2045,170011,39258108,365,0,0,1
4/5/2011,1789,93782,19416168,364,-1,-0.27,0
4/6/2011,1727,74797,15028368,364,0,0,1
4/7/2011,2357,66093,16060930,365,1,0.27,1
4/10/2011,2387,109542,24252252,367,2,0.55,1
4/11/2011,2176,76551,22468117,365,-2,-0.54,0
4/13/2011,1101,29093,6410849,373,8,2.19,1
4/17/2011,834,27708,6718196,368,-5,-1.34,0
4/18/2011,1335,61070,13510351,365,-3,-0.82,0
4/19/2011,1635,276837,48625638,364,-1,-0.27,0
4/20/2011,2101,66516,14715142,361,-3,-0.82,0
4/21/2011,2196,79410,15751469,358,-3,-0.83,0
4/25/2011,1212,33629,6646271,357,-1,-0.28,0
4/26/2011,210,434500,312740341,356,-1,-0.28,0
4/27/2011,2166,84077,18455267,350,-6,-1.69,0
4/28/2011,2458,91890,18385645,348,-2,-0.57,0
5/2/2011,2057,94918,18966319,345,-3,-0.86,0
5/3/2011,2206,72049,15627297,340,-5,-1.45,0
5/4/2011,1152,74276,19260324,339,-1,-0.29,0
5/5/2011,1353,70099,14470193,340,1,0.29,1
5/8/2011,998,63966,11821528,341,1,0.29,1
5/9/2011,742,41076,5112704,341,0,0,1
5/10/2011,1548,135530,23522773,344,3,0.88,1
5/11/2011,1443,124543,25967035,345,1,0.29,1
5/12/2011,1060,158909,28281236,346,1,0.29,1
5/15/2011,1886,82775,14026238,349,3,0.87,1
5/16/2011,1366,63945,12848964,351,2,0.57,1
5/18/2011,1385,72090,19390757,347,-4,-1.14,0
5/19/2011,1523,140017,30496909,345,-2,-0.58,0
5/22/2011,1667,73050,12565180,344,-1,-0.29,0
5/23/2011,1183,66092,12669580,342,-2,-0.58,0
5/24/2011,1205,93118,17437196,342,0,0,1
5/25/2011,1450,97083,19932606,342,0,0,1
5/26/2011,1230,77269,16052880,345,3,0.88,1
5/30/2011,1116,44925,13916920,343,-2,-0.58,0
5/31/2011,1693,78489,22461854,337,-6,-1.75,0
6/1/2011,956,34910,8498799,336,-1,-0.3,0
6/2/2011,1328,68859,16468478,334,-2,-0.6,0
6/5/2011,1522,136077,31223603,328,-6,-1.8,0
6/6/2011,1320,180021,37427172,323,-5,-1.52,0
6/7/2011,1049,55135,11672102,317,-6,-1.86,0
6/8/2011,1135,251747,28404806,311,-6,-1.89,0
6/9/2011,1153,97626,26047958,309,-2,-0.64,0
6/12/2011,968,96614,21392228,304,-5,-1.62,0
6/13/2011,1176,86945,22886423,302,-2,-0.66,0
6/14/2011,1008,69215,15339511,298,-4,-1.32,0
6/15/2011,856,84454,19977323,292,-6,-2.01,0
6/16/2011,886,83102,21753578,304,12,4.11,1
6/19/2011,520,61321,13593035,319,15,4.93,1
6/20/2011,1176,158268,39198065,331,12,3.76,1
6/21/2011,835,102078,41159482,344,13,3.93,1
6/23/2011,1098,283777,71562562,364,20,5.81,1
6/26/2011,1209,158837,59231543,347,-17,-4.67,0
6/27/2011,451,69754,14739967,330,-17,-4.9,0
6/29/2011,819,182134,25769296,333,3,0.91,1
6/30/2011,1225,101808,26302567,337,4,1.2,1
7/3/2011,1044,877270,208168125,333,-4,-1.19,0
7/4/2011,1154,167967,53069301,334,1,0.3,1
7/5/2011,1018,243810,56992098,341,7,2.1,1
7/6/2011,1193,146385,36244578,345,4,1.17,1
7/7/2011,967,68373,19541806,341,-4,-1.16,0
7/10/2011,938,100012,29589292,346,5,1.47,1
7/11/2011,927,115970,35065329,346,0,0,1
7/12/2011,874,87123,25164321,352,6,1.73,1
7/13/2011,978,105058,35117286,356,4,1.14,1
7/14/2011,1108,314520,80292573,363,7,1.97,1
7/17/2011,280,486826,746007855,378,15,4.13,1
7/18/2011,948,108776,43510638,370,-8,-2.12,0
7/19/2011,1007,425222,56789255,374,4,1.08,1
7/20/2011,926,139562,46505146,380,6,1.6,1
7/21/2011,909,409527,53040595,377,-3,-0.79,0
7/24/2011,845,106933,28261118,365,-12,-3.18,0
7/25/2011,478,39480,9361070,360,-5,-1.37,0
7/26/2011,513,51493,17800610,357,-3,-0.83,0
7/27/2011,1117,171488,35053955,364,7,1.96,1
7/28/2011,1256,264614,32433523,361,-3,-0.82,0
7/31/2011,1094,405925,36467730,359,-2,-0.55,0
8/1/2011,999,75161,17418083,358,-1,-0.28,0
8/2/2011,1137,99490,23068718,358,0,0,1
8/3/2011,1247,135834,28939064,356,-2,-0.56,0
8/4/2011,1378,112225,22196657,358,2,0.56,1
8/7/2011,1423,238978,55812574,354,-4,-1.12,0
8/8/2011,1108,96975,19158697,352,-2,-0.56,0
8/9/2011,1134,222936,32005163,346,-6,-1.7,0
8/10/2011,1201,210469,25595251,352,6,1.73,1
8/11/2011,1196,117730,22725260,353,1,0.28,1
8/15/2011,1014,123722,32517307,353,0,0,1
8/16/2011,950,92980,24134601,354,1,0.28,1
8/17/2011,1461,122108,31199235,351,-3,-0.85,0
8/18/2011,1355,224869,41399460,353,2,0.57,1
8/22/2011,830,74681,17598863,350,-3,-0.85,0
8/23/2011,1399,133368,30276070,350,0,0,1
8/24/2011,1057,124534,23135311,349,-1,-0.29,0
8/25/2011,1410,150408,23701045,347,-2,-0.57,0
8/28/2011,1147,80989,20029879,337,-10,-2.88,0
8/29/2011,855,74488,18156907,338,1,0.3,1
8/30/2011,1037,68851,22026120,340,2,0.59,1
9/1/2011,953,92916,22709853,342,2,0.59,1
9/4/2011,1172,106645,27170865,339,-3,-0.88,0
9/5/2011,1272,106875,25887319,336,-3,-0.88,0
9/6/2011,1286,113249,23152681,332,-4,-1.19,0
9/7/2011,1282,188896,43015680,331,-1,-0.3,0
9/8/2011,1384,119826,31134618,330,-1,-0.3,0
9/12/2011,1615,173479,38627536,327,-3,-0.91,0
9/13/2011,1724,118256,17937115,326,-1,-0.31,0
9/14/2011,1412,99610,25381592,319,-7,-2.15,0
9/15/2011,1402,131606,26660752,321,2,0.63,1
9/18/2011,756,106614,19763443,319,-2,-0.62,0
9/19/2011,1492,96295,18898686,317,-2,-0.63,0
9/20/2011,1464,105548,17006626,320,3,0.95,1
9/21/2011,934,83148,13640663,323,3,0.94,1
9/22/2011,1213,105991,20850675,328,5,1.55,1
9/25/2011,938,251234,64912166,332,4,1.22,1
9/26/2011,1070,147987,42775059,331,-1,-0.3,0
9/27/2011,912,110401,17237659,331,0,0,1
9/29/2011,894,67588,13139828,331,0,0,1
10/2/2011,749,179575,21652648,331,0,0,1
10/9/2011,252,21407,3142362,331,0,0,1
10/10/2011,931,47761,7531933,333,2,0.6,1
10/12/2011,1075,74002,15243352,334,1,0.3,1
10/13/2011,1464,102690,15439765,333,-1,-0.3,0
10/16/2011,1408,986594,74078143,332,-1,-0.3,0
10/17/2011,1167,178142,27009548,331,-1,-0.3,0
10/18/2011,1227,91048,15962554,330,-1,-0.3,0
10/19/2011,1270,123602,29536720,330,0,0,1
10/20/2011,1384,151705,38740438,328,-2,-0.61,0
10/23/2011,1225,162796,28393341,326,-2,-0.61,0
10/24/2011,1583,179991,33464422,327,1,0.31,1
10/25/2011,1133,116545,22151585,328,1,0.31,1
10/30/2011,1330,132167,20650298,328,0,0,1
10/31/2011,1660,145202,21716509,330,2,0.61,1
11/2/2011,456,72770,14372953,347,17,5.15,1
11/3/2011,1289,347911,61367575,344,-3,-0.86,0
11/6/2011,1889,143052,34092217,338,-6,-1.74,0
11/8/2011,1766,134449,25173492,335,-3,-0.89,0
11/9/2011,1217,79360,17423126,332,-3,-0.9,0
11/10/2011,1669,369054,48202916,332,0,0,1
11/13/2011,1597,90202,19380258,331,-1,-0.3,0
11/14/2011,1557,112089,20669500,331,0,0,1
11/15/2011,1421,1127114,166563002,327,-4,-1.21,0
11/16/2011,1352,87391,19283526,326,-1,-0.31,0
11/17/2011,1117,884250,119119360,329,3,0.92,1
11/20/2011,1670,120745,29360525,328,-1,-0.3,0
11/21/2011,1431,283122,33313005,329,1,0.3,1
11/22/2011,1508,146442,23366462,327,-2,-0.61,0
11/23/2011,1473,232032,32300332,325,-2,-0.61,0
11/24/2011,1631,102346,19790522,325,0,0,1
11/27/2011,1981,107341,22906565,325,0,0,1
11/28/2011,2026,178024,50193266,323,-2,-0.62,0
12/1/2011,1987,97471,29790374,323,0,0,1
12/4/2011,1395,88011,23717618,322,-1,-0.31,0
12/5/2011,1604,96878,28932338,321,-1,-0.31,0
12/6/2011,1824,297153,39379103,321,0,0,1
12/7/2011,1893,696913,95610563,321,0,0,1
12/8/2011,2030,131735,32797370,320,-1,-0.31,0
12/11/2011,2070,120220,33933632,318,-2,-0.63,0
12/12/2011,1680,100363,27390801,315,-3,-0.94,0
12/13/2011,1977,90949,23678028,314,-1,-0.32,0
12/14/2011,1953,172845,36314054,317,3,0.96,1
12/15/2011,1855,115553,23543689,316,-1,-0.32,0
12/18/2011,2106,71797,22745218,314,-2,-0.63,0
12/19/2011,2308,214950,37709769,313,-1,-0.32,0
12/20/2011,1515,70183,24681860,314,1,0.32,1
12/21/2011,1764,104885,33620376,313,-1,-0.32,0
12/22/2011,1828,170941,49488155,313,0,0,1
12/26/2011,2548,519551,131719295,312,-1,-0.32,0
12/27/2011,1430,175222,28556295,314,2,0.64,1
12/28/2011,1613,101716,21391632,314,0,0,1
12/29/2011,1638,107080,21259930,316,2,0.64,1
1/1/2012,1382,113287,23310592,319,3,0.95,1
1/2/2012,1244,88207,24368097,324,5,1.57,1
1/3/2012,1287,104401,28400604,324,0,0,1
1/4/2012,1016,106072,30712893,319,-5,-1.54,0
1/5/2012,851,73978,18359481,320,1,0.31,1
1/8/2012,1325,554724,69148625,317,-3,-0.94,0
1/9/2012,1143,715246,52821092,318,1,0.32,1
1/10/2012,1020,65048,14824733,320,2,0.63,1
1/11/2012,1195,63736,13999483,321,1,0.31,1
1/12/2012,1285,82961,15106196,324,3,0.93,1
1/16/2012,1156,66352,13337100,322,-2,-0.62,0
1/17/2012,902,226878,27962642,322,0,0,1
1/18/2012,1333,71322,14200588,320,-2,-0.62,0
1/19/2012,346,25070,8449171,321,1,0.31,1
1/22/2012,1571,105178,20147918,320,-1,-0.31,0
1/23/2012,1558,84012,19283321,318,-2,-0.63,0
1/25/2012,1042,60024,10655869,318,0,0,1
1/26/2012,1311,142578,41676524,317,-1,-0.31,0
1/29/2012,1621,89418,19885849,317,0,0,1
1/31/2012,1492,234061,50387926,316,-1,-0.32,0
2/1/2012,1345,85387,17550115,317,1,0.32,1
2/2/2012,1444,79321,17313232,316,0,0,1
2/2/2012,1444,79321,17313232,316,-1,-0.32,0
2/5/2012,1234,83919,15281389,315,-1,-0.32,0
2/6/2012,1215,123958,26614600,314,-1,-0.32,0
2/7/2012,1275,112688,23260346,313,-1,-0.32,0
2/8/2012,1162,117227,27166812,312,-1,-0.32,0
2/9/2012,819,57777,13720414,312,0,0,1
2/12/2012,932,75886,18608205,312,0,0,1
2/13/2012,1392,68924,14477711,313,1,0.32,1
2/14/2012,1283,93468,25063647,312,-1,-0.32,0
2/15/2012,1059,138531,19606044,312,0,0,1
2/21/2012,1179,61090,11757463,312,0,0,1
2/23/2012,1109,87354,18872620,313,1,0.32,1
2/26/2012,1273,105116,20536122,312,-1,-0.32,0
2/27/2012,1031,73428,15432435,312,0,0,1
2/28/2012,1006,71831,15993244,315,3,0.96,1
2/29/2012,915,97266,22647570,315,0,0,1
3/1/2012,929,101536,39730676,317,2,0.63,1
3/4/2012,955,165180,36240506,316,-1,-0.32,0
3/5/2012,967,121074,24908024,316,0,0,1
3/6/2012,884,92718,19897090,316,0,0,1
3/11/2012,853,106359,32891678,315,-1,-0.32,0
3/12/2012,1011,90279,20847331,314,-1,-0.32,0
3/13/2012,977,304290,122837050,314,0,0,1
3/14/2012,931,78515,16636794,313,-1,-0.32,0
3/15/2012,693,44378,9986662,311,-2,-0.64,0
3/19/2012,1142,79826,22967942,303,0,0,1
3/20/2012,1177,114751,20408194,302,-1,-0.33,0
3/21/2012,1012,92524,18080265,304,0,0,1
3/21/2012,1012,92524,18080265,304,2,0.66,1
3/25/2012,827,56640,11904245,303,-1,-0.33,0
3/26/2012,1049,124342,27198037,301,-2,-0.66,0
3/27/2012,1079,300033,40682074,300,-1,-0.33,0
3/28/2012,1182,133252,40406373,300,0,0,1
3/29/2012,1098,98794,17184544,299,-1,-0.33,0
4/1/2012,1067,136832,21657900,299,0,0,1
4/2/2012,1041,426671,68687624,301,2,0.67,1
4/3/2012,905,78510,17330148,302,1,0.33,1
4/4/2012,804,78435,14801270,302,0,0,1
4/5/2012,780,79584,18712806,302,0,0,1
4/8/2012,796,106989,17141167,303,1,0.33,1
4/9/2012,587,73755,15377980,304,1,0.33,1
4/10/2012,662,78196,16494482,306,2,0.66,1
4/11/2012,954,139631,35291478,309,3,0.98,1
4/12/2012,1128,182590,45378084,320,11,3.56,1
4/15/2012,717,203419,58197009,337,17,5.31,1
4/16/2012,200,48109,15520020,355,18,5.34,1
4/17/2012,1618,277954,103961457,336,-19,-5.35,0
4/18/2012,1688,284466,87998789,348,12,3.57,1
4/19/2012,2017,331555,87282418,355,7,2.01,1
4/22/2012,1997,387138,107952697,369,14,3.94,1
4/24/2012,606,134880,53631431,388,19,5.15,1
4/25/2012,453,145289,54171322,409,21,5.41,1
4/26/2012,3448,755986,271212193,425,16,3.91,1
4/29/2012,2273,424030,152492532,423,-2,-0.47,0
4/30/2012,1634,277085,101266108,405,-18,-4.26,0
5/2/2012,485,107772,29788060,384,-21,-5.19,0
5/3/2012,423,121361,45837330,404,20,5.21,1
5/7/2012,404,844607,144830039,428,24,5.94,1
5/8/2012,1561,371824,166722727,433,5,1.17,1
5/9/2012,2158,658874,179208319,420,-13,-3,0
5/10/2012,2126,645004,153890761,411,-9,-2.14,0
5/13/2012,1225,140492,56958942,391,-20,-4.87,0
5/14/2012,1258,164130,70269734,373,-18,-4.6,0
5/15/2012,566,135023,40691596,392,19,5.09,1
5/16/2012,217,81904,21929709,412,0,0,1
5/16/2012,217,81904,21929709,412,20,5.1,1
5/17/2012,2206,412764,179311744,416,4,0.97,1
5/20/2012,1499,228027,81425020,409,-7,-1.68,0
5/21/2012,1598,355894,100024328,414,5,1.22,1
5/22/2012,1359,167212,64137201,406,-8,-1.93,0
5/23/2012,767,89063,38609306,386,-20,-4.93,0
5/24/2012,1737,284160,88162476,399,13,3.37,1
5/27/2012,1506,291931,107370620,413,14,3.51,1
5/29/2012,647,43311,8444851,392,-21,-5.08,0
5/30/2012,1421,96452,36909178,373,-19,-4.85,0
5/31/2012,1747,255631,87303975,374,1,0.27,1
6/3/2012,1111,553104,82039485,391,17,4.55,1
6/4/2012,1755,220105,76098982,382,-9,-2.3,0
6/5/2012,1600,158810,47372137,373,-9,-2.36,0
6/6/2012,1644,164868,44611569,366,-7,-1.88,0
6/7/2012,1450,195075,50712813,370,4,1.09,1
6/10/2012,1265,126713,34290363,364,-6,-1.62,0
6/11/2012,1081,120888,33031370,366,2,0.55,1
6/12/2012,1069,130314,31967758,368,2,0.55,1
6/13/2012,1408,182535,32849544,366,-2,-0.54,0
6/14/2012,1398,211473,35573800,365,-1,-0.27,0
6/17/2012,1273,188605,40314451,361,-4,-1.1,0
6/18/2012,1220,239704,46028804,363,2,0.55,1
6/19/2012,1201,122711,39198562,362,-1,-0.28,0
6/20/2012,1187,115456,40086056,364,2,0.55,1
6/21/2012,2540,258054,125276951,365,1,0.27,1
6/25/2012,1408,135585,38895497,375,10,2.74,1
6/26/2012,920,97951,29045388,368,-7,-1.87,0
6/27/2012,889,146715,41898925,374,6,1.63,1
6/28/2012,1141,196950,63081200,377,3,0.8,1
7/1/2012,1003,129817,45685822,375,-2,-0.53,0
7/2/2012,1137,198412,48416894,373,-2,-0.53,0
7/3/2012,810,131126,42018060,374,1,0.27,1
7/4/2012,979,187467,47760209,377,3,0.8,1
7/5/2012,1220,205791,51102260,377,0,0,1
7/8/2012,937,203164,41347912,378,1,0.27,1
7/9/2012,1025,188140,49018773,380,2,0.53,1
7/10/2012,1156,126282,52284319,385,5,1.32,1
7/11/2012,1103,112301,44066096,384,-1,-0.26,0
7/12/2012,1047,226591,99882150,383,-1,-0.26,0
7/15/2012,765,860226,160614999,390,7,1.83,1
7/16/2012,1098,131045,51177207,385,-5,-1.28,0
7/17/2012,1113,124057,34892744,386,1,0.26,1
7/18/2012,1167,151722,50250639,392,6,1.55,1
7/19/2012,1574,253449,72372232,395,3,0.77,1
7/22/2012,1573,262810,92343630,405,10,2.53,1
7/23/2012,1649,305303,91365469,408,3,0.74,1
7/24/2012,1490,271103,76524660,406,-2,-0.49,0
7/25/2012,1491,375186,143207786,405,-1,-0.25,0
7/26/2012,1252,236433,55061055,402,-3,-0.74,0
7/29/2012,1365,130672,44494228,396,-6,-1.49,0
7/30/2012,1431,160470,49076747,401,5,1.26,1
7/31/2012,1336,137859,44168419,401,0,0,1
8/1/2012,1162,254886,66154910,402,1,0.25,1
8/5/2012,1235,136779,49539014,403,1,0.25,1
8/6/2012,1337,175265,60149068,403,0,0,1
8/7/2012,1409,322622,78551318,404,1,0.25,1
8/8/2012,1464,292295,83508285,402,-2,-0.5,0
8/12/2012,1387,301660,84883550,399,-3,-0.75,0
8/13/2012,1322,181261,55938938,400,1,0.25,1
8/14/2012,1360,295744,74037555,397,-3,-0.75,0
8/15/2012,1198,366201,87609043,392,-5,-1.26,0
8/16/2012,1140,168093,63827290,398,6,1.53,1
8/19/2012,1226,129843,39895899,396,-2,-0.5,0
8/21/2012,1276,162109,59346954,396,0,0,1
8/22/2012,1403,148804,46491911,397,1,0.25,1
8/23/2012,1369,184496,56395470,398,1,0.25,1
8/26/2012,1442,154912,45113758,397,-1,-0.25,0
8/27/2012,1389,210749,76864640,406,9,2.27,1
8/28/2012,1345,211344,64413196,406,0,0,1
8/29/2012,1621,153331,46595142,407,1,0.25,1
8/30/2012,1418,271011,69828582,406,-1,-0.25,0
9/2/2012,1477,152941,57520891,412,6,1.48,1
9/3/2012,1684,223048,69775702,412,0,0,1
9/4/2012,1749,200920,62808667,409,-3,-0.73,0
9/5/2012,1893,251663,57544098,407,-2,-0.49,0
9/6/2012,1753,380410,77786319,408,1,0.25,1
9/9/2012,1902,212225,61513338,408,0,0,1
9/10/2012,1415,188060,55059278,408,0,0,1
9/11/2012,1418,213560,78420271,412,4,0.98,1
9/12/2012,1441,309916,89455632,414,2,0.49,1
9/13/2012,1560,244566,84108334,419,5,1.21,1
9/16/2012,1399,273310,85003200,421,2,0.48,1
9/17/2012,1315,190232,63272687,422,1,0.24,1
9/18/2012,1454,283413,104808389,425,3,0.71,1
9/19/2012,1471,348641,94583499,422,-3,-0.71,0
9/20/2012,1313,524156,112329054,420,-2,-0.47,0
9/23/2012,1533,290232,123892458,415,-5,-1.19,0
9/24/2012,1615,267103,95446758,415,0,0,1
9/25/2012,1224,223457,52073881,414,-1,-0.24,0
9/26/2012,1463,263449,74652464,414,0,0,1
9/30/2012,1191,180611,49873814,415,1,0.24,1
10/1/2012,1148,186427,58947757,417,2,0.48,1
10/2/2012,962,239714,61173590,417,0,0,1
10/3/2012,1508,219208,58074083,417,0,0,1
10/4/2012,1438,236151,74256917,424,7,1.68,1
10/7/2012,1514,351409,98123502,428,4,0.94,1
10/8/2012,1247,349171,71245096,427,-1,-0.23,0
10/9/2012,1335,213452,62272568,426,-1,-0.23,0
10/10/2012,1180,170656,44919901,425,-1,-0.23,0
10/11/2012,1228,1275532,156846684,424,-1,-0.24,0
10/14/2012,1190,135483,35132131,427,3,0.71,1
10/15/2012,1167,155640,43462622,427,0,0,1
10/17/2012,879,156288,38099771,433,6,1.41,1
10/18/2012,1048,166475,49087760,437,4,0.92,1
10/30/2012,829,160181,39531912,448,11,2.52,1
10/31/2012,1142,187241,58348949,451,3,0.67,1
11/1/2012,1157,200965,55372636,448,-3,-0.67,0
11/4/2012,1239,633799,72839083,452,4,0.89,1
11/5/2012,1391,310904,84938617,458,6,1.33,1
11/6/2012,1551,322548,88297641,463,5,1.09,1
11/7/2012,1600,383978,117766218,475,12,2.59,1
11/8/2012,1992,421874,149995071,483,8,1.68,1
11/11/2012,1596,575682,121144278,475,-8,-1.66,0
11/12/2012,1224,304570,93272026,481,6,1.26,1
11/18/2012,1282,290533,98840607,493,12,2.49,1
11/20/2012,1795,416774,141487148,502,9,1.83,1
11/21/2012,1915,438404,153150473,499,-3,-0.6,0
11/22/2012,1724,405260,137471989,497,-2,-0.4,0
11/25/2012,1643,415023,133885710,497,0,0,1
11/26/2012,1300,262198,91786633,495,-2,-0.4,0
11/27/2012,1394,281603,107650738,493,-2,-0.4,0
11/28/2012,1352,242695,91816263,493,0,0,1
11/29/2012,1112,199844,70914392,489,-4,-0.81,0
12/2/2012,1018,224379,82460570,484,-5,-1.02,0
12/3/2012,1121,157759,65445126,482,-2,-0.41,0
12/4/2012,1266,391112,109654687,490,8,1.66,1
12/5/2012,1490,367824,137756746,500,10,2.04,1
12/6/2012,1425,361100,119969378,498,-2,-0.4,0
12/9/2012,941,174432,65029776,488,-10,-2.01,0
12/10/2012,862,151380,57121469,488,0,0,1
12/11/2012,934,178768,68031559,489,1,0.2,1
12/12/2012,1204,275344,77864540,493,4,0.82,1
12/13/2012,881,207920,69957500,497,4,0.81,1
12/16/2012,1444,361198,153190492,509,12,2.41,1
12/17/2012,1762,454766,195270554,513,4,0.79,1
12/18/2012,1292,292466,112900420,510,-3,-0.58,0
12/19/2012,1522,335191,134594789,514,4,0.78,1
12/20/2012,1692,502135,153645243,518,4,0.78,1
12/23/2012,1670,424275,136912783,520,2,0.39,1
12/24/2012,1783,441823,149824889,526,6,1.15,1
12/26/2012,1891,505862,191531333,537,11,2.09,1
12/27/2012,2027,519527,194073593,541,4,0.74,1
12/31/2012,1299,314532,111618390,534,-7,-1.29,0
1/1/2013,1377,252555,93874642,531,-3,-0.56,0
1/2/2013,1384,293287,113246540,532,1,0.19,1
1/3/2013,1311,482254,122978217,534,2,0.38,1
1/7/2013,1246,213377,109693224,529,-3,-0.56,0
1/8/2013,479,83788,36602643,529,0,0,1
1/9/2013,928,167206,63579919,525,-4,-0.76,0
1/10/2013,1203,213893,86992642,529,4,0.76,1
1/13/2013,1024,373310,132521956,530,1,0.19,1
1/15/2013,1262,248638,90500719,530,0,0,1
1/16/2013,1057,185221,74652379,528,-2,-0.38,0
1/17/2013,1216,404086,92578502,521,-7,-1.33,0
1/20/2013,850,137176,55911218,508,-13,-2.5,0
1/21/2013,1038,156200,54704239,518,10,1.97,1
1/22/2013,846,244355,68229094,523,5,0.97,1
1/23/2013,1401,936250,76361502,517,-6,-1.15,0
1/24/2013,1139,544144,91491017,514,-3,-0.58,0
1/27/2013,1319,254531,71231471,514,0,0,1
1/28/2013,991,202482,63470502,514,0,0,1
1/30/2013,1032,447498,111544021,512,-2,-0.39,0
1/31/2013,1094,186975,74569451,511,-1,-0.2,0
2/3/2013,1093,303572,102303522,516,5,0.98,1
2/4/2013,951,342632,84204178,517,1,0.19,1
2/5/2013,1028,417697,102610960,515,-2,-0.39,0
2/6/2013,1004,281163,92289411,513,-2,-0.39,0
2/7/2013,1014,221386,62717448,513,0,0,1
2/10/2013,1101,188573,68970701,515,2,0.39,1
2/12/2013,1541,943338,237931437,533,18,3.5,1
2/13/2013,1106,252029,107842321,527,-6,-1.13,0
2/14/2013,1423,335345,137612090,530,3,0.57,1
2/17/2013,533,163522,80402320,556,26,4.91,1
2/19/2013,2253,534392,256096126,549,-7,-1.26,0
2/20/2013,1177,578623,148117291,539,-10,-1.82,0
2/21/2013,1230,356973,137105085,544,5,0.93,1
2/24/2013,1030,230026,77638348,539,-5,-0.92,0
2/25/2013,1454,392218,138455844,544,5,0.93,1
2/26/2013,1444,444028,158172819,546,2,0.37,1
2/27/2013,1302,294396,96449646,540,-6,-1.1,0
2/28/2013,1410,403447,111166493,542,2,0.37,1
3/3/2013,1958,636603,168910291,542,0,0,1
3/4/2013,1871,584491,157348585,541,-1,-0.18,0
3/5/2013,1371,398338,128209285,538,-3,-0.55,0
3/6/2013,400,69068,29445982,541,3,0.56,1
3/7/2013,1319,395768,111454975,539,-2,-0.37,0
3/11/2013,1419,378555,119893087,540,1,0.19,1
3/13/2013,1877,1107260,236985469,546,6,1.11,1
3/14/2013,2038,834605,175625401,548,2,0.37,1
3/17/2013,1495,318888,103882666,535,-13,-2.37,0
3/18/2013,1152,359268,89628780,531,-4,-0.75,0
3/19/2013,1333,425568,115926610,532,1,0.19,1
3/21/2013,1408,924620,94604723,528,0,0,1
3/24/2013,1183,257739,90894488,520,-8,-1.52,0
3/25/2013,1326,339325,87734850,522,2,0.38,1
3/27/2013,926,245553,67837143,521,-1,-0.19,0
3/28/2013,1056,192131,77523422,519,-2,-0.38,0
3/31/2013,489,82665,25527261,511,-8,-1.54,0
4/1/2013,1028,275466,92366791,514,3,0.59,1
4/2/2013,487,71949,25292325,519,5,0.97,1
4/3/2013,1075,344774,71897436,518,-1,-0.19,0
4/4/2013,1193,254540,77677940,513,-5,-0.97,0
4/7/2013,1037,265741,54317238,516,3,0.58,1
4/8/2013,1043,341552,71643557,515,-1,-0.19,0
4/9/2013,581,135390,40025786,519,4,0.78,1
4/11/2013,1266,347806,97816881,523,4,0.77,1
4/15/2013,1105,247474,82502766,521,-2,-0.38,0
4/16/2013,984,198300,94935638,521,0,0,1
4/17/2013,928,320197,109537222,519,-2,-0.38,0
4/18/2013,1042,411888,79363288,519,0,0,1
4/21/2013,1108,260713,105661039,514,-5,-0.96,0
4/22/2013,1059,360919,120978126,504,-10,-1.95,0
4/23/2013,1019,192812,77870098,509,5,0.99,1
4/25/2013,903,372661,77533211,508,-1,-0.2,0
4/28/2013,1066,448742,90356994,505,-3,-0.59,0
4/29/2013,942,171992,59756957,502,-3,-0.59,0
4/30/2013,1052,180952,73320932,501,-1,-0.2,0
5/2/2013,1038,173229,56905813,493,-8,-1.6,0
5/5/2013,1060,192469,57417937,488,-5,-1.01,0
5/6/2013,841,445208,188873535,482,-6,-1.23,0
5/7/2013,1315,841952,108005863,490,8,1.66,1
5/8/2013,1297,392336,113337163,486,-4,-0.82,0
5/9/2013,849,634305,43627315,486,0,0,1
5/12/2013,783,326220,46698346,483,-3,-0.62,0
5/13/2013,921,332161,69328546,489,6,1.24,1
5/14/2013,1083,266713,67902992,491,2,0.41,1
5/15/2013,853,371176,85589721,494,3,0.61,1
5/16/2013,1010,349349,67186772,500,6,1.21,1
5/19/2013,1190,289803,77180764,498,-2,-0.4,0
5/20/2013,1144,244211,65192319,497,-1,-0.2,0
5/21/2013,1106,389467,70819237,500,3,0.6,1
5/22/2013,1092,278938,73699983,499,-1,-0.2,0
5/23/2013,1013,293732,67841767,497,-2,-0.4,0
5/26/2013,1060,261479,65137986,499,2,0.4,1
5/27/2013,1269,278204,73139422,504,5,1,1
5/28/2013,1331,337528,71030629,501,-3,-0.6,0
5/30/2013,1191,617144,207567030,500,-1,-0.2,0
6/2/2013,1080,249860,65453793,497,-3,-0.6,0
6/3/2013,985,200178,45605115,499,2,0.4,1
6/4/2013,998,222697,56550844,498,-1,-0.2,0
6/5/2013,889,305648,68149851,498,0,0,1
6/6/2013,781,270138,45865440,498,0,0,1
6/9/2013,881,190277,63921855,497,-1,-0.2,0
6/10/2013,1078,222591,59204315,496,-1,-0.2,0
6/11/2013,1038,222437,56237167,496,0,0,1
6/12/2013,1036,195760,48313701,495,-1,-0.2,0
6/13/2013,1106,347769,66180639,494,-1,-0.2,0
6/16/2013,882,280153,113297946,495,1,0.2,1
6/17/2013,797,129071,37695993,493,-2,-0.4,0
6/18/2013,1108,340599,88146416,491,-2,-0.41,0
6/19/2013,1036,338340,56249175,490,-1,-0.2,0
6/20/2013,1226,498325,97066789,488,-2,-0.41,0
6/23/2013,1080,566753,58403534,488,0,0,1
6/24/2013,1080,385574,70406203,489,1,0.2,1
6/25/2013,1366,578098,107877152,494,5,1.02,1
6/26/2013,1334,423257,90880718,498,4,0.81,1
6/27/2013,1203,647868,100765374,496,-2,-0.4,0
6/30/2013,1169,330403,62330942,493,-3,-0.6,0
7/1/2013,1099,307080,82142683,494,1,0.2,1
7/2/2013,1288,359285,72622917,494,0,0,1
7/3/2013,1127,443794,71172696,494,0,0,1
7/4/2013,1246,304892,85558275,494,0,0,1
7/7/2013,1235,527936,98155075,494,0,0,1
7/8/2013,1145,375174,106214442,501,7,1.42,1
7/9/2013,1190,460420,84247629,506,5,1,1
7/10/2013,994,248338,87466769,505,-1,-0.2,0
7/11/2013,787,192786,59381790,506,1,0.2,1
7/14/2013,810,207214,74774615,511,5,0.99,1
7/15/2013,742,236033,48867689,518,7,1.37,1
7/16/2013,688,257478,53793352,509,-9,-1.74,0
7/17/2013,896,261407,72006632,512,3,0.59,1
7/18/2013,1041,266132,112176862,522,10,1.95,1
7/21/2013,1613,532934,176438179,536,14,2.68,1
7/22/2013,1816,734178,192281885,533,-3,-0.56,0
7/23/2013,1489,310648,114378879,533,0,0,1
7/24/2013,1463,512140,115687583,530,-3,-0.56,0
7/25/2013,1864,441560,125782072,529,-1,-0.19,0
7/28/2013,1739,377945,144347320,534,5,0.95,1
7/29/2013,1975,437890,152512280,539,5,0.94,1
7/30/2013,1874,500818,146962068,546,7,1.3,1
7/31/2013,2114,547360,201426484,548,2,0.37,1
8/1/2013,1791,1116900,226043186,547,-1,-0.18,0
8/4/2013,1922,410057,146403168,547,0,0,1
8/5/2013,1743,386655,105857672,541,-6,-1.1,0
8/6/2013,1859,524064,162810376,543,2,0.37,1
8/7/2013,1788,344092,118793351,542,-1,-0.18,0
8/8/2013,1841,405718,141756052,543,1,0.18,1
8/11/2013,1674,352046,117649986,539,-4,-0.74,0
8/12/2013,1810,367898,127843171,539,0,0,1
8/13/2013,1856,382561,132945640,538,-1,-0.19,0
8/14/2013,1838,416194,129162775,537,-1,-0.19,0
8/15/2013,1803,1102095,216807880,536,-1,-0.19,0
8/18/2013,1890,591030,170562662,540,4,0.75,1
8/19/2013,2017,1240851,269174978,544,4,0.74,1
8/20/2013,2109,874808,194540588,548,4,0.74,1
8/25/2013,2074,626395,211834277,548,0,0,1
8/26/2013,1996,654581,201673588,547,-1,-0.18,0
8/27/2013,2148,693696,230362884,552,5,0.91,1
8/29/2013,1992,615529,226145792,551,-1,-0.18,0
9/1/2013,2223,826698,276401921,552,1,0.18,1
9/2/2013,1773,527268,176174356,550,-2,-0.36,0
9/3/2013,1888,483734,176303903,548,-2,-0.36,0
9/4/2013,1644,444582,152526874,546,-2,-0.36,0
9/5/2013,1798,715173,172771804,546,0,0,1
9/8/2013,1914,418659,235108425,552,6,1.1,1
9/9/2013,2331,633883,186504259,552,0,0,1
9/10/2013,2768,557181,186138102,548,-4,-0.72,0
9/11/2013,2468,467881,177110395,548,0,0,1
9/12/2013,2106,440576,187143636,550,2,0.36,1
9/15/2013,2042,436569,135271627,550,0,0,1
9/16/2013,1754,408693,132615985,552,2,0.36,1
9/17/2013,2330,855012,188212573,552,0,0,1
9/19/2013,1986,406828,128919330,549,-3,-0.54,0
9/22/2013,1795,433058,113997675,542,-7,-1.28,0
9/23/2013,1633,340509,99294432,538,-4,-0.74,0
9/24/2013,1568,389480,112006513,542,4,0.74,1
9/25/2013,1360,314003,93270097,543,1,0.18,1
9/26/2013,1578,365915,81720685,542,-1,-0.18,0
9/29/2013,1653,415370,117615689,542,0,0,1
9/30/2013,1503,370913,93417056,542,0,0,1
10/1/2013,1639,1030187,259658437,542,0,0,1
10/2/2013,1390,550080,119259919,543,1,0.18,1
10/3/2013,1438,372086,99959110,545,2,0.37,1
10/6/2013,1391,472869,109704464,552,7,1.28,1
10/7/2013,1371,297849,85570238,556,4,0.72,1
10/8/2013,1334,265626,85621042,557,1,0.18,1
10/9/2013,1747,327073,131697861,560,3,0.54,1
10/10/2013,1409,578968,156402848,567,7,1.25,1
10/17/2013,590,88363,40174281,572,5,0.88,1
10/20/2013,1643,332172,145798355,584,12,2.1,1
10/21/2013,2231,434696,185264243,588,4,0.68,1
10/22/2013,2033,378647,122161458,582,-6,-1.02,0
10/23/2013,1799,414864,120545078,581,-1,-0.17,0
10/24/2013,1993,454739,162827947,580,-1,-0.17,0
10/27/2013,1698,376604,161687546,578,-2,-0.34,0
10/28/2013,1703,378722,106248888,575,-3,-0.52,0
10/29/2013,1932,426865,112709168,576,1,0.17,1
10/30/2013,1969,580772,132033036,579,3,0.52,1
10/31/2013,2120,654476,180692063,579,0,0,1
11/6/2013,1587,377295,88051179,579,0,0,1
11/7/2013,2143,445799,137191264,579,0,0,1
11/10/2013,2350,1139385,230552068,580,1,0.17,1
11/11/2013,2120,681149,208003861,591,11,1.9,1
11/12/2013,2574,1625803,298833182,598,7,1.18,1
11/13/2013,2771,835845,301316008,600,2,0.33,1
11/14/2013,3003,2312108,464337172,600,0,0,1
11/21/2013,511,202698,102630142,634,34,5.67,1
11/24/2013,2949,1290805,476140147,657,23,3.63,1
11/25/2013,2983,993181,328105338,648,-9,-1.37,0
11/26/2013,2738,748591,275527445,649,1,0.15,1
11/27/2013,2143,794735,264054780,647,-2,-0.31,0
11/28/2013,2376,720156,264096881,644,-3,-0.46,0
12/1/2013,2449,1024696,366056446,652,8,1.24,1
12/2/2013,2672,921869,363232700,662,10,1.53,1
12/3/2013,3187,1459985,515683582,678,16,2.42,1
12/4/2013,2775,1308922,523333736,701,23,3.39,1
12/5/2013,3713,2015146,630594345,707,6,0.86,1
12/8/2013,2940,1123835,421806668,702,-5,-0.71,0
12/9/2013,2656,1391846,364682803,704,2,0.28,1
12/10/2013,2873,1054488,309954679,700,-4,-0.57,0
12/11/2013,2971,1190195,401715095,711,11,1.57,1
12/12/2013,2772,1653298,485417133,714,3,0.42,1
12/15/2013,3189,1667261,559818933,733,19,2.66,1
12/16/2013,1337,672958,331433394,771,38,5.18,1
12/18/2013,1634,919725,404575029,807,36,4.67,1
12/19/2013,3626,1739705,810739126,806,-1,-0.12,0
12/22/2013,4220,1995662,771677128,795,-11,-1.36,0
12/23/2013,3084,1156618,466284933,769,-26,-3.27,0
12/24/2013,3952,1118682,508342939,777,8,1.04,1
12/26/2013,3716,1100105,525561036,787,10,1.29,1
12/29/2013,3138,991476,402813877,780,-7,-0.89,0
12/31/2013,2444,933710,344144567,771,-9,-1.15,0
1/1/2014,2993,878957,349910964,754,-17,-2.2,0
1/2/2014,2513,795556,353137747,764,10,1.33,1
1/5/2014,2292,802575,477127294,758,-6,-0.79,0
1/6/2014,1591,473364,197264331,757,-1,-0.13,0
1/7/2014,2536,744598,289078797,762,5,0.66,1
1/8/2014,2837,752441,357943195,772,10,1.31,1
1/9/2014,2483,714718,322601234,773,1,0.13,1
1/12/2014,2319,869906,397244191,782,9,1.16,1
1/13/2014,2130,613646,294399407,782,0,0,1
1/14/2014,2686,813800,444950527,787,5,0.64,1
1/16/2014,2665,864208,411343708,795,8,1.02,1
1/19/2014,1981,1740050,732806121,795,0,0,1
1/20/2014,2913,668700,321239029,790,-5,-0.63,0
1/21/2014,2353,531448,252963045,785,-5,-0.63,0
1/22/2014,2821,805855,350198051,784,-1,-0.13,0
1/23/2014,2790,724978,332482297,786,2,0.26,1
1/26/2014,2588,1014454,364864771,784,-2,-0.25,0
1/27/2014,2272,630991,199690036,780,-4,-0.51,0
1/28/2014,2360,812597,256758114,782,2,0.26,1
1/29/2014,2616,700432,290864214,781,-1,-0.13,0
2/2/2014,2661,617457,268127124,776,-5,-0.64,0
2/3/2014,3029,636023,234544075,770,-6,-0.77,0
2/4/2014,2416,665989,213539702,775,5,0.65,1
2/5/2014,2671,753179,248721847,781,6,0.77,1
2/6/2014,2322,660585,244827099,786,5,0.64,1
2/9/2014,2804,717827,249184311,784,-2,-0.25,0
2/10/2014,2461,1198756,400756284,803,19,2.42,1
2/11/2014,2719,778055,322537333,797,-6,-0.75,0
2/12/2014,2835,849622,359099336,798,1,0.13,1
2/13/2014,2588,1678591,268505953,803,5,0.63,1
2/16/2014,2087,733872,171439482,801,-2,-0.25,0
2/17/2014,2176,553737,272678187,804,3,0.37,1
2/18/2014,2773,813544,308142833,815,11,1.37,1
2/20/2014,2301,737837,356587303,823,8,0.98,1
2/23/2014,2894,962285,419609097,832,9,1.09,1
2/24/2014,2805,762131,405565046,830,-2,-0.24,0
2/25/2014,2763,1257133,377113833,829,-1,-0.12,0
2/26/2014,2421,583876,272714316,826,-3,-0.36,0
3/3/2014,2345,597130,288738564,811,-15,-1.82,0
3/4/2014,2346,1077902,247259615,800,-11,-1.36,0
3/5/2014,2187,697924,300999617,810,10,1.25,1
3/6/2014,2598,1312831,355184995,806,-4,-0.49,0
3/9/2014,2342,732356,300757612,797,-9,-1.12,0
3/10/2014,2527,722613,305108480,794,-3,-0.38,0
3/11/2014,2445,812453,264380315,788,-6,-0.76,0
3/12/2014,2129,475341,233378359,781,-7,-0.89,0
3/13/2014,2063,387879,193253190,783,2,0.26,1
3/17/2014,1847,531963,215677865,769,-14,-1.79,0
3/18/2014,2086,479684,231591227,755,-14,-1.82,0
3/19/2014,2244,426939,254587442,765,10,1.32,1
3/20/2014,2044,410700,204754170,775,10,1.31,1
3/23/2014,2000,549531,246041578,775,0,0,1
3/24/2014,1982,846262,302842268,783,8,1.03,1
3/25/2014,2194,401987,229590261,780,-3,-0.38,0
3/26/2014,2227,578188,281071675,781,1,0.13,1
3/27/2014,2494,702458,320532816,783,2,0.26,1
3/31/2014,2803,882526,370424733,792,9,1.15,1
4/1/2014,2477,770976,399146397,801,9,1.14,1
4/2/2014,2802,732251,413706136,803,2,0.25,1
4/3/2014,2355,774833,359181703,801,-2,-0.25,0
4/6/2014,2039,472317,268510955,797,-4,-0.5,0
4/7/2014,1974,475879,283706730,796,-1,-0.13,0
4/9/2014,2083,656073,408546856,802,6,0.75,1
4/10/2014,2264,719197,427840647,811,9,1.12,1
4/13/2014,2063,1335902,445410885,818,7,0.86,1
4/15/2014,1961,570196,256903906,819,1,0.12,1
4/16/2014,1709,548989,277768987,811,-8,-0.98,0
4/17/2014,1767,555523,234792317,811,0,0,1
4/20/2014,1936,573851,248621754,808,-3,-0.37,0
4/21/2014,2124,535156,243511773,808,0,0,1
4/22/2014,2192,455040,261744556,815,7,0.87,1
4/23/2014,2415,567750,336715416,820,5,0.61,1
4/27/2014,2289,827019,323012274,818,-2,-0.24,0
4/28/2014,2278,633739,312063110,814,-4,-0.49,0
4/29/2014,2280,685456,339905140,816,2,0.25,1
4/30/2014,2390,884815,477731820,823,7,0.86,1
5/4/2014,2428,586999,390479666,831,8,0.97,1
5/5/2014,2736,1656197,502850328,847,16,1.93,1
5/6/2014,3042,1483497,516984539,862,15,1.77,1
5/7/2014,3323,1228117,594118707.6,866,4,0.46,1
5/8/2014,2685,703079,371520715.6,857,-9,-1.04,0
5/11/2014,2635,772801,313631759,850,-7,-0.82,0
5/12/2014,2399,1141809,459567433.7,853,3,0.35,1
5/13/2014,2576,828382,372877552.1,852,-1,-0.12,0
5/15/2014,2746,897584,362926041.5,853,1,0.12,1
5/18/2014,2380,952960,364439015.3,850,-3,-0.35,0
5/19/2014,2954,1609495,402377163,844,-6,-0.71,0
5/20/2014,2756,738605,395978441.9,844,0,0,1
5/21/2014,2825,878652,373806472.9,848,4,0.47,1
5/22/2014,2937,1603689,648337018.8,852,4,0.47,1
5/25/2014,3032,965678,542652903.4,861,9,1.06,1
5/26/2014,2838,780886,367150828.8,861,0,0,1
5/27/2014,2400,1027043,350045125.6,857,-4,-0.46,0
5/28/2014,2908,1191426,415587457.6,867,10,1.17,1
6/1/2014,2883,1616214,527522332.5,869,2,0.23,1
6/2/2014,3231,957093,537672773.1,880,11,1.27,1
6/3/2014,3386,1405767,522963735.6,885,5,0.57,1
6/4/2014,2715,803452,354485375.6,883,-2,-0.23,0
6/5/2014,2835,1049755,388562278.7,879,-4,-0.45,0
6/8/2014,3182,873081,380522207.7,883,4,0.46,1
6/9/2014,3857,1311832,465752118.8,885,2,0.23,1
6/10/2014,3869,2171778,566542866.5,895,10,1.13,1
6/11/2014,3958,1716755,617704215,900,5,0.56,1
6/12/2014,3946,1812866,529873645.1,905,5,0.56,1
6/15/2014,3837,1235184,553567250.9,928,23,2.54,1
6/16/2014,4495,1411243,695263007.2,939,11,1.19,1
6/17/2014,4641,1220092,618987169.1,935,-4,-0.43,0
6/18/2014,3557,926153,476937022,932,-3,-0.32,0
6/19/2014,3158,3111601,503723913.7,927,-5,-0.54,0
6/23/2014,2357,1183529,288365150.3,918,-9,-0.97,0
6/24/2014,3497,1422867,471690502.4,924,6,0.65,1
6/25/2014,3691,7489176,911899056.7,932,8,0.87,1
6/26/2014,3484,2374619,522269578.6,936,4,0.43,1
6/29/2014,3190,2568418,609279598.8,943,7,0.75,1
6/30/2014,3455,1104546,496554489,946,3,0.32,1
7/1/2014,4275,1526074,673979828.4,957,11,1.16,1
7/2/2014,3964,1426050,744467510.8,972,15,1.57,1
7/3/2014,4090,1500147,690115498,973,1,0.1,1
7/6/2014,4120,2338939,1513221583,986,13,1.34,1
7/7/2014,4725,3009920,1044340566,995,9,0.91,1
7/8/2014,4655,1657372,858289764.4,"1,015.00",20,2.01,1
7/9/2014,2813,934356,404668461.8,"1,017.00",2,0.2,1
7/10/2014,3747,1426213,645551113.8,"1,023.00",6,0.59,1
7/13/2014,4198,1698639,749397921,"1,037.00",14,1.37,1
7/14/2014,3242,1332621,487745751.2,"1,029.00",-8,-0.77,0
7/15/2014,3264,1351634,611337773.8,"1,026.00",-3,-0.29,0
7/16/2014,3397,1456141,653293627.1,"1,036.00",10,0.97,1
7/17/2014,4067,1116976,690415291.9,"1,046.00",10,0.97,1
7/20/2014,4839,1813805,966018207.6,"1,075.00",29,2.77,1
7/21/2014,5348,2171534,1203109771,"1,084.00",9,0.84,1
7/22/2014,4883,1661499,766027554.3,"1,078.00",-6,-0.55,0
7/23/2014,4999,1672210,794052720.7,"1,082.00",4,0.37,1
7/24/2014,4689,1774987,756787725.2,"1,079.00",-3,-0.28,0
7/27/2014,3413,1311942,561801341.5,"1,074.00",-5,-0.46,0
7/28/2014,1988,2791560,341139426.4,"1,073.00",-1,-0.09,0
7/30/2014,4850,1351966,573167433.8,"1,062.00",-11,-1.03,0
7/31/2014,4427,1393201,568257207.8,"1,066.00",4,0.38,1
8/3/2014,3822,1171402,483880351.6,"1,056.00",-10,-0.94,0
8/4/2014,3220,709293,383240080.8,"1,039.00",-17,-1.61,0
8/5/2014,3546,1266447,531452201.9,"1,045.00",6,0.58,1
8/6/2014,3866,926504,503759272.7,"1,041.00",-4,-0.38,0
8/7/2014,4687,1168849,530114186.4,"1,041.00",0,0,1
8/12/2014,2375,686768,306807120.5,"1,022.00",-19,-1.83,0
8/13/2014,3198,810796,449075179.7,"1,026.00",4,0.39,1
8/14/2014,2897,689735,395736274.4,"1,034.00",8,0.78,1
8/18/2014,3617,871606,477465112.1,"1,013.00",-21,-2.03,0
8/19/2014,4166,1033105,552490240.1,"1,014.00",1,0.1,1
8/20/2014,3933,997604,510945193.2,996,-18,-1.78,0
8/21/2014,3797,1074807,634968927.7,998,2,0.2,1
8/24/2014,2853,572710,340700793.4,985,-13,-1.3,0
8/25/2014,2726,899925,440844667.1,948,-37,-3.76,0
8/26/2014,3835,833128,517576222.7,922,-26,-2.74,0
8/27/2014,3830,1321508,617411921.1,960,38,4.12,1
8/28/2014,4017,1545447,611184287.4,972,12,1.25,1
8/31/2014,3450,1057099,503052594.9,953,-19,-1.95,0
9/1/2014,2961,887882,433262091.2,947,-6,-0.63,0
9/3/2014,2874,974735,328656170.6,934,-13,-1.37,0
9/4/2014,3113,863657,399195523,922,-12,-1.28,0
9/7/2014,2982,1829349,501797651,876,-46,-4.99,0
9/9/2014,3670,1027289,486786757.3,920,44,5.02,1
9/10/2014,3778,852789,460592192.2,911,-9,-0.98,0
9/11/2014,3182,770301,324565733.9,911,0,0,1
9/14/2014,2575,804253,343192152,902,-9,-0.99,0
9/15/2014,2753,503979,261769152.4,909,7,0.78,1
9/16/2014,3134,801265,466262442.6,920,11,1.21,1
9/17/2014,3554,1266490,483527824.8,913,-7,-0.76,0
9/18/2014,2592,810851,310335041.3,900,-13,-1.42,0
9/21/2014,2801,924603,283486341.8,884,-16,-1.78,0
9/22/2014,2767,495613,300712017,882,-2,-0.23,0
9/23/2014,2759,838716,274252210.1,896,14,1.59,1
9/24/2014,3107,1311067,696920334.6,912,16,1.79,1
9/28/2014,2312,1066437,413527795.6,917,5,0.55,1
9/29/2014,2389,604974,298306047,937,20,2.18,1
9/30/2014,2224,608047,301867744.6,938,1,0.11,1
10/8/2014,1004,170063,102169163,925,-13,-1.39,0
10/9/2014,1601,233079,100656851,922,-3,-0.32,0
10/12/2014,2260,319612,164276155,915,-7,-0.76,0
10/13/2014,2616,395601,184668443.8,909,-6,-0.66,0
10/14/2014,2257,411139,162432386.6,912,3,0.33,1
10/15/2014,2393,779783,291850426.1,923,11,1.21,1
10/16/2014,2404,471791,255802813.7,924,1,0.11,1
10/19/2014,2102,508292,220322031.6,926,2,0.22,1
10/20/2014,2061,460849,226414035.6,926,0,0,1
10/21/2014,2366,647603,244703562.2,924,-2,-0.22,0
10/22/2014,2087,504828,248629887,929,5,0.54,1
10/26/2014,1377,271798,139060861.3,930,1,0.11,1
10/27/2014,2165,666416,336269649.7,935,5,0.54,1
10/28/2014,2451,502280,225178484.2,933,-2,-0.21,0
10/30/2014,2666,584992,299444995.1,930,-3,-0.32,0
11/2/2014,2142,723089,278878422.2,921,-9,-0.97,0
11/3/2014,1816,403829,186055932.8,904,-17,-1.85,0
11/4/2014,1898,433941,206259054,897,-7,-0.77,0
11/5/2014,2070,366999,183282035.6,905,8,0.89,1
11/6/2014,2077,470998,224116011.4,905,0,0,1
11/9/2014,2308,517076,221876476.8,895,-10,-1.1,0
11/10/2014,2316,479334,214103055,885,-10,-1.12,0
11/11/2014,2063,518374,217909118.3,893,8,0.9,1
11/12/2014,2240,903036,288792888.9,884,-9,-1.01,0
11/13/2014,1982,525595,243561561,881,-3,-0.34,0
11/16/2014,1819,465431,220860256.5,866,-15,-1.7,0
11/17/2014,1955,566071,197597732.9,848,-18,-2.08,0
11/18/2014,2438,636127,271314859.2,844,-4,-0.47,0
11/19/2014,1896,461766,225350037.3,854,10,1.18,1
11/20/2014,2013,419126,214520685.1,863,9,1.05,1
11/23/2014,2167,566512,260977423.7,869,6,0.7,1
11/24/2014,1795,549485,225564988.1,864,-5,-0.58,0
11/25/2014,1859,325783,147645665,863,-1,-0.12,0
11/30/2014,1768,251179,115611724.1,857,-6,-0.7,0
12/1/2014,1935,387152,139611251,851,-6,-0.7,0
12/2/2014,1624,451655,181057578.9,846,-5,-0.59,0
12/3/2014,1939,508672,175561331.6,850,4,0.47,1
12/4/2014,1701,434032,180389649.1,854,4,0.47,1
12/7/2014,1476,461688,159323136.8,851,-3,-0.35,0
12/8/2014,1419,501994,156721431.5,848,-3,-0.35,0
12/9/2014,1659,400299,167871276,849,1,0.12,1
12/10/2014,1627,362577,131250331.6,856,7,0.82,1
12/11/2014,1854,489023,185511092.7,871,15,1.75,1
12/14/2014,2210,1071345,282359393.6,910,39,4.48,1
12/15/2014,2579,883047,357233141.9,917,7,0.77,1
12/16/2014,1873,530353,201437775.6,910,-7,-0.76,0
12/17/2014,1443,307596,157113756.1,900,-10,-1.1,0
12/18/2014,1316,437309,143894828,904,4,0.44,1
12/21/2014,1559,361299,138474248.8,897,-7,-0.77,0
12/22/2014,1754,273264,147235829,885,-12,-1.34,0
12/23/2014,2001,356056,160286938.3,877,-8,-0.9,0
12/24/2014,2308,430608,177689222.7,888,11,1.25,1
12/28/2014,2173,573869,306625448.1,904,16,1.8,1
12/29/2014,2251,610543,226394131.9,907,3,0.33,1
12/31/2014,2067,1063896,364963904.4,902,-5,-0.55,0
1/1/2015,1999,541502,177095292.7,904,2,0.22,1
1/4/2015,2374,552852,266108840.7,918,14,1.55,1
1/5/2015,2499,949497,324158645.7,920,2,0.22,1
1/6/2015,2256,861540,255169157.9,917,-3,-0.33,0
1/7/2015,2293,629444,260089560.9,925,8,0.87,1
1/8/2015,2415,1519410,333981693.9,931,6,0.65,1
1/11/2015,2198,777108,279769220.4,928,-3,-0.32,0
1/12/2015,1984,660972,220346860.8,928,0,0,1
1/13/2015,1835,533990,235739893,937,9,0.97,1
1/14/2015,2345,590348,249171506.5,940,3,0.32,1
1/18/2015,2556,883361,498548337.3,945,5,0.53,1
1/19/2015,3239,1593578,862191399,975,30,3.17,1
1/20/2015,2193,622506,288611199.3,963,-12,-1.23,0
1/22/2015,1968,667105,238589507.5,959,-4,-0.42,0
1/25/2015,2496,2690604,1083279243,969,10,1.04,1
1/26/2015,2935,2442211,983839408.4,969,0,0,1
1/27/2015,2646,3252490,512906156.2,975,6,0.62,1
1/28/2015,2524,917771,358707917.2,988,13,1.33,1
1/29/2015,3026,1876499,649907215.7,987,-1,-0.1,0
2/1/2015,2583,1041881,356767955.9,991,4,0.41,1
2/2/2015,2929,1339069,455490867.1,991,0,0,1
2/3/2015,2300,769689,329340561.8,988,-3,-0.3,0
2/4/2015,2813,776300,343280812.3,987,-1,-0.1,0
2/5/2015,2389,622234,267398265.4,984,-3,-0.3,0
2/8/2015,2639,572012,273006750.3,986,2,0.2,1
2/9/2015,2807,693704,316768121.6,981,-5,-0.51,0
2/10/2015,2919,543364,255176918,981,0,0,1
2/11/2015,2017,565273,227026819.9,981,0,0,1
2/12/2015,2484,1033874,359445415.9,985,4,0.41,1
2/15/2015,2668,769105,325603369.2,990,5,0.51,1
2/16/2015,2549,827740,336931888.6,987,-3,-0.3,0
2/18/2015,2360,710590,277853500.1,983,-4,-0.41,0
2/22/2015,2160,631737,274577878.6,971,-12,-1.22,0
2/23/2015,2190,673398,252348612.6,974,3,0.31,1
2/24/2015,1699,1239177,501204005,971,-3,-0.31,0
2/25/2015,1893,463187,177036581.7,971,0,0,1
2/26/2015,1481,645501,186899358,979,8,0.82,1
3/1/2015,1607,562014,202750956.5,976,-3,-0.31,0
3/2/2015,1682,778167,236538319.4,985,9,0.92,1
3/3/2015,1895,729478,224584736.4,981,-4,-0.41,0
3/4/2015,1836,607015,258573339.7,983,2,0.2,1
3/9/2015,2399,827028,308155764.7,989,6,0.61,1
3/10/2015,1740,714397,239661891.3,984,-5,-0.51,0
3/11/2015,1723,697188,309600852.6,984,0,0,1
3/12/2015,1711,570330,197401540.9,978,-6,-0.61,0
3/15/2015,1179,294565,109894845,971,-7,-0.72,0
3/16/2015,1479,453475,171329323.3,959,-12,-1.24,0
3/17/2015,1393,334751,168853188,963,4,0.42,1
3/18/2015,1447,545742,193239678.9,964,1,0.1,1
3/19/2015,1605,541725,206186449.8,968,4,0.41,1
3/22/2015,1622,513612,185019321.3,964,-4,-0.41,0
3/23/2015,1422,493740,198735588.6,957,-7,-0.73,0
3/24/2015,1225,620055,213195774.2,954,-3,-0.31,0
3/25/2015,1447,381169,181406894.5,951,-3,-0.31,0
3/26/2015,1329,535618,276034954.1,942,-9,-0.95,0
3/29/2015,1148,310828,124404351.4,942,0,0,1
3/30/2015,953,277150,115613216.1,939,-3,-0.32,0
3/31/2015,1252,541858,166380122.2,946,7,0.75,1
4/1/2015,1027,383639,122643606.1,940,-6,-0.63,0
4/2/2015,1337,394464,141426474.1,940,0,0,1
4/5/2015,1085,588940,103223803.4,934,-6,-0.64,0
4/6/2015,1233,575509,171617067.1,938,4,0.43,1
4/7/2015,915,312062,131594671.7,936,-2,-0.21,0
4/8/2015,1306,504834,216751320.9,942,6,0.64,1
4/9/2015,1394,426255,179243324.2,947,5,0.53,1
4/12/2015,1640,429981,199959391.4,952,5,0.53,1
4/13/2015,1427,744975,207457169.6,948,-4,-0.42,0
4/15/2015,1092,284370,117022018.6,944,-4,-0.42,0
4/16/2015,1462,461635,197542090.9,950,6,0.64,1
4/19/2015,1188,432977,141584688.6,946,-4,-0.42,0
4/20/2015,1271,695003,172734200.6,945,-1,-0.11,0
4/21/2015,1459,419409,217477863.7,945,0,0,1
4/22/2015,1298,447484,173964991.5,942,-3,-0.32,0
4/23/2015,1469,629634,202244869.8,938,-4,-0.42,0
5/24/2015,249,593078,115367753,910,-28,-2.99,0
5/25/2015,802,181195,136360433.7,881,-29,-3.19,0
5/26/2015,1416,444909,162606247,860,-21,-2.38,0
5/27/2015,1271,277515,152178200,838,-22,-2.56,0
5/28/2015,1414,419834,179691182,842,4,0.48,1
5/31/2015,1725,447059,199907750,872,30,3.56,1
6/1/2015,1981,690825,272852216.1,890,18,2.06,1
6/2/2015,1555,548461,245925202.4,902,12,1.35,1
6/3/2015,1896,722859,303448153.2,925,23,2.55,1
6/4/2015,1940,784155,270682661.3,927,2,0.22,1
6/7/2015,1709,505570,219345219.7,931,4,0.43,1
6/8/2015,2246,1159433,360141335.3,945,14,1.5,1
6/9/2015,3266,1191708,529681362.7,967,22,2.33,1
6/10/2015,1923,604402,263437750.5,956,-11,-1.14,0
6/11/2015,1571,518196,245064983.3,938,-18,-1.88,0
6/14/2015,1555,644895,175587922,928,-10,-1.07,0
6/15/2015,1400,621249,220664045.4,934,6,0.65,1
6/16/2015,1439,725093,247374519.2,931,-3,-0.32,0
6/17/2015,1447,429488,178562003.2,928,-3,-0.32,0
6/18/2015,1181,473513,162518968.5,925,-3,-0.32,0
6/21/2015,1306,390977,157772294,918,-7,-0.76,0
6/22/2015,1454,516055,188101577.3,922,4,0.44,1
6/23/2015,1367,547058,203892360.1,926,4,0.43,1
6/24/2015,1490,811161,265526908.9,928,2,0.22,1
6/25/2015,1761,503481,241009683.6,930,2,0.22,1
6/28/2015,1936,1023820,388775873,938,8,0.86,1
6/29/2015,2079,606879,370641314.6,946,8,0.85,1
6/30/2015,2094,639393,341329225.3,949,3,0.32,1
7/1/2015,1677,426634,280317897.7,946,-3,-0.32,0
7/2/2015,1617,411948,211671310.3,939,-7,-0.74,0
7/5/2015,1459,437546,173035204.1,938,-1,-0.11,0
7/6/2015,1442,600584,259649920.5,937,-1,-0.11,0
7/7/2015,1611,760237,266306934.6,941,4,0.43,1
7/8/2015,1480,1046895,215980439.1,943,2,0.21,1
7/9/2015,1411,777582,363819184.5,943,0,0,1
7/12/2015,1423,389585,259310853.7,945,2,0.21,1
7/13/2015,1334,526431,212360470.4,944,-1,-0.11,0
7/14/2015,1393,977478,257897837.3,946,2,0.21,1
7/15/2015,1464,970394,342478757.8,951,5,0.53,1
7/16/2015,1749,612218,245582108.8,961,10,1.05,1
7/22/2015,2396,739648,389905745.7,963,2,0.21,1
7/23/2015,3459,1168211,538434350.6,"1,003.00",40,4.15,1
7/26/2015,795,1702370,339493266,"1,054.00",51,5.08,1
7/27/2015,5421,2226453,1300705562,"1,046.00",-8,-0.76,0
7/28/2015,3325,1128851,540060423.4,"1,028.00",-18,-1.72,0
7/29/2015,2670,1159447,423001664.3,"1,021.00",-7,-0.68,0
7/30/2015,3099,999041,451982082.1,"1,028.00",7,0.69,1
8/2/2015,1863,545766,263546678.7,"1,034.00",6,0.58,1
8/3/2015,3309,1346062,702005880.9,"1,030.00",-4,-0.39,0
8/4/2015,3929,993440,452153149.7,"1,030.00",0,0,1
8/5/2015,3638,909928,397890782.9,"1,034.00",4,0.39,1
8/6/2015,4755,1050045,664903787,"1,040.00",6,0.58,1
8/9/2015,4041,1110766,645100257.6,"1,063.00",23,2.21,1
8/10/2015,4339,1145217,731747189.6,"1,081.00",18,1.69,1
8/11/2015,3960,916738,559336219.5,"1,078.00",-3,-0.28,0
8/12/2015,4016,1054826,543632144.3,"1,077.00",-1,-0.09,0
8/13/2015,5131,1335795,701278445.5,"1,088.00",11,1.02,1
8/16/2015,6512,1615314,988047891.6,"1,112.00",24,2.21,1
8/17/2015,3666,1353622,825538754,"1,158.00",46,4.14,1
8/18/2015,4267,2628247,761298149.3,"1,160.00",2,0.17,1
8/19/2015,4491,1221936,666379482.9,"1,192.00",32,2.76,1
8/20/2015,5716,1612174,773029074.6,"1,201.00",9,0.76,1
8/23/2015,6576,1694373,583108695.3,"1,185.00",-16,-1.33,0
8/24/2015,2756,2048658,468086834.6,"1,182.00",-3,-0.25,0
8/25/2015,2082,778485,330868958.4,"1,181.00",-1,-0.08,0
8/26/2015,2068,857233,297896547.7,"1,176.00",-5,-0.42,0
8/27/2015,2682,1049984,824218855.9,"1,184.00",8,0.68,1
8/31/2015,2868,931860,613371929.6,"1,200.00",16,1.35,1
9/1/2015,2997,1219562,664016115.5,"1,191.00",-9,-0.75,0
9/2/2015,2722,1003805,707099999.8,"1,176.00",-15,-1.26,0
9/3/2015,2363,903408,559789041,"1,169.00",-7,-0.6,0
9/6/2015,2428,942568,524580010.8,"1,167.00",-2,-0.17,0
9/7/2015,2006,1799382,364074608.2,"1,171.00",4,0.34,1
9/8/2015,2193,820409,420458542.5,"1,175.00",4,0.34,1
9/9/2015,2021,766672,395780957.5,"1,173.00",-2,-0.17,0
9/10/2015,2300,1145672,471426452.1,"1,169.00",-4,-0.34,0
9/13/2015,2330,1178104,468162707,"1,184.00",15,1.28,1
9/14/2015,2742,1079422,572691564.8,"1,194.00",10,0.84,1
9/15/2015,2990,1075108,639238504,"1,205.84",11.84,0.99,1
9/16/2015,2729,1047681,584043597,"1,202.81",-3.03,-0.25,0
9/17/2015,3220,1129328,595009871.6,"1,196.02",-6.79,-0.56,0
9/22/2015,2639,836786,532943700.8,"1,156.08",-39.94,-3.34,0
9/23/2015,2312,804115,498814329,"1,183.36",27.28,2.36,1
9/24/2015,2934,986260,599206697,"1,176.86",-6.5,-0.55,0
9/28/2015,2368,684148,492624813,"1,160.09",-16.77,-1.42,0
9/29/2015,2319,783757,464431093.7,"1,169.30",9.21,0.79,1
9/30/2015,3054,927149,592401150.2,"1,181.28",11.98,1.02,1
10/1/2015,2180,684018,441914099.6,"1,178.74",-2.54,-0.22,0
10/4/2015,2469,721034,493083895.4,"1,183.48",4.74,0.4,1
10/5/2015,2068,488767,375390849.3,"1,171.27",-12.21,-1.03,0
10/6/2015,2182,782657,373609787,"1,158.79",-12.48,-1.07,0
10/7/2015,1784,750009,358706311.3,"1,149.45",-9.34,-0.81,0
10/8/2015,2090,1028873,543888777,"1,162.06",12.61,1.1,1
10/11/2015,1834,1263122,622559729.2,"1,143.88",-18.18,-1.56,0
10/14/2015,1423,395022,272915922,"1,135.09",-8.79,-0.77,0
10/15/2015,1509,524556,292628459.9,"1,134.47",-0.62,-0.05,0
10/18/2015,1296,405962,283548618.6,"1,119.83",-14.64,-1.29,0
10/19/2015,1156,684230,313924597.9,"1,127.42",7.59,0.68,1
10/25/2015,303,147912,60917199.99,"1,121.05",-6.37,-0.57,0
10/27/2015,1423,361616,207211550.9,"1,091.73",-29.32,-2.62,0
10/28/2015,2035,420683,258411499.4,"1,084.37",-7.36,-0.67,0
10/29/2015,1892,398259,279126686.4,"1,092.04",7.67,0.71,1
11/1/2015,1305,369124,185421229.6,"1,088.30",-3.74,-0.34,0
11/2/2015,1358,332532,182571212.9,"1,091.83",3.53,0.32,1
11/3/2015,1043,412810,174460047.4,"1,085.87",-5.96,-0.55,0
11/4/2015,1117,352496,162606233.8,"1,092.30",6.43,0.59,1
11/5/2015,1467,374587,223310401,"1,090.68",-1.62,-0.15,0
11/8/2015,1070,379623,189681335,"1,086.57",-4.11,-0.38,0
11/9/2015,1562,1056090,243757423.3,"1,107.43",20.86,1.92,1
11/10/2015,1302,404226,194612444.6,"1,109.29",1.86,0.17,1
11/15/2015,779,239110,156274463,"1,100.09",-9.2,-0.83,0
11/16/2015,1196,505439,184681458.4,"1,094.18",-5.91,-0.54,0
11/18/2015,1560,470815,214672262,"1,099.25",5.07,0.46,1
11/19/2015,1340,374878,203745000,"1,094.57",-4.68,-0.43,0
11/22/2015,1743,532551,241707830.7,"1,071.38",-23.19,-2.12,0
11/23/2015,2026,418169,237591552.1,"1,075.80",4.42,0.41,1
11/24/2015,3361,449838,210918518.9,"1,066.69",-9.11,-0.85,0
11/25/2015,2882,455293,220586894.1,"1,056.42",-10.27,-0.96,0
11/26/2015,2620,584014,333021728,"1,044.01",-12.41,-1.17,0
11/29/2015,2539,542532,321696166.6,"1,022.77",-21.24,-2.03,0
11/30/2015,2176,668614,275917741.9,"1,034.12",11.35,1.11,1
12/1/2015,2039,416811,207362213.5,"1,066.38",32.26,3.12,1
12/2/2015,2018,612830,290996187,"1,062.78",-3.6,-0.34,0
12/3/2015,2102,624534,366298337.1,"1,072.94",10.16,0.96,1
12/6/2015,2900,516820,356510183.5,"1,102.84",29.9,2.79,1
12/7/2015,3118,575985,388730313.6,"1,107.94",5.1,0.46,1
12/8/2015,2525,475346,313862748,"1,107.23",-0.71,-0.06,0
12/9/2015,3031,801687,421964664.3,"1,122.79",15.56,1.41,1
12/10/2015,2702,622453,385467383.9,"1,119.35",-3.44,-0.31,0
12/13/2015,3458,764274,341009578.3,"1,118.57",-0.78,-0.07,0
12/14/2015,2725,448481,236843724,"1,120.18",1.61,0.14,1
12/15/2015,2708,774665,472289058.5,"1,121.02",0.84,0.07,1
12/16/2015,3460,830425,443371274,"1,116.19",-4.83,-0.43,0
12/17/2015,3280,517584,420484536,"1,110.68",-5.51,-0.49,0
12/20/2015,4021,448019,311426665,"1,118.81",8.13,0.73,1
12/21/2015,4711,727190,504653979,"1,131.52",12.71,1.14,1
12/22/2015,4405,814958,532034847,"1,138.18",6.66,0.59,1
12/23/2015,4146,725903,430958344,"1,133.34",-4.84,-0.43,0
12/24/2015,4529,767309,462031141.8,"1,137.03",3.69,0.33,1
12/27/2015,3653,1163082,429863780.7,"1,135.47",-1.56,-0.14,0
12/28/2015,3756,613118,352010547,"1,131.95",-3.52,-0.31,0
12/29/2015,4467,995308,499561465,"1,142.17",10.22,0.9,1
12/31/2015,4255,1139628,556933422,"1,151.38",9.21,0.81,1
1/4/2016,3760,702650,492657726.6,"1,154.62",3.24,0.28,1
1/5/2016,4287,687872,419250731.7,"1,146.11",-8.51,-0.74,0
1/6/2016,4321,821382,445862931.1,"1,149.89",3.78,0.33,1
1/7/2016,4551,1009087,581980565.2,"1,164.14",14.25,1.24,1
1/10/2016,4973,976108,496282164,"1,167.18",3.04,0.26,1
1/11/2016,5038,793100,419764778.2,"1,168.81",1.63,0.14,1
1/12/2016,5964,750308,469618892.5,"1,173.60",4.79,0.41,1
1/13/2016,4752,1387314,508395071.1,"1,180.98",7.38,0.63,1
1/14/2016,6666,1223256,570855228.5,"1,190.16",9.18,0.78,1
1/17/2016,2568,825944,548103720.4,"1,212.00",21.84,1.84,1
1/18/2016,2795,883712,623305958,"1,214.31",2.31,0.19,1
1/19/2016,2067,659280,426989170,"1,213.71",-0.6,-0.05,0
1/20/2016,2188,663707,444382212,"1,213.57",-0.14,-0.01,0
1/21/2016,2274,727257,458952240.1,"1,212.32",-1.25,-0.1,0
1/24/2016,2369,801033,541706036.5,"1,219.62",7.3,0.6,1
1/25/2016,2543,756172,492082483,"1,222.43",2.81,0.23,1
1/26/2016,2018,695582,401026966.6,"1,218.39",-4.04,-0.33,0
1/27/2016,1886,623652,363955652.6,"1,216.96",-1.43,-0.12,0
1/28/2016,1696,568565,386744953.5,"1,216.11",-0.85,-0.07,0
1/31/2016,1976,628233,423465125.4,"1,220.70",4.59,0.38,1
2/1/2016,2897,936251,551997933.9,"1,238.02",17.32,1.42,1
2/2/2016,2979,1013336,559221207,"1,240.07",2.05,0.17,1
2/3/2016,2705,755613,559841555.7,"1,242.13",2.06,0.17,1
2/4/2016,3359,1140103,708025439.7,"1,251.42",9.29,0.75,1
2/7/2016,3751,1311734,754646328.9,"1,262.82",11.4,0.91,1
2/8/2016,3301,1119170,615516127.2,"1,263.75",0.93,0.07,1
2/11/2016,3068,890646,538684166,"1,263.72",-0.03,0,1
2/14/2016,2732,1759687,529092888,"1,259.35",-4.37,-0.35,0
2/15/2016,2229,978301,403303824.3,"1,258.23",-1.12,-0.09,0
2/16/2016,2191,1432281,455062940,"1,257.34",-0.89,-0.07,0
2/17/2016,2355,959187,494568209.2,"1,266.08",8.74,0.7,1
2/18/2016,3026,3344827,656611540.2,"1,273.28",7.2,0.57,1
2/21/2016,2742,1865015,631229133,"1,278.92",5.64,0.44,1
2/22/2016,2657,1692237,717464595.7,"1,291.81",12.89,1.01,1
2/23/2016,2366,1322067,555655779.5,"1,285.93",-5.88,-0.46,0
2/24/2016,1816,1011689,427146669.2,"1,279.90",-6.03,-0.47,0
2/25/2016,2111,2129444,512317483.4,"1,283.52",3.62,0.28,1
2/28/2016,2482,927124,534460697.2,"1,283.67",0.15,0.01,1
2/29/2016,2267,657310,522088583.9,"1,283.94",0.27,0.02,1
3/1/2016,2552,1048918,512721926,"1,289.52",5.58,0.43,1
3/2/2016,3226,1046888,603148270.8,"1,295.78",6.26,0.49,1
3/3/2016,2945,1083780,621876435.1,"1,300.76",4.98,0.38,1
3/6/2016,3628,1095394,782352891.6,"1,306.54",5.78,0.44,1
3/10/2016,4041,1844209,966763367.5,"1,318.03",11.49,0.88,1
3/13/2016,4287,1460603,1008216043,"1,318.88",0.85,0.06,1
3/14/2016,3109,1080461,659613957.3,"1,312.20",-6.68,-0.51,0
3/15/2016,3596,1196348,738294245.1,"1,312.85",0.65,0.05,1
3/16/2016,3403,1022981,708396560.5,"1,315.77",2.92,0.22,1
3/17/2016,4043,1970953,926226487.6,"1,326.53",10.76,0.82,1
3/20/2016,3828,1925463,899786761.3,"1,343.93",17.4,1.31,1
3/21/2016,4561,1932439,970399707.6,"1,342.07",-1.86,-0.14,0
3/23/2016,3761,1426414,733316443.4,"1,345.53",3.46,0.26,1
3/24/2016,3957,1334974,845161199.3,"1,357.14",11.61,0.86,1
3/27/2016,4521,1485509,1140726294,"1,377.33",20.19,1.49,1
3/28/2016,4038,1636160,821987426.6,"1,374.75",-2.58,-0.19,0
3/29/2016,3014,1726537,587114710.8,"1,370.04",-4.71,-0.34,0
3/30/2016,2885,958693,697935206.2,"1,362.98",-7.06,-0.52,0
3/31/2016,3111,1007490,637746865.6,"1,355.48",-7.5,-0.55,0
4/3/2016,2610,700925,526777614.5,"1,351.54",-3.94,-0.29,0
4/4/2016,2649,745611,464412790,"1,362.53",10.99,0.81,1
4/5/2016,2780,986217,547101608.4,"1,375.26",12.73,0.93,1
4/6/2016,2846,979564,555857763.1,"1,377.42",2.16,0.16,1
4/10/2016,3118,1127105,673407299.6,"1,382.42",5,0.36,1
4/11/2016,2445,795501,468205189.9,"1,383.85",1.43,0.1,1
4/12/2016,2613,1470197,586507977.6,"1,388.63",4.78,0.35,1
4/14/2016,2621,1154695,559556799.6,"1,405.78",17.15,1.24,1
4/17/2016,2966,923277,661522094.8,"1,409.43",3.65,0.26,1
4/18/2016,3857,1948523,905184183.6,"1,428.60",19.17,1.36,1
4/19/2016,3816,1926912,823461525.2,"1,430.81",2.21,0.15,1
4/20/2016,4095,1397158,1078603178,"1,440.69",9.88,0.69,1
4/21/2016,3597,1239226,907919979.2,"1,441.67",0.98,0.07,1
4/24/2016,3641,1061835,859306079.5,"1,454.35",12.68,0.88,1
4/25/2016,4144,1563966,928145654.5,"1,461.75",7.4,0.51,1
4/26/2016,4815,1740129,999580864.1,"1,453.11",-8.64,-0.59,0
4/27/2016,3633,1344428,860966133.5,"1,458.38",5.27,0.36,1
4/28/2016,4256,1271279,965752586.7,"1,464.91",6.53,0.45,1
5/2/2016,3282,850894,761163664.1,"1,474.47",9.56,0.65,1
5/3/2016,4090,2325953,968121860.5,"1,471.95",-2.52,-0.17,0
5/4/2016,3650,970180,728374237.8,"1,468.11",-3.84,-0.26,0
5/5/2016,3751,865864,731140296,"1,463.13",-4.98,-0.34,0
5/8/2016,4230,1452269,937069282.5,"1,472.69",9.56,0.65,1
5/9/2016,4800,1579267,999174311.4,"1,482.90",10.21,0.69,1
5/10/2016,4447,1910610,1079903238,"1,484.04",1.14,0.08,1
5/11/2016,4700,1796902,1104882016,"1,481.18",-2.86,-0.19,0
5/12/2016,5099,1694535,1181570219,"1,481.94",0.76,0.05,1
5/15/2016,3774,1092509,775797654.1,"1,477.38",-4.56,-0.31,0
5/16/2016,3217,1338035,669534416,"1,467.51",-9.87,-0.67,0
5/17/2016,3807,1163596,747420280.2,"1,483.68",16.17,1.1,1
5/18/2016,4451,1423360,1026869876,"1,496.41",12.73,0.86,1
5/19/2016,5341,1962959,1085449670,"1,499.32",2.91,0.19,1
5/22/2016,5596,2823660,1248978417,"1,509.39",10.07,0.67,1
5/23/2016,5999,3362452,1444914544,"1,524.07",14.68,0.97,1
5/24/2016,6381,4062589,1654983164,"1,544.53",20.46,1.34,1
5/25/2016,5807,1913516,1441271250,"1,524.12",-20.41,-1.32,0
5/26/2016,5172,2607367,1381386260,"1,525.09",0.97,0.06,1
5/29/2016,4663,2178874,1180175099,"1,522.25",-2.84,-0.19,0
5/30/2016,5549,1991605,1195741957,"1,526.96",4.71,0.31,1
5/31/2016,5992,2480226,1322630504,"1,532.12",5.16,0.34,1
6/1/2016,5975,2351133,1226400677,"1,523.56",-8.56,-0.56,0
6/2/2016,5507,1401002,1049706995,"1,518.12",-5.44,-0.36,0
6/5/2016,6480,2445001,1391560452,"1,483.14",-34.98,-2.3,0
6/6/2016,5392,1622537,1151702769,"1,516.80",33.66,2.27,1
6/7/2016,5574,1659133,1142644091,"1,531.49",14.69,0.97,1
6/8/2016,5625,1652566,1289993667,"1,546.80",15.31,1,1
6/9/2016,6760,1887704,1898405803,"1,566.70",19.9,1.29,1
6/12/2016,7344,2130875,1963096372,"1,597.96",31.26,2,1
6/13/2016,6797,1953431,1709417833,"1,609.59",11.63,0.73,1
6/14/2016,7055,3750530,2196074762,"1,614.15",4.56,0.28,1
6/15/2016,5993,1792114,1398977515,"1,620.47",6.32,0.39,1
6/16/2016,7451,5683666,2057941306,"1,632.94",12.47,0.77,1
6/19/2016,6458,1931870,1656379398,"1,622.27",-10.67,-0.65,0
6/20/2016,5781,1845718,1196587638,"1,615.10",-7.17,-0.44,0
6/21/2016,5377,1819913,1220246382,"1,628.81",13.71,0.85,1
6/22/2016,6662,2294724,1781734949,"1,647.51",18.7,1.15,1
6/23/2016,7799,3219308,1987039035,"1,666.29",18.78,1.14,1
6/26/2016,6271,6393162,1605019096,"1,685.17",18.88,1.13,1
6/27/2016,6156,4923314,1635714145,"1,721.77",36.6,2.17,1
6/28/2016,7538,4939225,1836917876,"1,724.19",2.42,0.14,1
6/29/2016,6410,4681800,1581415135,"1,724.59",0.4,0.02,1
6/30/2016,6511,2327093,1753664385,"1,723.23",-1.36,-0.08,0
7/3/2016,6481,2083282,1852418439,"1,719.20",-4.03,-0.23,0
7/4/2016,6505,1817111,1544903068,"1,716.83",-2.37,-0.14,0
7/5/2016,5652,1905356,1296800346,"1,713.03",-3.8,-0.22,0
7/6/2016,5832,4187176,1336426012,"1,715.72",2.69,0.16,1
7/10/2016,5924,2217564,1436302569,"1,722.53",6.81,0.4,1
7/11/2016,4436,1814518,913883532.2,"1,702.27",-20.26,-1.18,0
7/12/2016,5212,1639247,1139154301,"1,693.07",-9.2,-0.54,0
7/13/2016,4444,1966667,1097026724,"1,690.43",-2.64,-0.16,0
7/14/2016,6115,2540503,1467567853,"1,718.15",27.72,1.64,1
7/17/2016,7071,2270695,1360262844,"1,745.74",27.59,1.61,1
7/18/2016,9091,2870187,1953575011,"1,786.57",40.83,2.34,1
7/19/2016,9730,2902127,2140860485,"1,800.47",13.9,0.78,1
7/20/2016,9291,3474801,2129115713,"1,786.84",-13.63,-0.76,0
7/21/2016,7521,3154470,1486897253,"1,798.83",0,0,1
7/21/2016,7521,3154470,1486897253,"1,798.83",11.99,0.67,1
7/25/2016,10140,4740845,2239974972,"1,838.49",39.66,2.2,1
7/26/2016,11740,5888615,2753603372,"1,866.50",28.01,1.52,1
7/27/2016,10791,4388648,2266208312,"1,881.45",14.95,0.8,1
7/28/2016,10120,10706935,2300125142,"1,877.93",-3.52,-0.19,0
7/31/2016,8179,3594519,1754886510,"1,862.76",-15.17,-0.81,0
8/1/2016,7385,5115220,1848907721,"1,845.41",-17.35,-0.93,0
8/2/2016,6860,3297214,1421788630,"1,826.47",-18.94,-1.03,0
8/3/2016,6283,2499468,1283115041,"1,813.72",0,0,1
8/3/2016,6283,2499468,1283115041,"1,813.72",-12.75,-0.7,0
8/4/2016,7732,2750901,1500807592,"1,768.60",-45.12,-2.49,0
8/7/2016,8066,2116225,1531253006,"1,764.72",-3.88,-0.22,0
8/8/2016,4816,1162571,879381811.4,"1,675.91",0,0,1
8/8/2016,4816,1162571,879381811.4,"1,675.91",-88.81,-5.03,0
8/9/2016,1112,310877,298332785,"1,760.42",84.51,5.04,1
8/10/2016,9870,3585860,2033315899,"1,779.57",19.15,1.09,1
8/11/2016,7590,3544496,1318141984,"1,774.87",-4.7,-0.26,0
8/14/2016,6946,2180689,1141072799,"1,733.93",-40.94,-2.31,0
8/15/2016,6638,2417110,1192770161,"1,694.81",-39.12,-2.26,0
8/16/2016,6067,2038896,1063141094,"1,717.45",22.64,1.34,1
8/17/2016,6070,1697826,1000549431,"1,735.06",17.61,1.03,1
8/21/2016,4017,1031554,687731515.3,"1,722.43",-12.63,-0.73,0
8/22/2016,5602,1190203,861549173.1,"1,683.12",-39.31,-2.28,0
8/23/2016,5198,1451730,881069510.1,"1,681.86",-1.26,-0.07,0
8/24/2016,5146,1112963,1022910774,"1,730.62",48.76,2.9,1
8/28/2016,6258,1315324,1358583665,"1,748.23",0,0,1
8/28/2016,6258,1315324,1358583665,"1,748.23",17.61,1.02,1
8/29/2016,6656,2957498,1508434860,"1,766.54",18.31,1.05,1
8/30/2016,6793,1896732,1450599345,"1,788.08",21.54,1.22,1
8/31/2016,6188,1758919,1252924501,"1,797.45",9.37,0.52,1
9/1/2016,8080,1799511,1354378157,"1,805.18",7.73,0.43,1
9/4/2016,9075,2114885,1648961015,"1,819.83",14.65,0.81,1
9/5/2016,10773,2246243,1921478029,"1,838.90",19.07,1.05,1
9/6/2016,8285,2260375,1812951904,"1,834.80",-4.1,-0.22,0
9/7/2016,7222,2931984,1652190290,"1,824.83",-9.97,-0.54,0
9/8/2016,6522,2143470,1500182264,"1,823.05",-1.78,-0.1,0
9/11/2016,5764,1851141,1177442861,"1,816.81",-6.24,-0.34,0
9/12/2016,5635,2902255,1197845729,"1,818.69",1.88,0.1,1
9/14/2016,7132,1664283,1374429724,"1,815.17",-3.52,-0.19,0
9/18/2016,6727,2491604,2461253320,"1,804.48",0,0,1
9/18/2016,6727,2491604,2461253320,"1,804.48",-10.69,-0.59,0
9/20/2016,6937,1615157,1344842706,"1,786.50",-17.98,-1,0
9/21/2016,4994,2219286,949400452.1,"1,779.13",0,0,1
9/21/2016,4994,2219286,949400452.1,"1,779.13",-7.37,-0.41,0
9/22/2016,5212,913964,896699055.7,"1,766.91",-12.22,-0.69,0
9/25/2016,5707,1152849,1055518583,"1,730.64",-36.27,-2.05,0
9/26/2016,5083,1141022,1074745597,"1,757.10",26.46,1.53,1
9/27/2016,4997,965794,756453906.4,"1,753.72",-3.38,-0.19,0
9/28/2016,4253,1109361,751572391,"1,749.10",-4.62,-0.26,0
9/29/2016,4708,923051,805690223.2,"1,753.38",4.28,0.24,1
10/2/2016,4296,1012192,878748820.4,"1,763.78",10.4,0.59,1
10/3/2016,3730,895941,790186375.4,"1,780.40",16.62,0.94,1
10/4/2016,4542,1027237,1128744969,"1,798.50",18.1,1.02,1
10/5/2016,4303,1018245,928408704.5,"1,806.60",8.1,0.45,1
10/6/2016,5014,1556327,1027711392,"1,819.88",13.28,0.74,1
10/16/2016,3248,766844,600588814.3,"1,803.74",-16.14,-0.89,0
10/17/2016,3630,779593,635074322.5,"1,793.36",-10.38,-0.58,0
10/18/2016,3178,698868,508072342,"1,792.73",-0.63,-0.04,0
10/19/2016,3287,849161,564198727.4,"1,787.89",-4.84,-0.27,0
10/20/2016,3778,786271,702796335.3,"1,794.47",6.58,0.37,1
10/23/2016,5170,1079816,964151249.8,"1,782.39",-12.08,-0.67,0
10/24/2016,4814,1026962,936592269.8,"1,768.89",-13.5,-0.76,0
10/25/2016,4550,764838,713201231,"1,751.00",-17.89,-1.01,0
10/26/2016,4562,1052103,817461208.4,"1,753.46",2.46,0.14,1
10/27/2016,4524,1009652,696037969.3,"1,759.71",6.25,0.36,1
11/3/2016,3266,871131,538025122.6,"1,762.21",2.5,0.14,1
11/7/2016,4180,880409,687064570.8,"1,749.12",-13.09,-0.74,0
11/8/2016,4522,1037269,763327112.5,"1,724.49",-24.63,-1.41,0
11/9/2016,4510,1021813,687033822.8,"1,696.86",-27.63,-1.6,0
11/10/2016,5069,1063105,707241275.8,"1,697.17",0.31,0.02,1
11/13/2016,3738,859105,731037539.8,"1,700.00",2.83,0.17,1
11/14/2016,4163,853145,779668216.4,"1,706.28",6.28,0.37,1
11/15/2016,4477,943311,808799217.5,"1,701.91",-4.37,-0.26,0
11/16/2016,4686,1000048,1195253001,"1,698.90",-3.01,-0.18,0
11/17/2016,7005,1620662,1506454712,"1,658.08",-40.82,-2.4,0
11/20/2016,6769,1531785,1244939454,"1,599.62",-58.46,-3.53,0
11/21/2016,5721,1383083,927565144,"1,606.29",6.67,0.42,1
11/22/2016,5902,1266789,827371171.2,"1,582.47",-23.82,-1.48,0
11/23/2016,6665,1536593,1074288039,"1,540.01",-42.46,-2.68,0
11/24/2016,6228,1606898,992746451.9,"1,534.03",-5.98,-0.39,0
11/27/2016,6382,1475097,964564091.5,"1,469.48",-64.55,-4.21,0
11/28/2016,6713,1395511,1103435007,"1,510.16",40.68,2.77,1
11/29/2016,7648,1414328,1191912213,"1,553.68",43.52,2.88,1
11/30/2016,8689,1525409,1363580986,"1,608.33",54.65,3.52,1
12/1/2016,8004,1650727,1208739123,"1,600.49",-7.84,-0.49,0
12/4/2016,5080,1080776,755368760.6,"1,570.95",-29.54,-1.85,0
12/5/2016,4991,891554,648213916.8,"1,544.60",-26.35,-1.68,0
12/6/2016,5007,940421,771819301,"1,554.51",9.91,0.64,1
12/7/2016,3742,681724,508750217.4,"1,553.90",-0.61,-0.04,0
12/8/2016,4501,703164,602528915.2,"1,544.68",-9.22,-0.59,0
12/11/2016,3819,700736,405557107.9,"1,522.80",-21.88,-1.42,0
12/12/2016,4018,1002734,548315350.7,"1,509.43",-13.37,-0.88,0
12/14/2016,3739,753595,486199912.4,"1,516.08",6.65,0.44,1
12/15/2016,3683,668925,493930524.8,"1,530.06",13.98,0.92,1
12/18/2016,4226,752463,622022696,"1,531.35",1.29,0.08,1
12/19/2016,4066,689193,561640562.7,"1,514.88",-16.47,-1.08,0
12/20/2016,4808,723746,683966595.1,"1,495.99",-18.89,-1.25,0
12/21/2016,4422,696672,481211110.5,"1,470.63",-25.36,-1.7,0
12/22/2016,3997,769920,502232808.3,"1,475.41",4.78,0.33,1
12/26/2016,4237,1550255,481247207.3,"1,432.57",-42.84,-2.9,0
12/27/2016,4818,1041220,595374383.3,"1,407.53",-25.04,-1.75,0
12/28/2016,4080,1596544,466039481.1,"1,413.15",5.62,0.4,1
12/29/2016,4288,1056509,566417156.8,"1,443.38",30.23,2.14,1
1/1/2017,4323,1008406,573350199.8,"1,465.72",22.34,1.55,1
1/2/2017,4433,1017754,514947183.2,"1,482.85",17.13,1.17,1
1/3/2017,3835,671652,397355515.4,"1,456.82",-26.03,-1.76,0
1/4/2017,2892,638866,328951014,"1,457.82",1,0.07,1
1/5/2017,3068,1212474,350772209.5,"1,454.14",-3.68,-0.25,0
1/8/2017,2833,1768962,411830586.3,"1,447.45",-6.69,-0.46,0
1/9/2017,2493,435381,264591037,"1,458.97",11.52,0.8,1
1/10/2017,2726,587602,373245601,"1,476.90",17.93,1.23,1
1/11/2017,2645,4564648,365504899.2,"1,476.51",-0.39,-0.03,0
1/12/2017,2443,2677013,322745881,"1,479.86",3.35,0.23,1
1/15/2017,2371,488385,275329887.5,"1,477.72",-2.14,-0.14,0
1/16/2017,2680,7651540,588769136.6,"1,466.09",-11.63,-0.79,0
1/17/2017,3351,850665,342558941.3,"1,463.04",-3.05,-0.21,0
1/18/2017,3142,1226115,312674908,"1,462.23",-0.81,-0.06,0
1/19/2017,3241,1101412,339523446.7,"1,462.56",0.33,0.02,1
1/22/2017,2654,729800,299112183.1,"1,465.84",3.28,0.22,1
1/23/2017,2996,2325769,432332865.8,"1,457.88",-7.96,-0.54,0
1/24/2017,3603,853460,385710676.1,"1,432.99",-24.89,-1.71,0
1/25/2017,4538,1704582,592860254,"1,396.61",-36.38,-2.54,0
1/26/2017,5569,1052869,519260288.1,"1,375.14",-21.47,-1.54,0
1/30/2017,5649,1126465,536628385.1,"1,309.70",-65.44,-4.76,0
1/31/2017,4395,1649798,528579900.8,"1,326.60",16.9,1.29,1
2/1/2017,5126,1833540,606906394.3,"1,389.83",63.23,4.77,1
2/2/2017,5490,1295599,543119307.7,"1,382.45",-7.38,-0.53,0
2/5/2017,3282,633778,261439356.7,"1,364.50",-17.95,-1.3,0
2/6/2017,3094,627840,236151741.5,"1,348.84",-15.66,-1.15,0
2/7/2017,3659,1185764,319880600.7,"1,344.60",-4.24,-0.31,0
2/8/2017,4667,1018598,345711667.6,"1,322.98",-21.62,-1.61,0
2/9/2017,5571,15414339,576022849.2,"1,296.23",-26.75,-2.02,0
2/12/2017,6158,1309885,494111612.5,"1,252.50",-43.73,-3.37,0
2/13/2017,5838,1303540,502423668.3,"1,278.98",26.48,2.11,1
2/14/2017,5124,1011685,404107262.4,"1,274.97",-4.01,-0.31,0
2/15/2017,5076,1613629,520287072.9,"1,316.80",41.83,3.28,1
2/16/2017,7284,2668973,660479991.7,"1,343.85",27.05,2.05,1
2/19/2017,6863,2102978,670707972.9,"1,369.35",25.5,1.9,1
2/20/2017,7972,1512329,822012391.4,"1,365.11",-4.24,-0.31,0
2/21/2017,6254,1093198,604323556.9,"1,357.57",-7.54,-0.55,0
2/22/2017,3758,764679,345518801.4,"1,344.11",-13.46,-0.99,0
2/23/2017,3404,761164,304893764.1,"1,337.46",-6.65,-0.49,0
2/26/2017,3207,512630,256942086.9,"1,313.01",-24.45,-1.83,0
2/28/2017,4141,1229659,544556485.7,"1,299.29",-13.72,-1.04,0
3/1/2017,3736,650014,320542555.6,"1,316.80",17.51,1.35,1
3/2/2017,4775,928210,411123003.8,"1,329.41",12.61,0.96,1
3/5/2017,4803,1185485,610199708.8,"1,354.34",24.93,1.88,1
3/6/2017,5664,1550238,747334337.7,"1,358.41",4.07,0.3,1
3/7/2017,4418,794579,419614255.3,"1,341.56",-16.85,-1.24,0
3/9/2017,3848,1045918,524875119.8,"1,347.53",5.97,0.45,1
3/13/2017,2872,706265,358594169.3,"1,355.23",7.7,0.57,1
3/14/2017,3417,945228,528586227.9,"1,347.09",-8.14,-0.6,0
3/15/2017,3009,855501,368983143.3,"1,356.13",9.04,0.67,1
3/16/2017,3584,1346170,537393215.1,"1,357.34",1.21,0.09,1
3/19/2017,5115,1448204,687794102,"1,382.19",24.85,1.83,1
3/20/2017,8122,2527535,1268521855,"1,424.38",42.19,3.05,1
3/21/2017,9192,2234053,1424902517,"1,462.23",37.85,2.66,1
3/22/2017,10623,2557452,1394678130,"1,481.08",18.85,1.29,1
3/23/2017,8426,2065840,1001685417,"1,486.04",4.96,0.33,1
3/26/2017,10558,3657122,1760125656,"1,533.83",47.79,3.22,1
3/28/2017,8468,2598549,1394022875,"1,610.62",76.79,5.01,1
3/29/2017,15081,5061689,2564725293,"1,588.29",-22.33,-1.39,0
3/30/2017,11149,2723626,1480078768,"1,587.64",-0.65,-0.04,0
4/2/2017,4540,1675318,964246327.1,"1,667.11",79.47,5.01,1
4/3/2017,13238,4332074,2536651218,"1,660.52",-6.59,-0.4,0
4/4/2017,10900,2717803,1631951694,"1,657.02",-3.5,-0.21,0
4/6/2017,9078,2337363,1412384970,"1,651.04",-5.98,-0.36,0
4/9/2017,8286,1948309,1226906903,"1,651.60",0.56,0.03,1
4/10/2017,9621,2969524,1622382228,"1,676.22",24.62,1.49,1
4/11/2017,11316,3104036,1907403389,"1,709.82",33.6,2,1
4/12/2017,11974,3896431,2072213108,"1,703.07",-6.75,-0.39,0
4/13/2017,9618,2133416,1487679015,"1,697.13",-5.94,-0.35,0
4/16/2017,7916,1687096,1211548040,"1,651.61",-45.52,-2.68,0
4/18/2017,10175,2209917,1509467338,"1,612.04",-39.57,-2.4,0
4/19/2017,7435,1802473,1071428968,"1,662.02",49.98,3.1,1
4/20/2017,8470,1817245,1389269419,"1,658.34",-3.68,-0.22,0
4/23/2017,10187,2219847,1533314920,"1,693.72",35.38,2.13,1
4/24/2017,8488,1626431,965203284.1,"1,675.78",-17.94,-1.06,0
4/25/2017,7906,1415859,1135185299,"1,672.38",-3.4,-0.2,0
4/26/2017,7584,1490248,955190499.9,"1,670.30",-2.08,-0.12,0
4/27/2017,8003,1451520,1104302218,"1,670.62",0.32,0.02,1
4/30/2017,6794,1240152,785652812.5,"1,650.78",-19.84,-1.19,0
5/2/2017,7043,1548252,929073133.7,"1,658.33",7.55,0.46,1
5/3/2017,7186,1300767,890600096.1,"1,662.38",4.05,0.24,1
5/4/2017,7125,1295573,795929954.7,"1,653.18",-9.2,-0.55,0
5/7/2017,6511,999712,692412068.1,"1,628.98",-24.2,-1.46,0
5/8/2017,5245,922251,572486108.8,"1,637.30",8.32,0.51,1
5/9/2017,5722,1011329,621443905.4,"1,650.81",13.51,0.83,1
5/11/2017,7317,2060795,917193123.2,"1,658.58",7.77,0.47,1
5/15/2017,4449,1131795,675503865.3,"1,659.23",0.65,0.04,1
5/16/2017,4124,2821715,504985657.7,"1,649.24",-9.99,-0.6,0
5/17/2017,4541,3164966,619802512.8,"1,644.26",-4.98,-0.3,0
5/18/2017,5541,1207609,781269884.4,"1,643.87",-0.39,-0.02,0
5/21/2017,5446,1197132,681943742.6,"1,627.24",-16.63,-1.01,0
5/22/2017,4222,985544,528670922.1,"1,616.40",-10.84,-0.67,0
5/23/2017,7974,1017346,786626831.6,"1,626.51",10.11,0.63,1
5/24/2017,6444,1366971,694426447.6,"1,629.58",3.07,0.19,1
5/28/2017,7788,1476813,756017588,"1,615.58",-14,-0.86,0
5/30/2017,7189,1297824,763812168.1,"1,594.43",-21.15,-1.31,0
5/31/2017,6408,1153502,679357631.9,"1,608.11",13.68,0.86,1
6/1/2017,6333,1192958,649107445.9,"1,604.31",-3.8,-0.24,0
6/4/2017,6914,950473,556736164.7,"1,593.81",-10.5,-0.65,0
6/5/2017,6336,1391890,620207889.5,"1,602.65",8.84,0.55,1
6/6/2017,7886,1516202,919328664.7,"1,637.37",34.72,2.17,1
6/7/2017,8038,1279507,764736811.2,"1,623.13",-14.24,-0.87,0
6/8/2017,5443,804939,489701544.4,"1,615.19",-7.94,-0.49,0
6/11/2017,7046,1123532,711372738.5,"1,590.49",-24.7,-1.53,0
6/12/2017,6718,798563,498825533.9,"1,580.52",-9.97,-0.63,0
6/13/2017,5604,918348,490275710.5,"1,585.15",4.63,0.29,1
6/14/2017,5500,948696,587965742,"1,584.49",-0.66,-0.04,0
6/15/2017,6056,1118551,673600699.5,"1,589.59",5.1,0.32,1
6/18/2017,4899,835787,583386437.4,"1,575.98",-13.61,-0.86,0
6/19/2017,5806,814359,649704171.4,"1,555.16",-20.82,-1.32,0
6/20/2017,5373,1158413,575621953.3,"1,551.07",-4.09,-0.26,0
6/21/2017,4766,891764,465826275.3,"1,554.69",3.62,0.23,1
6/22/2017,5168,1576757,671015564.6,"1,559.49",4.8,0.31,1
6/25/2017,5845,1585183,738772270.9,"1,567.72",8.23,0.53,1
6/27/2017,5985,1028137,618587022.4,"1,565.09",-2.63,-0.17,0
6/28/2017,4356,798817,496422372.7,"1,563.81",-1.28,-0.08,0
7/2/2017,6146,931145,566962888.2,"1,541.82",-21.99,-1.41,0
7/3/2017,4999,838376,446775857.6,"1,544.29",2.47,0.16,1
7/4/2017,4800,664271,375958169.9,"1,541.28",-3.01,-0.19,0
7/5/2017,5500,1079568,482977013.7,"1,551.06",9.78,0.63,1
7/6/2017,6696,3509390,763068833.3,"1,582.11",31.05,2,1
7/9/2017,9087,2687126,1126766561,"1,584.15",2.04,0.13,1
7/10/2017,5820,2865092,693597540.9,"1,575.22",-8.93,-0.56,0
7/11/2017,4804,1930740,996328604.1,"1,585.01",9.79,0.62,1
7/12/2017,5448,1914659,640244988,"1,587.56",2.55,0.16,1
7/13/2017,8204,2040728,746477000.6,"1,582.67",-4.89,-0.31,0
7/16/2017,5787,1294249,681253290.5,"1,583.57",0.9,0.06,1
7/17/2017,6632,2012275,694242474.8,"1,604.15",20.58,1.3,1
7/18/2017,9222,1977421,1217259654,"1,638.41",34.26,2.14,1
7/19/2017,9962,1691524,1182626824,"1,637.27",-1.14,-0.07,0
7/20/2017,8713,1775089,959969225.9,"1,635.75",-1.52,-0.09,0
7/23/2017,9011,1557092,1060083549,"1,635.56",-0.19,-0.01,0
7/24/2017,9197,1740061,1067821541,"1,629.08",-6.48,-0.4,0
7/25/2017,7406,1371110,948565105.5,"1,636.19",7.11,0.44,1
7/26/2017,9596,2535795,1290382773,"1,645.03",8.84,0.54,1
7/27/2017,9088,1852933,1163469778,"1,646.53",1.5,0.09,1
7/30/2017,8273,1771068,968346430.8,"1,643.28",-3.25,-0.2,0
7/31/2017,9124,1655650,1047199338,"1,652.69",9.41,0.57,1
8/1/2017,9332,2119088,1044121568,"1,660.25",7.56,0.46,1
8/2/2017,8817,2179451,1051916195,"1,662.74",2.49,0.15,1
8/3/2017,10000,2851369,1137623855,"1,660.58",-2.16,-0.13,0
8/6/2017,10446,3318092,1027467313,"1,665.05",4.47,0.27,1
8/7/2017,8579,3942444,946721448.6,"1,667.94",2.89,0.17,1
8/9/2017,8645,2832245,916081732.2,"1,661.72",-6.22,-0.37,0
8/10/2017,7973,2010457,927913758.8,"1,653.53",-8.19,-0.49,0
8/13/2017,7581,1960611,801832016.2,"1,642.13",-11.4,-0.69,0
8/15/2017,7133,1615638,783525808.2,"1,629.16",-12.97,-0.79,0
8/16/2017,6651,1654722,714091759.4,"1,632.66",3.5,0.21,1
8/17/2017,6822,3215044,756949727.5,"1,629.75",-2.91,-0.18,0
8/20/2017,7286,4678644,794682658.2,"1,617.97",-11.78,-0.72,0
8/21/2017,5108,2687102,522004137.2,"1,611.57",-6.4,-0.4,0
8/22/2017,11649,1789084,723150771.1,"1,614.05",2.48,0.15,1
8/23/2017,9468,1753965,627064869.4,"1,611.27",-2.78,-0.17,0
8/24/2017,7606,3921609,647681986.1,"1,617.81",6.54,0.41,1
8/27/2017,10275,2726082,815164836.7,"1,622.32",4.51,0.28,1
8/28/2017,9593,1556268,917441713.4,"1,612.91",-9.41,-0.58,0
8/30/2017,9502,1730175,978341579.5,"1,598.36",-14.55,-0.9,0
8/31/2017,10459,1572032,849115319.4,"1,580.03",-18.33,-1.15,0
9/4/2017,9241,1570731,842920033.7,"1,554.56",-25.47,-1.61,0
9/6/2017,8543,1643251,834294065.8,"1,566.50",11.94,0.77,1
9/7/2017,8507,1285465,734684325.9,"1,554.55",-11.95,-0.76,0
9/10/2017,9111,1557333,924195573.5,"1,519.66",-34.89,-2.24,0
9/11/2017,7844,1728395,849633864.5,"1,523.26",3.6,0.24,1
9/12/2017,6458,1070747,569843129.9,"1,502.20",-21.06,-1.38,0
9/13/2017,6357,1277470,636922615,"1,493.20",-9,-0.6,0
9/14/2017,6613,1170072,635005354.1,"1,530.31",37.11,2.49,1
9/17/2017,7101,1661956,783552658.9,"1,547.94",17.63,1.15,1
9/18/2017,6324,1035659,469335046.4,"1,543.70",-4.24,-0.27,0
9/20/2017,5038,1017558,542444790,"1,539.81",-3.89,-0.25,0
9/24/2017,3716,991276,315135557.9,"1,536.92",-2.89,-0.19,0
9/25/2017,3474,632089,277847589.4,"1,545.44",8.52,0.55,1
9/26/2017,3600,756987,320747490,"1,549.46",4.02,0.26,1
10/3/2017,2045,269776,140052149.9,"1,556.35",6.89,0.44,1
10/4/2017,2518,659979,279702300.2,"1,542.65",-13.7,-0.88,0
10/8/2017,4978,972618,414994332.7,"1,510.01",-32.64,-2.12,0
10/9/2017,3660,643005,316806758.3,"1,501.89",-8.12,-0.54,0
10/10/2017,3550,674767,307052519.2,"1,502.63",0.74,0.05,1
10/11/2017,3794,754053,322310553.2,"1,505.99",3.36,0.22,1
10/12/2017,4426,899336,404800600.8,"1,510.02",4.03,0.27,1
10/15/2017,3133,814307,518604032.3,"1,518.28",8.26,0.55,1
10/16/2017,4469,1473493,615036743.3,"1,564.90",46.62,3.07,1
10/17/2017,5003,1413446,612092450.9,"1,559.18",-5.72,-0.37,0
10/18/2017,3331,1111130,432505039.8,"1,568.35",9.17,0.59,1
10/22/2017,3397,872330,369388865.7,"1,571.92",3.57,0.23,1
10/23/2017,3785,887579,400747984.7,"1,568.30",-3.62,-0.23,0
10/24/2017,4135,1433848,469950593.7,"1,567.64",-0.66,-0.04,0
10/25/2017,4218,1447271,471027758.7,"1,553.72",-13.92,-0.89,0
10/29/2017,4131,1381188,501380570.8,"1,540.23",-13.49,-0.87,0
10/30/2017,4166,1494183,448331379.3,"1,536.72",-3.51,-0.23,0
10/31/2017,3790,1248375,418140251.9,"1,533.53",-3.19,-0.21,0
11/1/2017,5456,1031832,422644244.4,"1,526.51",-7.02,-0.46,0
11/2/2017,5686,1110551,455562284.1,"1,522.81",-3.7,-0.24,0
11/5/2017,7318,1506404,631210530.2,"1,496.46",-26.35,-1.73,0
11/6/2017,5957,1169224,516103082.1,"1,493.42",-3.04,-0.2,0
11/7/2017,5075,1129209,424446755.9,"1,484.45",-8.97,-0.6,0
11/8/2017,5452,1207971,486440470.9,"1,466.62",-17.83,-1.2,0
11/9/2017,5533,1046723,468204120.8,"1,460.73",-5.89,-0.4,0
11/12/2017,4375,1120660,400710962.4,"1,477.14",16.41,1.12,1
11/13/2017,5710,1730572,714657459.2,"1,490.88",13.74,0.93,1
11/14/2017,7343,1853926,756762032.3,"1,516.02",25.14,1.69,1
11/15/2017,6412,1177575,597874287.3,"1,504.79",-11.23,-0.74,0
11/16/2017,5849,944935,450504320.3,"1,489.06",-15.73,-1.05,0
11/19/2017,5118,1155692,455200729.3,"1,475.72",-13.34,-0.9,0
11/20/2017,4688,1152540,397722392.7,"1,469.16",-6.56,-0.44,0
11/21/2017,4289,842674,350811850.8,"1,472.24",3.08,0.21,1
11/22/2017,4249,931532,348283351.6,"1,480.26",8.02,0.54,1
11/23/2017,5480,1391843,685720194.8,"1,493.29",13.03,0.88,1
11/26/2017,5707,1083456,597410012,"1,514.34",21.05,1.41,1
11/27/2017,6182,1297948,669625381.5,"1,513.74",-0.6,-0.04,0
11/28/2017,4937,1027148,584651739.4,"1,523.86",10.12,0.67,1
11/29/2017,8167,2057011,1053454607,"1,536.12",12.26,0.8,1
11/30/2017,6928,1352278,746562992,"1,537.67",1.55,0.1,1
12/4/2017,5585,1016393,542319134,"1,526.77",-10.9,-0.71,0
12/5/2017,4863,1082308,577764425.5,"1,524.87",-1.9,-0.12,0
12/6/2017,5888,1271780,692547150.3,"1,536.54",11.67,0.77,1
12/10/2017,6564,1212311,846727600.9,"1,530.49",-6.05,-0.39,0
12/11/2017,4096,856004,464459728,"1,527.75",-2.74,-0.18,0
12/12/2017,4948,1180401,669079110.7,"1,510.21",-17.54,-1.15,0
12/13/2017,3940,1061843,494310628.8,"1,520.74",10.53,0.7,1
12/14/2017,4402,1484361,453144929.2,"1,520.15",-0.59,-0.04,0
12/17/2017,5207,1106039,511212191.6,"1,509.14",-11.01,-0.72,0
12/18/2017,5219,1225054,568321779.5,"1,508.25",-0.89,-0.06,0
12/19/2017,5192,1405971,599376321.7,"1,493.76",-14.49,-0.96,0
12/20/2017,4391,983108,424370392.7,"1,484.47",-9.29,-0.62,0
12/21/2017,5102,990908,475837411.5,"1,472.15",-12.32,-0.83,0
12/24/2017,6052,1457348,559525024.2,"1,467.68",-4.47,-0.3,0
12/26/2017,6203,1038290,540284847.8,"1,447.04",-20.64,-1.41,0
12/27/2017,7282,1368467,765763341.9,"1,425.51",-21.53,-1.49,0
12/28/2017,7944,1861055,816990754.5,"1,414.78",-10.73,-0.75,0
12/31/2017,5484,1825182,587826809.9,"1,390.58",-24.2,-1.71,0
1/1/2018,5229,1141463,498472397.9,"1,434.80",44.22,3.18,1
1/2/2018,6777,1261301,632422084.2,"1,437.24",2.44,0.17,1
1/3/2018,5042,889879,445133316.3,"1,416.61",-20.63,-1.44,0
1/4/2018,5221,1360347,542054815.4,"1,423.83",7.22,0.51,1
1/7/2018,3985,751039,361625128.8,"1,431.80",7.97,0.56,1
1/8/2018,4453,855133,464635260.4,"1,443.80",12,0.84,1
1/9/2018,4595,924325,509955742.6,"1,456.07",12.27,0.85,1
1/10/2018,4517,1574396,374834670.3,"1,440.29",-15.78,-1.08,0
1/14/2018,4022,670645,328332816.4,"1,431.10",-9.19,-0.64,0
1/16/2018,4421,811759,362285092.4,"1,413.71",-17.39,-1.22,0
1/17/2018,4459,979186,404860196.9,"1,406.52",-7.19,-0.51,0
1/21/2018,4895,1676076,506114756,"1,402.67",-3.85,-0.27,0
1/22/2018,3932,954620,366423814.4,"1,402.09",-0.58,-0.04,0
1/23/2018,3859,828663,322642610.3,"1,393.04",-9.05,-0.65,0
1/24/2018,3206,938308,261525553.3,"1,394.73",1.69,0.12,1
1/25/2018,3668,662109,282200141.7,"1,404.53",9.8,0.7,1
1/28/2018,4915,851297,354702483.8,"1,405.95",1.42,0.1,1
1/29/2018,4102,715844,285529673.7,"1,402.23",-3.72,-0.26,0
1/31/2018,3882,748970,311198677.1,"1,404.49",2.26,0.16,1
2/1/2018,4156,1156360,417098642.8,"1,411.52",7.03,0.5,1
2/4/2018,4745,1141105,466490747.6,"1,410.51",-1.01,-0.07,0
2/5/2018,3894,915523,307835453.6,"1,400.05",-10.46,-0.74,0
2/6/2018,2927,709803,242096145.8,"1,394.03",-6.02,-0.43,0
2/7/2018,3193,742010,265566733.3,"1,382.02",-12.01,-0.86,0
2/8/2018,3405,688052,269113734.7,"1,391.03",9.01,0.65,1
2/11/2018,3149,670589,244268830.7,"1,384.71",-6.32,-0.45,0
2/12/2018,3440,684028,246706781.3,"1,380.29",-4.42,-0.32,0
2/14/2018,3422,931216,386486207.7,"1,388.94",8.65,0.63,1
2/15/2018,6862,1506626,663950648.7,"1,424.95",36.01,2.59,1
2/18/2018,7181,1429345,590650212.5,"1,413.90",-11.05,-0.78,0
2/20/2018,4178,1019690,405896676.9,"1,396.72",-17.18,-1.22,0
2/21/2018,3284,713642,285503824,"1,387.08",-9.64,-0.69,0
2/22/2018,4262,1086041,425007944.7,"1,386.98",-0.1,-0.01,0
2/25/2018,3998,598360,311159491.5,"1,374.73",-12.25,-0.88,0
2/26/2018,4802,1438886,552420270.2,"1,358.95",-15.78,-1.15,0
2/27/2018,4319,1151965,556860357.4,"1,364.81",5.86,0.43,1
2/28/2018,5259,1337337,543431583,"1,345.99",-18.82,-1.38,0
3/4/2018,5943,1311948,483967506,"1,304.43",-41.56,-3.09,0
3/5/2018,5255,977023,395200659.4,"1,287.74",-16.69,-1.28,0
3/6/2018,5615,1448781,483894004.5,"1,296.44",8.7,0.68,1
3/7/2018,5729,1055321,431702557.6,"1,315.13",18.69,1.44,1
3/11/2018,4830,763007,324709214.4,"1,284.09",-31.04,-2.36,0
3/12/2018,3999,770498,313165916,"1,277.01",-7.08,-0.55,0
3/13/2018,3116,555716,237026277.3,"1,281.90",4.89,0.38,1
3/14/2018,2406,623885,184599101.2,"1,285.96",4.06,0.32,1
3/15/2018,3157,625467,233794313.9,"1,288.36",2.4,0.19,1
3/18/2018,3805,833986,300479006.6,"1,278.96",-9.4,-0.73,0
3/19/2018,3542,771994,266273120.5,"1,270.52",-8.44,-0.66,0
3/20/2018,4941,962952,328916438.8,"1,255.47",-15.05,-1.18,0
3/21/2018,5734,945537,383215473.7,"1,231.07",-24.4,-1.94,0
3/22/2018,6166,1088157,441644825.5,"1,220.44",-10.63,-0.86,0
3/26/2018,7546,1568652,477077725.8,"1,168.55",-51.89,-4.25,0
3/27/2018,7206,1546060,511553687,"1,207.71",39.16,3.35,1
3/28/2018,7452,1352314,514152921.4,"1,204.81",-2.9,-0.24,0
3/29/2018,5407,1427981,387178401.5,"1,220.29",15.48,1.28,1
4/1/2018,7074,1283013,312394378.6,"1,196.24",-24.05,-1.97,0
4/2/2018,3751,1070192,205939314.6,"1,192.96",-3.28,-0.27,0
4/3/2018,3653,679629,223417989.5,"1,199.00",6.04,0.51,1
4/4/2018,4623,902750,336443431.1,"1,226.45",27.45,2.29,1
4/5/2018,8705,1514369,619383866.3,"1,250.39",23.94,1.95,1
4/8/2018,10744,2309874,915624232,"1,294.65",44.26,3.54,1
4/9/2018,11096,2625797,948207831.5,"1,287.78",-6.87,-0.53,0
4/10/2018,5434,982279,348477927.3,"1,270.23",-17.55,-1.36,0
4/11/2018,3683,945102,293497668.9,"1,273.33",3.1,0.24,1
4/12/2018,5961,1329884,443066365.9,"1,277.55",4.22,0.33,1
4/15/2018,4109,666761,306747914.1,"1,280.15",2.6,0.2,1
4/16/2018,6803,1178728,576855232.7,"1,297.57",17.42,1.36,1
4/17/2018,10111,1909922,962669545.4,"1,331.18",33.61,2.59,1
4/18/2018,11486,2434381,1122960775,"1,363.01",31.83,2.39,1
4/19/2018,11834,2663582,1115555361,"1,388.31",25.3,1.86,1
4/22/2018,12542,2889823,1230424878,"1,438.49",50.18,3.61,1
4/23/2018,14436,3114558,1519904955,"1,410.85",-27.64,-1.92,0
4/24/2018,7820,1719540,739062498.9,"1,394.86",-15.99,-1.13,0
4/25/2018,5768,1107467,561432240.3,"1,386.47",-8.39,-0.6,0
4/26/2018,6754,1351908,644283164.5,"1,357.22",-29.25,-2.11,0
4/29/2018,5287,977629,409667835.4,"1,349.01",-8.21,-0.6,0
5/2/2018,5644,785544,380608653.4,"1,360.38",11.37,0.84,1
5/3/2018,7802,1480847,776477565.5,"1,366.15",5.77,0.42,1
5/6/2018,6669,838939,359006870.4,"1,353.64",-12.51,-0.92,0
5/7/2018,6387,1102548,434246912.5,"1,345.37",-8.27,-0.61,0
5/8/2018,6299,1438167,505711019.7,"1,361.02",15.65,1.16,1
5/9/2018,5634,654224,340734389.2,"1,356.15",-4.87,-0.36,0
5/10/2018,5586,773110,358781459.6,"1,348.45",-7.7,-0.57,0
5/14/2018,6588,1007764,425194299.3,"1,338.17",-10.28,-0.76,0
5/15/2018,1959,319260,149239955.1,"1,333.85",-4.32,-0.32,0
5/16/2018,2598,423376,222051797,"1,338.01",4.16,0.31,1
5/17/2018,3668,579041,285455140.6,"1,339.65",1.64,0.12,1
5/20/2018,3953,769096,348165843.3,"1,339.19",-0.46,-0.03,0
5/21/2018,3988,807533,355450790.4,"1,337.13",-2.06,-0.15,0
5/22/2018,3883,1058075,538374184,"1,332.82",-4.31,-0.32,0
5/23/2018,3672,693730,299685888.3,"1,328.27",-4.55,-0.34,0
5/24/2018,4494,808792,380922738,"1,318.22",-10.05,-0.76,0
5/27/2018,4950,1023736,396867751.8,"1,300.41",-17.81,-1.35,0
5/28/2018,5073,1366597,478968700,"1,336.39",35.98,2.77,1
5/29/2018,5340,848794,422650856.9,"1,327.21",-9.18,-0.69,0
5/30/2018,4941,797537,442949659.9,"1,322.27",-4.94,-0.37,0
5/31/2018,4153,708049,345853536.5,"1,307.66",-14.61,-1.1,0
6/3/2018,6473,997338,546661367.1,"1,273.95",-33.71,-2.58,0
6/4/2018,5539,1090603,430380958.7,"1,268.84",-5.11,-0.4,0
6/6/2018,2534,497592,238903344,"1,282.75",13.91,1.1,1
6/7/2018,6592,1440371,467980509.3,"1,257.07",-25.68,-2,0
6/10/2018,5711,1176034,444392813.4,"1,231.64",-25.43,-2.02,0
6/11/2018,5364,1186938,440184921.4,"1,241.19",9.55,0.78,1
6/12/2018,4071,957034,302794502.5,"1,239.26",-1.93,-0.16,0
6/13/2018,4048,635010,214802137,"1,242.07",2.81,0.23,1
6/14/2018,4754,912417,318026444.7,"1,247.30",5.23,0.42,1
6/17/2018,4360,664511,245048080,"1,233.23",-14.07,-1.13,0
6/18/2018,3625,493903,199108156.1,"1,235.15",1.92,0.16,1
6/19/2018,3012,587535,208472462.2,"1,226.18",-8.97,-0.73,0
6/20/2018,3332,2591879,273814422.1,"1,217.84",-8.34,-0.68,0
6/21/2018,3512,623201,196607802.5,"1,218.46",0.62,0.05,1
6/24/2018,3234,750914,209378322.1,"1,219.81",1.35,0.11,1
6/25/2018,3217,574757,185155244.6,"1,210.09",-9.72,-0.8,0
6/26/2018,3623,621796,231003572.4,"1,194.80",-15.29,-1.26,0
6/27/2018,2843,583732,173077690.8,"1,199.42",4.62,0.39,1
6/28/2018,3361,1148269,242925638.4,"1,198.54",-0.88,-0.07,0
7/1/2018,3683,619741,197262611,"1,184.53",-14.01,-1.17,0
7/2/2018,3217,672093,204566442.4,"1,179.71",-4.82,-0.41,0
7/3/2018,3364,915111,218183172.8,"1,180.36",0.65,0.06,1
7/4/2018,3939,833879,250027012.6,"1,188.40",8.04,0.68,1
7/5/2018,6701,1213674,467264704.7,"1,224.41",36.01,3.03,1
7/8/2018,6653,1250282,486078753.7,"1,224.39",-0.02,0,1
7/9/2018,4244,1097067,410834877.5,"1,206.43",-17.96,-1.47,0
7/10/2018,4484,876203,287725868.5,"1,205.93",-0.5,-0.04,0
7/11/2018,4776,1267341,479395618.4,"1,205.64",-0.29,-0.02,0
7/12/2018,4941,1620880,454406256.2,"1,191.98",-13.66,-1.13,0
7/15/2018,3591,667424,193820120.1,"1,200.09",8.11,0.68,1
7/16/2018,3388,1176592,318582938.1,"1,212.36",12.27,1.02,1
7/17/2018,2660,514161,206088131.2,"1,204.31",-8.05,-0.66,0
7/18/2018,2305,477687,175377687,"1,198.77",-5.54,-0.46,0
7/19/2018,3770,1918383,561120316.3,"1,193.39",-5.38,-0.45,0
7/22/2018,3819,661208,211190393.9,"1,181.66",-11.73,-0.98,0
7/23/2018,2908,672986,191657476.7,"1,194.50",12.84,1.09,1
7/24/2018,4033,1189689,294182347.7,"1,199.27",4.77,0.4,1
7/25/2018,3158,629717,166167429.8,"1,194.35",-4.92,-0.41,0
7/26/2018,3490,792051,193025707.6,"1,191.20",-3.15,-0.26,0
7/29/2018,2985,781484,184909270.2,"1,194.82",3.62,0.3,1
7/30/2018,3664,1284944,296156251.9,"1,194.38",-0.44,-0.04,0
7/31/2018,3189,578933,167739696.9,"1,191.47",-2.91,-0.24,0
8/1/2018,3081,766789,220021422.6,"1,193.87",2.4,0.2,1
8/2/2018,2991,672304,207882814.5,"1,191.31",-2.56,-0.21,0
8/5/2018,2989,597597,167049684.2,"1,189.88",-1.43,-0.12,0
8/6/2018,2874,796734,191748119.9,"1,189.67",-0.21,-0.02,0
8/7/2018,3525,909341,213791314.8,"1,188.21",-1.46,-0.12,0
8/8/2018,3167,474861,149197795.4,"1,187.32",-0.89,-0.07,0
8/9/2018,4370,869307,196945237.5,"1,180.63",-6.69,-0.56,0
8/12/2018,4176,781560,250226490.9,"1,163.94",-16.69,-1.41,0
8/13/2018,3000,533480,169654327,"1,174.37",10.43,0.9,1
8/14/2018,3278,732725,189586735.2,"1,180.98",6.61,0.56,1
8/15/2018,5902,1079066,364133934.6,"1,209.71",28.73,2.43,1
8/16/2018,6515,1375602,459686110.5,"1,210.32",0.61,0.05,1
8/19/2018,4160,1564692,325234710.7,"1,196.29",-14.03,-1.16,0
8/20/2018,3628,603102,226172093.3,"1,188.07",-8.22,-0.69,0
8/21/2018,3219,570017,179467283.9,"1,183.89",-4.18,-0.35,0
8/22/2018,2544,663278,169232642.8,"1,182.42",-1.47,-0.12,0
8/23/2018,3502,1020595,277308265.6,"1,178.50",-3.92,-0.33,0
8/26/2018,2575,609257,205558643.4,"1,175.72",-2.78,-0.24,0
8/28/2018,3274,622801,190513995.5,"1,177.09",1.37,0.12,1
8/29/2018,3274,604438,192156326.5,"1,172.30",-4.79,-0.41,0
8/30/2018,3008,706171,214755714.3,"1,181.69",9.39,0.8,1
9/2/2018,4240,960698,302588096.7,"1,190.28",8.59,0.73,1
9/3/2018,5971,1898305,546021719.4,"1,206.26",15.98,1.34,1
9/4/2018,5802,1774927,527476026.5,"1,210.24",3.98,0.33,1
9/5/2018,7903,2381650,712016306.1,"1,234.13",23.89,1.97,1
9/6/2018,8653,3239985,797319719,"1,229.77",-4.36,-0.35,0
9/9/2018,4487,1272108,327025740.7,"1,218.98",-10.79,-0.88,0
9/10/2018,3795,1159772,277521966.9,"1,210.88",-8.1,-0.66,0
9/11/2018,4170,1113231,334255623.5,"1,217.65",6.77,0.56,1
9/12/2018,4177,1393649,432957068.3,"1,230.71",13.06,1.07,1
9/13/2018,7436,2711110,729805545.7,"1,244.84",14.13,1.15,1
9/16/2018,8916,3070231,915292203.9,"1,256.53",11.69,0.94,1
9/17/2018,6941,2425303,687688652.5,"1,256.40",-0.13,-0.01,0
9/18/2018,5877,1559402,466972195.9,"1,258.81",2.41,0.19,1
9/20/2018,5966,2015829,555061501.9,"1,255.07",-3.74,-0.3,0
9/23/2018,6886,5567038,698400967.1,"1,257.68",2.61,0.21,1
9/25/2018,10118,4417230,1121277315,"1,280.05",22.37,1.78,1
9/26/2018,8940,4591008,914631843.6,"1,277.74",-2.31,-0.18,0
9/27/2018,6657,2196926,573820966.3,"1,267.18",-10.56,-0.83,0
9/30/2018,5828,2106949,588564349,"1,256.71",-10.47,-0.83,0
10/1/2018,5797,1761817,539603935,"1,238.67",-18.04,-1.44,0
10/2/2018,4933,2040083,455995113.8,"1,241.36",2.69,0.22,1
10/3/2018,4738,1436512,374049875.2,"1,230.60",-10.76,-0.87,0
10/4/2018,5440,1582558,428644605.6,"1,227.37",-3.23,-0.26,0
10/7/2018,4745,1337526,407501480.7,"1,214.36",-13.01,-1.06,0
10/8/2018,4046,1451572,371656922.8,"1,220.52",6.16,0.51,1
10/9/2018,6174,1018079,343294430.1,"1,217.93",-2.59,-0.21,0
10/10/2018,4532,856187,226524647.3,"1,218.33",0.4,0.03,1
10/11/2018,4584,862368,252291540.1,"1,228.28",9.95,0.82,1
10/14/2018,4530,1016460,269913728.9,"1,242.43",14.15,1.15,1
10/15/2018,4408,1464894,335865522.6,"1,241.63",-0.8,-0.06,0
10/21/2018,2204,700723,140549028.8,"1,246.52",4.89,0.39,1
10/22/2018,3499,730399,169878990,"1,244.54",-1.98,-0.16,0
10/23/2018,3401,842196,198775833.7,"1,241.84",-2.7,-0.22,0
10/24/2018,3750,891609,232890508.6,"1,249.93",8.09,0.65,1
10/25/2018,4317,948593,277182897.7,"1,241.11",-8.82,-0.71,0
10/28/2018,4985,1197106,326483673.4,"1,227.49",-13.62,-1.1,0
10/29/2018,4532,987321,249196269.5,"1,216.93",-10.56,-0.86,0
10/30/2018,4129,924665,221804406,"1,224.36",7.43,0.61,1
10/31/2018,3336,686115,167599190,"1,221.46",-2.9,-0.24,0
11/1/2018,4129,782029,246730364.2,"1,220.98",-0.48,-0.04,0
11/4/2018,3642,2729130,564787738.4,"1,207.28",-13.7,-1.12,0
11/5/2018,3053,822207,244570551.7,"1,219.20",11.92,0.99,1
11/6/2018,576,117898,33742218,"1,222.53",3.33,0.27,1
11/11/2018,1465,314297,99444979,"1,205.22",-17.31,-1.42,0
11/12/2018,2607,443355,133815882,"1,193.34",-11.88,-0.99,0
11/13/2018,2759,654826,173575190,"1,207.57",14.23,1.19,1
11/14/2018,2628,785993,178260732,"1,208.89",1.32,0.11,1
11/15/2018,3520,827856,239870303,"1,205.02",-3.87,-0.32,0
11/18/2018,3488,1079427,333796902,"1,195.45",-9.57,-0.79,0
11/19/2018,3495,713886,214893089,"1,190.20",-5.25,-0.44,0
11/20/2018,3053,566669,174979245,"1,181.75",-8.45,-0.71,0
11/21/2018,3370,852768,268884271,"1,182.55",0.8,0.07,1
11/22/2018,4003,774686,252518353.6,"1,181.24",-1.31,-0.11,0
11/25/2018,3945,840055,250642475,"1,166.63",-14.61,-1.24,0
11/26/2018,4082,991730,308495084.1,"1,159.82",-6.81,-0.58,0
11/27/2018,3576,788089,231632320.7,"1,161.49",1.67,0.14,1
11/28/2018,3553,1399144,405739124,"1,159.08",-2.41,-0.21,0
11/29/2018,4267,1062043,322947983.4,"1,148.36",-10.72,-0.92,0
12/2/2018,5402,1445241,460121965,"1,130.89",-17.47,-1.52,0
12/3/2018,4769,2139348,637954948.1,"1,131.73",0.84,0.07,1
12/4/2018,4089,1220144,381871067.5,"1,142.01",10.28,0.91,1
12/5/2018,4368,1168233,377286278.9,"1,118.13",-23.88,-2.09,0
12/6/2018,4170,1374346,370971937.2,"1,120.84",2.71,0.24,1
12/9/2018,2965,714618,223724686.9,"1,131.70",10.86,0.97,1
12/10/2018,4566,1264340,436752854.7,"1,144.19",12.49,1.1,1
12/11/2018,3565,1286575,383293119.5,"1,141.10",-3.09,-0.27,0
12/12/2018,2835,873719,270107823.7,"1,141.18",0.08,0.01,1
12/13/2018,3266,997672,323758074.2,"1,148.78",7.6,0.67,1
12/16/2018,4974,1407534,474216904.9,"1,167.67",18.89,1.64,1
12/17/2018,3670,1260518,420353515.3,"1,182.78",15.11,1.29,1
12/18/2018,5673,1477224,532307271,"1,168.17",-14.61,-1.24,0
12/19/2018,4441,1302806,387282908,"1,162.70",-5.47,-0.47,0
12/20/2018,4878,1205914,401102930.4,"1,165.97",3.27,0.28,1
12/23/2018,8753,2832245,882120277.8,"1,198.18",32.21,2.76,1
12/24/2018,7993,2276175,798718053,"1,191.74",-6.44,-0.54,0
12/25/2018,4942,1241841,421315472.8,"1,186.03",-5.71,-0.48,0
12/26/2018,7634,1914274,696531034.4,"1,216.27",30.24,2.55,1
12/27/2018,10406,2872551,1129969209,"1,215.16",-1.11,-0.09,0
12/30/2018,5413,1236343,454284392.6,"1,204.54",-10.62,-0.87,0
12/31/2018,5258,1179043,400312385.3,"1,188.19",-16.35,-1.36,0
1/1/2019,3597,689720,228543414.7,"1,185.91",-2.28,-0.19,0
1/2/2019,3371,751411,257607165.8,"1,180.43",-5.48,-0.46,0
1/3/2019,3723,797613,276956301.4,"1,178.87",-1.56,-0.13,0
1/6/2019,4252,1363854,310314222,"1,170.79",-8.08,-0.69,0
1/7/2019,3451,977359,325086594.3,"1,177.46",6.67,0.57,1
1/8/2019,3573,1109020,342786595.6,"1,177.07",-0.39,-0.03,0
1/9/2019,3205,1513912,347879468.9,"1,179.36",2.29,0.19,1
1/10/2019,3872,1387592,366324164.2,"1,180.84",1.48,0.13,1
3/27/2019,5471,2226850,486641078.7,"1,142.61",-133.21,-10.44,0
3/27/2019,5471,2226850,486641078.7,"1,142.61",-38.23,-3.24,0
3/28/2019,5712,989177,251596523.8,"1,144.53",1.92,0.17,1
3/28/2019,5712,989177,251596523.8,"1,144.53",1.92,0.17,1
3/31/2019,5776,950623,266590710.2,"1,143.09",-1.44,-0.13,0
3/31/2019,5776,950623,266590710.2,"1,143.09",-1.44,-0.13,0
4/1/2019,6085,1265662,352810750.4,"1,149.99",6.9,0.6,1
4/1/2019,6085,1265662,352810750.4,"1,149.99",6.9,0.6,1
4/2/2019,7824,1893120,500881737.6,"1,163.82",13.83,1.2,1
4/2/2019,7824,1893120,500881737.6,"1,163.82",13.83,1.2,1
4/3/2019,7202,2029015,545818619.5,"1,165.84",2.02,0.17,1
4/3/2019,7202,2029015,545818619.5,"1,165.84",2.02,0.17,1
4/4/2019,6871,1769700,423492663.3,"1,165.20",-0.64,-0.05,0
4/4/2019,6871,1769700,423492663.3,"1,165.20",-0.64,-0.05,0
4/7/2019,7532,1887373,543955641.8,"1,182.36",17.16,1.47,1
4/7/2019,7532,1887373,543955641.8,"1,182.36",17.16,1.47,1
4/8/2019,11360,2951478,906936762.8,"1,191.68",9.32,0.79,1
4/8/2019,11360,2951478,906936762.8,"1,191.68",9.32,0.79,1
4/9/2019,7070,2788886,735159991.9,"1,181.10",-10.58,-0.89,0
4/9/2019,7070,2788886,735159991.9,"1,181.10",-10.58,-0.89,0
4/10/2019,5975,1612396,410494632.2,"1,184.61",3.51,0.3,1
4/10/2019,5975,1612396,410494632.2,"1,184.61",3.51,0.3,1
4/11/2019,6860,1251241,396421501,"1,184.02",-0.59,-0.05,0
4/11/2019,6860,1251241,396421501,"1,184.02",-0.59,-0.05,0
4/15/2019,5405,964598,304576781.8,"1,188.71",4.69,0.4,1
4/15/2019,5405,964598,304576781.8,"1,188.71",4.69,0.4,1
4/16/2019,8978,2411650,742718751,"1,212.05",23.34,1.96,1
4/16/2019,8978,2411650,742718751,"1,212.05",23.34,1.96,1
4/17/2019,9597,2801613,821698010.4,"1,217.04",4.99,0.41,1
4/17/2019,9597,2801613,821698010.4,"1,217.04",4.99,0.41,1
4/18/2019,9041,2464165,751211763.6,"1,232.26",15.22,1.25,1
4/18/2019,9041,2464165,751211763.6,"1,232.26",15.22,1.25,1
4/21/2019,10669,3375133,1036919872,"1,264.20",31.94,2.59,1
4/21/2019,10669,3375133,1036919872,"1,264.20",31.94,2.59,1
4/22/2019,10918,3259496,1046039903,"1,256.94",-7.26,-0.57,0
4/22/2019,10918,3259496,1046039903,"1,256.94",-7.26,-0.57,0
4/23/2019,6659,1801498,614132051,"1,260.68",3.74,0.3,1
4/23/2019,6659,1801498,614132051,"1,260.68",3.74,0.3,1
4/24/2019,9609,3408374,950304409.7,"1,279.29",18.61,1.48,1
4/24/2019,9609,3408374,950304409.7,"1,279.29",18.61,1.48,1
4/25/2019,13150,4522036,1358435517,"1,292.12",12.83,1,1
4/25/2019,13150,4522036,1358435517,"1,292.12",12.83,1,1
4/28/2019,16075,4921084,1675938820,"1,314.51",22.39,1.73,1
4/28/2019,16075,4921084,1675938820,"1,314.51",22.39,1.73,1
4/29/2019,12589,3016480,1197769008,"1,310.31",-4.2,-0.32,0
4/29/2019,12589,3016480,1197769008,"1,310.31",-4.2,-0.32,0
4/30/2019,10074,2967358,950086935.5,"1,298.60",-11.71,-0.89,0
4/30/2019,10074,2967358,950086935.5,"1,298.60",-11.71,-0.89,0
5/2/2019,7898,1803026,587855113.1,"1,294.39",-4.21,-0.32,0
5/2/2019,7898,1803026,587855113.1,"1,294.39",-4.21,-0.32,0
5/5/2019,8313,2312530,650378454,"1,277.68",-16.71,-1.29,0
5/5/2019,8313,2312530,650378454,"1,277.68",-16.71,-1.29,0
5/6/2019,8056,2075040,633653528.8,"1,299.41",21.73,1.7,1
5/6/2019,8056,2075040,633653528.8,"1,299.41",21.73,1.7,1
5/7/2019,8554,2520790,728828744.6,"1,301.28",1.87,0.14,1
5/7/2019,8554,2520790,728828744.6,"1,301.28",1.87,0.14,1
5/8/2019,6765,1907783,507934918.6,"1,297.60",-3.68,-0.28,0
5/8/2019,6765,1907783,507934918.6,"1,297.60",-3.68,-0.28,0
5/9/2019,6837,3585695,947347775.9,"1,291.96",-5.64,-0.43,0
5/9/2019,6837,3585695,947347775.9,"1,291.96",-5.64,-0.43,0
5/12/2019,8013,2669059,847699660.7,"1,295.03",3.07,0.24,1
5/12/2019,8013,2669059,847699660.7,"1,295.03",3.07,0.24,1
5/13/2019,8721,2392403,786412807.6,"1,301.34",6.31,0.49,1
5/13/2019,8721,2392403,786412807.6,"1,301.34",6.31,0.49,1
5/14/2019,9919,3166467,1037258729,"1,315.45",14.11,1.08,1
5/14/2019,9919,3166467,1037258729,"1,315.45",14.11,1.08,1
5/15/2019,13633,4043147,1330307527,"1,321.00",5.55,0.42,1
5/15/2019,13633,4043147,1330307527,"1,321.00",5.55,0.42,1
5/16/2019,10641,2992663,947656516.1,"1,318.71",-2.29,-0.17,0
5/16/2019,10641,2992663,947656516.1,"1,318.71",-2.29,-0.17,0
5/19/2019,10511,3275233,1088798225,"1,316.84",-1.87,-0.14,0
5/19/2019,10511,3275233,1088798225,"1,316.84",-1.87,-0.14,0
5/20/2019,12009,3398680,1220507485,"1,307.71",-9.13,-0.69,0
5/20/2019,12009,3398680,1220507485,"1,307.71",-9.13,-0.69,0
5/21/2019,10091,3102284,814452267,"1,312.14",4.43,0.34,1
5/21/2019,10091,3102284,814452267,"1,312.14",4.43,0.34,1
5/22/2019,12422,3436937,966693248.6,"1,319.63",7.49,0.57,1
5/22/2019,12422,3436937,966693248.6,"1,319.63",7.49,0.57,1
5/23/2019,12043,2943304,932644887.4,"1,314.55",-5.08,-0.38,0
5/23/2019,12043,2943304,932644887.4,"1,314.55",-5.08,-0.38,0
5/26/2019,9294,2054286,626201665.9,"1,302.61",-11.94,-0.91,0
5/26/2019,9294,2054286,626201665.9,"1,302.61",-11.94,-0.91,0
5/27/2019,6618,1701064,519556792.9,"1,302.96",0.35,0.03,1
5/27/2019,6618,1701064,519556792.9,"1,302.96",0.35,0.03,1
5/28/2019,9148,2412962,756891612.7,"1,305.49",2.53,0.19,1
5/28/2019,9148,2412962,756891612.7,"1,305.49",2.53,0.19,1
5/29/2019,10415,2628420,900805960.3,"1,313.88",8.39,0.64,1
5/29/2019,10415,2628420,900805960.3,"1,313.88",8.39,0.64,1
5/30/2019,16303,4894681,1528151792,"1,319.47",5.59,0.43,1
5/30/2019,16303,4894681,1528151792,"1,319.47",5.59,0.43,1
6/2/2019,9803,2078091,753257209.3,"1,305.68",-13.79,-1.05,0
6/2/2019,9803,2078091,753257209.3,"1,305.68",-13.79,-1.05,0
6/3/2019,8447,2176370,698739706.1,"1,292.84",-12.84,-0.98,0
6/3/2019,8447,2176370,698739706.1,"1,292.84",-12.84,-0.98,0
6/4/2019,9939,2252546,715478612.2,"1,289.28",-3.56,-0.28,0
6/4/2019,9939,2252546,715478612.2,"1,289.28",-3.56,-0.28,0
6/6/2019,8081,1859248,588822624.6,"1,284.59",-4.69,-0.36,0
6/6/2019,8081,1859248,588822624.6,"1,284.59",-4.69,-0.36,0
6/10/2019,8328,2072282,610334831.2,"1,275.82",-8.77,-0.68,0
6/10/2019,8328,2072282,610334831.2,"1,275.82",-8.77,-0.68,0
6/11/2019,7714,1509885,480876986.4,"1,275.99",0.17,0.01,1
6/12/2019,6792,1871809,502682880.8,"1,272.49",-3.5,-0.27,0
6/13/2019,6548,1423687,456506945.1,"1,269.55",-2.94,-0.23,0
6/16/2019,6903,1473808,472520811,"1,258.27",-11.28,-0.89,0
6/17/2019,6156,1373120,403538147.2,"1,260.90",2.63,0.21,1
6/18/2019,5407,1226686,359411304.9,"1,258.66",-2.24,-0.18,0
6/19/2019,4428,980919,304189644.9,"1,258.46",-0.2,-0.02,0
6/20/2019,5342,1375541,375315203.7,"1,264.36",5.9,0.47,1
6/23/2019,5609,1575340,481859742.5,"1,254.35",-10.01,-0.79,0
6/24/2019,5980,1504672,481492820.7,"1,260.10",5.75,0.46,1
6/25/2019,5587,1324519,364773330.2,"1,261.07",0.97,0.08,1
6/26/2019,6842,1413357,570123481,"1,258.29",-2.78,-0.22,0
6/27/2019,7587,1841029,624764436.5,"1,257.15",-1.14,-0.09,0
6/30/2019,7201,2361500,645099036.6,"1,244.89",-12.26,-0.98,0
7/1/2019,5971,1221400,374725075.1,"1,241.61",-3.28,-0.26,0
7/2/2019,6157,1466897,429477288,"1,253.06",11.45,0.92,1
7/3/2019,7519,2064913,550247813.3,"1,268.68",15.62,1.25,1
7/4/2019,7844,8985353,670169928.7,"1,260.47",-8.21,-0.65,0
7/7/2019,7698,2216493,540529465,"1,256.04",-4.43,-0.35,0
7/8/2019,7244,2910153,591053812.1,"1,247.35",-8.69,-0.69,0
7/9/2019,5798,1607672,468263769.7,"1,250.27",2.92,0.23,1
7/10/2019,5272,2998947,573447509.2,"1,249.15",-1.12,-0.09,0
7/11/2019,8655,1654251,460036570.7,"1,248.53",-0.62,-0.05,0
7/14/2019,4921,1042646,285214571.8,"1,249.49",0.96,0.08,1
7/15/2019,4905,2973843,430525917,"1,254.56",5.07,0.41,1
7/16/2019,4549,1956630,347289274.7,"1,259.01",4.45,0.35,1
7/17/2019,5387,1375190,426743457.7,"1,274.86",15.85,1.26,1
7/18/2019,4371,1250708,411369299.2,"1,272.49",-2.37,-0.19,0
7/21/2019,4456,1119563,298157115.6,"1,268.74",-3.75,-0.29,0
7/22/2019,4381,1084553,316643421.1,"1,271.23",2.49,0.2,1
7/23/2019,5501,1444192,368980860.3,"1,277.17",5.94,0.47,1
7/24/2019,6462,1346330,443481391.3,"1,284.07",6.9,0.54,1
7/25/2019,7016,2198126,550532146.5,"1,269.92",-14.15,-1.1,0
7/28/2019,6698,1937041,492673651.9,"1,252.80",-17.12,-1.35,0
7/29/2019,5676,1208342,350812572,"1,255.98",3.18,0.25,1
7/30/2019,5142,1013794,294305023.5,"1,259.37",3.39,0.27,1
7/31/2019,6300,1261590,357836184.9,"1,265.57",6.2,0.49,1
8/1/2019,8453,2060678,590588239.1,"1,263.84",-1.73,-0.14,0
8/4/2019,7765,1467464,474151728.9,"1,259.64",-4.2,-0.33,0
8/5/2019,7194,1505506,443205481.2,"1,255.09",-4.55,-0.36,0
8/6/2019,6941,1449697,450755181.8,"1,245.73",-9.36,-0.75,0
8/7/2019,5413,1138639,368645668.7,"1,248.48",2.75,0.22,1
8/8/2019,29496,1877542,454629574.8,"1,238.56",-9.92,-0.79,0
8/11/2019,17022,1145507,311756855.8,"1,233.71",-4.85,-0.39,0
8/12/2019,10964,1815904,312759693.1,"1,233.85",0.14,0.01,1
8/13/2019,9376,1896474,481633980.2,"1,231.07",-2.78,-0.23,0
8/14/2019,8048,1069690,257285000.9,"1,225.90",-5.17,-0.42,0
8/15/2019,5911,1610540,424323127.7,"1,224.03",-1.87,-0.15,0
8/18/2019,7701,1101776,329527914.9,"1,214.83",-9.2,-0.75,0
8/19/2019,9305,1477425,389617865.2,"1,222.06",7.23,0.6,1
8/20/2019,6281,1173510,272509019.8,"1,213.63",-8.43,-0.69,0
8/21/2019,6249,1270118,292641718.5,"1,214.05",0.42,0.03,1
8/22/2019,6278,1077720,261670203,"1,213.06",-0.99,-0.08,0
8/25/2019,6631,1275623,350269509.5,"1,209.62",-3.44,-0.28,0
8/26/2019,6539,1603318,380590763.5,"1,203.13",-6.49,-0.54,0
8/27/2019,5282,850386,244668208.9,"1,208.00",4.87,0.4,1
8/28/2019,5470,1319806,371944429.1,"1,197.75",-10.25,-0.85,0
8/29/2019,5677,975834,277359659.1,"1,196.41",-1.34,-0.11,0
9/1/2019,6477,1104389,297393562.5,"1,184.78",-11.63,-0.97,0
9/2/2019,10769,1380650,407562461.9,"1,170.34",-14.44,-1.22,0
9/3/2019,7817,2184271,510552041.4,"1,190.90",20.56,1.76,1
9/4/2019,6628,1422112,436444687.9,"1,194.77",3.87,0.32,1
9/5/2019,5795,957439,289856906.8,"1,191.07",-3.7,-0.31,0
9/8/2019,5640,1173488,305310718.9,"1,178.46",-12.61,-1.06,0
9/9/2019,7835,1428828,299193654.4,"1,168.91",-9.55,-0.81,0
9/10/2019,6631,992122,237959653,"1,166.67",-2.24,-0.19,0
9/11/2019,5430,1503928,341745136,"1,163.21",-3.46,-0.3,0
9/12/2019,6594,1556790,376184490.8,"1,157.88",-5.33,-0.46,0
9/15/2019,7239,1090218,288099912.3,"1,140.01",-17.87,-1.54,0
9/16/2019,7547,1248409,343918221.3,"1,123.83",-16.18,-1.42,0
9/17/2019,7129,1377946,383957426.3,"1,150.74",26.91,2.39,1
9/18/2019,7877,1645877,476833846.6,"1,172.15",21.41,1.86,1
9/19/2019,7535,1224572,399930871.3,"1,155.30",-16.85,-1.44,0
9/22/2019,5896,848662,226950237.9,"1,139.25",-16.05,-1.39,0
9/23/2019,4684,743315,177279039.4,"1,140.98",1.73,0.15,1
9/24/2019,3975,873079,218278449.1,"1,134.56",-6.42,-0.56,0
9/25/2019,4128,777735,166921798.9,"1,131.53",-3.03,-0.27,0
9/26/2019,5146,799128,212541351.6,"1,129.80",-1.73,-0.15,0
9/29/2019,4124,924190,241498553.5,"1,125.14",-4.66,-0.41,0
9/30/2019,3535,633951,168828923,"1,135.56",10.42,0.93,1
10/1/2019,3683,1386028,311488652.1,"1,145.69",10.13,0.89,1
10/2/2019,2802,785740,203287237,"1,140.71",-4.98,-0.43,0
10/3/2019,2695,647562,176633514.4,"1,149.40",8.69,0.76,1
10/10/2019,1152,232619,63845411,"1,149.01",-0.39,-0.03,0
10/14/2019,3403,833753,218635690.8,"1,136.96",-12.05,-1.05,0
10/15/2019,2810,765897,222452077.5,"1,142.04",5.08,0.45,1
10/16/2019,2981,736883,196618962.9,"1,137.03",-5.01,-0.44,0
10/17/2019,3578,998000,182994905.1,"1,137.75",0.72,0.06,1
10/20/2019,3005,421474,113359956,"1,133.71",-4.04,-0.36,0
10/21/2019,3420,608551,164315986,"1,132.40",-1.31,-0.12,0
10/22/2019,3234,645443,165289874.7,"1,134.79",2.39,0.21,1
10/23/2019,3153,604728,163757847.1,"1,142.60",7.81,0.69,1
10/24/2019,4442,1204015,327632257.5,"1,149.34",6.74,0.59,1
10/31/2019,3603,1060196,254312462.1,"1,146.17",-3.17,-0.28,0
11/3/2019,4080,784740,175544471.7,"1,139.29",-6.88,-0.6,0
11/4/2019,4098,759712,191854332.9,"1,140.26",0.97,0.09,1
11/5/2019,3973,1058896,284472500.9,"1,139.45",-0.81,-0.07,0
11/6/2019,3986,750033,206253847.3,"1,138.02",-1.43,-0.13,0
11/7/2019,5048,1296877,374150571,"1,131.97",-6.05,-0.53,0
11/10/2019,5153,1008689,293076923.8,"1,131.80",-0.17,-0.02,0
11/11/2019,6648,1995048,549998241.1,"1,145.57",13.77,1.22,1
11/12/2019,5032,1082815,379849434.5,"1,139.96",-5.61,-0.49,0
11/13/2019,4127,908363,275427885.9,"1,135.16",-4.8,-0.42,0
11/14/2019,4519,833881,228357493,"1,135.95",0.79,0.07,1
11/17/2019,5939,1167605,355159768.1,"1,131.36",-4.59,-0.4,0
11/18/2019,4957,1188845,356861856.6,"1,131.12",-0.24,-0.02,0
11/19/2019,4247,1016040,259330594.8,"1,129.99",-1.13,-0.1,0
11/20/2019,5328,1097920,303724203.6,"1,128.34",-1.65,-0.15,0
11/21/2019,5672,1050412,297797071.1,"1,120.60",-7.74,-0.69,0
11/24/2019,5029,929744,280534414.7,"1,110.08",-10.52,-0.94,0
11/25/2019,5165,1078016,288858483.7,"1,110.08",0,0,1
11/26/2019,3841,1134015,295869180,"1,109.16",-0.92,-0.08,0
11/27/2019,3598,738446,212363735.7,"1,117.46",8.3,0.75,1
11/28/2019,4541,1271006,243391319.6,"1,112.79",-4.67,-0.42,0
12/1/2019,3734,675038,206314323,"1,112.85",0.06,0.01,1
12/2/2019,4113,826368,232259331.3,"1,111.99",-0.86,-0.08,0
12/3/2019,4326,1010991,266801557.9,"1,115.74",3.75,0.34,1
12/4/2019,4951,990274,308214465.2,"1,124.47",8.73,0.78,1
12/5/2019,6085,1095188,358839859.8,"1,131.92",7.45,0.66,1
12/8/2019,4525,987739,287527825.5,"1,135.37",3.45,0.3,1
12/9/2019,7627,1459700,464220392.2,"1,148.89",13.52,1.19,1
12/10/2019,6975,1653490,498498741.5,"1,151.36",2.47,0.21,1
12/11/2019,7172,2043605,551377852.3,"1,161.47",10.11,0.88,1
12/12/2019,10146,2102061,764025212.6,"1,172.64",11.17,0.96,1
12/15/2019,9521,2072236,686076110.6,"1,167.86",-4.78,-0.41,0
12/16/2019,6603,1371134,407900554.5,"1,154.11",-13.75,-1.18,0
12/17/2019,4736,840677,279244135,"1,155.37",1.26,0.11,1
12/18/2019,5144,947853,294709858,"1,152.07",-3.3,-0.29,0
12/19/2019,5959,1289128,419084526.8,"1,149.64",-2.43,-0.21,0
12/22/2019,6087,1488304,374466465,"1,150.81",0,0,1
12/22/2019,6087,1488304,374466465,"1,150.81",1.17,0.1,1
12/23/2019,8093,1754363,595764543.6,"1,168.58",17.77,1.54,1
12/24/2019,9018,2029815,721642964.6,"1,166.21",-2.37,-0.2,0
12/25/2019,6164,1681838,538340829.2,"1,168.03",1.82,0.16,1
12/26/2019,6000,1641211,588677887,"1,167.41",-0.62,-0.05,0
12/29/2019,6450,1554890,422453908.9,"1,162.43",-4.98,-0.43,0
12/30/2019,7038,1491044,622363487.9,"1,167.95",5.52,0.47,1
12/31/2019,6532,1302986,442256156.3,"1,166.03",-1.92,-0.16,0
1/1/2020,6174,1175313,372988301,"1,169.50",3.47,0.3,1
1/2/2020,7083,1660406,532211210.7,"1,166.21",-3.29,-0.28,0
1/5/2020,9295,2082718,712357240.7,"1,182.31",16.1,1.38,1
1/6/2020,10726,2683610,842582149.7,"1,200.69",18.38,1.55,1
1/7/2020,12457,3880950,1102736748,"1,216.92",16.23,1.35,1
1/8/2020,10035,2185397,730852344.8,"1,209.60",-7.32,-0.6,0
1/9/2020,9656,3849722,837035756.6,"1,213.11",3.51,0.29,1
1/12/2020,15907,3831054,1335747967,"1,255.72",42.61,3.51,1
1/13/2020,19346,5518553,1705011060,"1,270.86",15.14,1.21,1
1/14/2020,11309,3766972,1026437496,"1,263.38",-7.48,-0.59,0
1/15/2020,10703,3055233,904813932.4,"1,284.23",20.85,1.65,1
1/16/2020,17295,5025563,1699995107,"1,310.23",26,2.02,1
1/19/2020,21422,6131408,2090871447,"1,343.65",33.42,2.55,1
1/20/2020,20443,5846202,1970365565,"1,317.11",-26.54,-1.98,0
1/21/2020,13797,4455545,1519976760,"1,320.47",3.36,0.26,1
1/22/2020,15508,4914437,1581381364,"1,313.42",-7.05,-0.53,0
1/23/2020,15316,3754521,1384209412,"1,297.47",-15.95,-1.21,0
1/26/2020,12750,2660037,965018662.2,"1,276.68",-20.79,-1.6,0
1/27/2020,11209,2409262,917359865.1,"1,300.62",23.94,1.88,1
1/28/2020,14555,3739397,1400467805,"1,306.15",5.53,0.43,1
1/29/2020,13800,2878452,1293711383,"1,305.88",-0.27,-0.02,0
1/30/2020,19874,4602101,1966219749,"1,325.38",19.5,1.49,1
2/2/2020,20635,5346508,2077987799,"1,346.64",21.26,1.6,1
2/3/2020,17633,4748829,1611719203,"1,349.13",2.49,0.18,1
2/4/2020,17560,4949015,1570166163,"1,337.04",-12.09,-0.9,0
2/5/2020,12440,3260198,1082483909,"1,342.36",5.32,0.4,1
2/6/2020,13137,2801803,1049345436,"1,333.69",-8.67,-0.65,0
2/9/2020,11726,2550266,950402583.9,"1,319.99",-13.7,-1.03,0
2/10/2020,10975,2360544,932062755.1,"1,324.26",4.27,0.32,1
2/11/2020,15316,4018871,1541449710,"1,341.38",17.12,1.29,1
2/12/2020,15199,3986769,1509784311,"1,345.97",4.59,0.34,1
2/13/2020,17697,3720085,1773801861,"1,344.59",-1.38,-0.1,0
2/16/2020,18885,4105134,1978108701,"1,363.97",19.38,1.44,1
2/17/2020,24805,6474750,2687533442,"1,398.24",34.27,2.51,1
2/18/2020,20859,5468483,2125977034,"1,400.01",1.77,0.13,1
2/19/2020,15053,3455682,1628841389,"1,405.25",5.24,0.37,1
2/20/2020,23900,5829510,2785004908,"1,434.57",29.32,2.09,1
2/23/2020,30451,8769462,3608490624,"1,504.14",69.57,4.85,1
2/24/2020,31290,8348234,3410516278,"1,502.18",-1.96,-0.13,0
2/25/2020,26535,7059702,2992154424,"1,545.19",43.01,2.86,1
2/26/2020,32137,9906457,4154558786,"1,596.13",50.94,3.3,1
2/27/2020,35453,10858838,4459971386,"1,632.17",36.04,2.26,1
3/1/2020,39284,12517066,4847335195,"1,591.36",-40.81,-2.5,0
3/2/2020,19006,4986525,2154415599,"1,495.30",-96.06,-6.04,0
3/3/2020,33895,8211219,3851576536,"1,509.67",14.37,0.96,1
3/4/2020,29228,6771104,2908448306,"1,441.20",-68.47,-4.54,0
3/5/2020,22531,5940533,2457093463,"1,435.70",-5.5,-0.38,0
3/10/2020,9239,2735418,1076696300,"1,349.31",-86.39,-6.02,0
3/11/2020,23237,5626812,2221081690,"1,423.09",73.78,5.47,1
3/12/2020,23204,5686661,2206649142,"1,377.18",-45.91,-3.23,0
3/15/2020,24041,5570030,2101417292,"1,313.04",-64.14,-4.66,0
3/16/2020,16247,4191175,1615182715,"1,316.39",3.35,0.26,1
3/17/2020,18257,4367775,1465184656,"1,272.06",-44.33,-3.37,0
3/18/2020,15780,3483221,1184416878,"1,255.80",-16.26,-1.28,0
3/19/2020,18792,5106681,1903142008,"1,269.30",13.5,1.08,1
3/22/2020,2391,480527,194642984,"1,251.45",-17.85,-1.41,0
5/12/2020,292,106412,104499446,"1,226.15",-25.3,-2.02,0
5/13/2020,211,10526,3613523,"1,201.57",-24.58,-2,0
6/29/2020,6869,1444173,485315626.7,"1,188.70",-12.87,-1.07,0
6/30/2020,2919,489537,227212194,"1,260.75",72.05,6.06,1
7/1/2020,3890,1101002,407352246.6,"1,336.52",75.77,6.01,1
7/2/2020,8409,1061890,476654971,"1,256.11",-80.41,-6.02,0
7/5/2020,20474,2806898,1033390231,"1,265.45",9.34,0.74,1
7/6/2020,17384,2731498,927841328.5,"1,298.73",33.28,2.63,1
7/7/2020,18140,2883948,1212426267,"1,336.66",37.93,2.92,1
7/8/2020,19541,2977706,1078462141,"1,326.53",-10.13,-0.76,0
7/9/2020,14663,2226203,908086196.7,"1,331.27",4.74,0.36,1
7/12/2020,16826,2678507,1111090272,"1,340.29",9.02,0.68,1
7/13/2020,15491,3733505,1088716118,"1,342.40",2.11,0.16,1
7/14/2020,14487,2567898,994393725.1,"1,347.44",5.04,0.38,1
7/15/2020,15857,3206024,1157041522,"1,362.34",14.9,1.11,1
7/16/2020,16543,2900706,1035000707,"1,394.77",32.43,2.38,1
7/19/2020,663,180596,62566293,"1,479.03",84.26,6.04,1
7/20/2020,33433,7001258,2802233715,"1,464.94",-14.09,-0.95,0
7/21/2020,26632,4971177,1868849657,"1,449.94",-15,-1.02,0
7/22/2020,38938,3586000,1532511716,"1,432.44",-17.5,-1.21,0
7/23/2020,28649,3392969,1327135218,"1,442.61",10.17,0.71,1
7/26/2020,32831,4500481,1942602476,"1,465.10",22.49,1.56,1
7/27/2020,28493,4257026,1812465663,"1,462.48",-2.62,-0.18,0
7/28/2020,21805,3247068,1259751557,"1,454.89",-7.59,-0.52,0
7/29/2020,24224,3839671,1687093091,"1,431.52",-23.37,-1.61,0
7/30/2020,21809,3430388,1320174290,"1,439.06",7.54,0.53,1
8/2/2020,27860,4661608,1841242332,"1,396.28",-42.78,-2.97,0
8/3/2020,16666,5342851,1290252213,"1,403.86",7.58,0.54,1
8/5/2020,20469,3447765,1233963934,"1,382.66",-21.2,-1.51,0
8/6/2020,20605,2341746,920997056.3,"1,381.37",-1.29,-0.09,0
8/9/2020,30200,3212379,977895525,"1,392.68",11.31,0.82,1
8/10/2020,34623,4252808,1555518923,"1,430.41",37.73,2.71,1
8/11/2020,25771,3612074,1259535874,"1,423.81",-6.6,-0.46,0
8/12/2020,20719,3032311,951960208.1,"1,425.32",1.51,0.11,1
8/13/2020,21366,3344101,1048905241,"1,408.79",-16.53,-1.16,0
8/16/2020,21609,4371854,1259320850,"1,391.46",-17.33,-1.23,0
8/17/2020,16723,3591047,1074931942,"1,402.21",10.75,0.77,1
8/18/2020,16800,4114512,1239017426,"1,407.89",5.68,0.41,1
8/19/2020,16875,2474329,976235059.5,"1,391.29",-16.6,-1.18,0
8/20/2020,8326,1214514,393129067.7,"1,397.57",6.28,0.45,1
8/23/2020,16579,2498662,1108053597,"1,410.34",12.77,0.91,1
8/24/2020,27566,4924289,2139202075,"1,431.60",21.26,1.51,1
8/25/2020,24101,3940691,1855180510,"1,440.94",9.34,0.65,1
8/26/2020,34620,5882101,2656163730,"1,462.03",21.09,1.46,1
8/27/2020,28384,4967288,1981686300,"1,458.04",-3.99,-0.27,0
8/30/2020,34421,3708268,1623941183,"1,462.67",4.63,0.32,1
8/31/2020,40206,7763056,3462586125,"1,484.99",22.32,1.53,1
9/2/2020,45272,9686009,4181036115,"1,510.57",25.58,1.72,1
9/3/2020,39204,9302948,2634871931,"1,510.42",-0.15,-0.01,0
9/6/2020,34859,7038860,2782290437,"1,499.97",-10.45,-0.69,0
9/7/2020,28076,5595430,2164849144,"1,487.81",-12.16,-0.81,0
9/8/2020,23296,4180637,1798244028,"1,495.15",7.34,0.49,1
9/9/2020,29123,5831010,2567257684,"1,508.20",13.05,0.87,1
9/10/2020,29988,4329409,2209471517,"1,520.69",12.49,0.83,1
9/13/2020,39814,7205643,3386859972,"1,537.25",16.56,1.09,1
9/14/2020,45453,8834215,3210479132,"1,540.51",3.26,0.21,1
9/15/2020,32328,6697496,2119939558,"1,536.03",-4.48,-0.29,0
9/16/2020,30588,6390062,1845619480,"1,541.40",5.37,0.35,1
9/17/2020,53240,13216234,3726885538,"1,572.18",30.78,2,1
9/20/2020,64515,9223712,2742795692,"1,575.18",3,0.19,1
9/21/2020,61935,8565063,2637366001,"1,569.06",-6.12,-0.39,0
9/22/2020,47944,7856788,2812856584,"1,546.15",-22.91,-1.46,0
9/23/2020,41620,5862617,1727821707,"1,555.52",9.37,0.61,1
9/24/2020,45834,8971303,2233489024,"1,561.27",5.75,0.37,1
9/27/2020,42108,19972311,3138243361,"1,565.55",4.28,0.27,1
9/28/2020,30596,6997420,1690154525,"1,560.83",-4.72,-0.3,0
9/29/2020,33933,7305111,1829872968,"1,553.62",-7.21,-0.46,0
9/30/2020,36282,8019661,1953636694,"1,550.43",-3.19,-0.21,0
10/1/2020,47032,9930830,2807708137,"1,571.04",20.61,1.33,1
10/4/2020,47148,11086317,3294523674,"1,585.75",14.71,0.94,1
10/5/2020,39583,9518562,2578475929,"1,582.12",-3.63,-0.23,0
10/6/2020,39231,9949061,2510423673,"1,586.29",4.17,0.26,1
10/7/2020,45976,12699408,3358426058,"1,600.97",14.68,0.93,1
10/8/2020,48198,11164361,2904963716,"1,589.63",-11.34,-0.71,0
10/11/2020,37515,9281478,2395432599,"1,576.27",-13.36,-0.84,0
10/12/2020,31836,6815660,1949027694,"1,578.01",1.74,0.11,1
10/13/2020,28640,6782947,1819638977,"1,568.59",-9.42,-0.6,0
10/14/2020,24899,5291314,1496387992,"1,561.17",-7.42,-0.47,0
10/15/2020,23088,4994357,1425884238,"1,562.46",1.29,0.08,1
10/18/2020,17120,4395669,1265145369,"1,556.80",-5.66,-0.36,0
10/19/2020,15475,3353074,979011796.7,"1,570.38",13.58,0.87,1
10/20/2020,18870,5024050,1271829990,"1,583.60",13.22,0.84,1
10/21/2020,22480,5509277,1633136779,"1,597.71",14.11,0.89,1
10/22/2020,30325,6457746,1994489046,"1,606.25",8.54,0.53,1
10/28/2020,42618,9322085,2725994069,"1,647.45",41.2,2.56,1
10/29/2020,41908,10365595,3037687273,"1,645.67",-1.78,-0.11,0
11/1/2020,37594,10626514,2930939007,"1,640.95",-4.72,-0.29,0
11/2/2020,34453,6937454,2453954688,"1,637.63",-3.32,-0.2,0
11/3/2020,29606,7757353,2237964572,"1,643.03",5.4,0.33,1
11/4/2020,24082,5631604,1757459905,"1,640.64",-2.39,-0.15,0
11/5/2020,35331,9123705,2842348516,"1,636.17",-4.47,-0.27,0
11/8/2020,41765,10863227,3526627396,"1,648.58",12.41,0.76,1
11/9/2020,41049,10035313,3699879726,"1,652.80",4.22,0.26,1
11/10/2020,38630,9657635,4096163436,"1,678.79",25.99,1.57,1
11/11/2020,36893,12523651,4099604742,"1,707.67",28.88,1.72,1
11/12/2020,55891,13889189,4826286551,"1,718.49",10.82,0.63,1
11/18/2020,43673,11674875,4791041649,"1,741.81",23.32,1.36,1
11/19/2020,56341,14062507,6116730071,"1,778.12",36.31,2.08,1
11/22/2020,63569,16034705,6906720755,"1,782.81",4.69,0.26,1
11/23/2020,46233,12020961,4762465663,"1,780.43",-2.38,-0.13,0
11/24/2020,49782,11748510,5442944119,"1,810.11",29.68,1.67,1
11/25/2020,57532,18846110,6817732499,"1,874.81",64.7,3.57,1
11/26/2020,70001,17187845,7612877421,"1,893.24",18.43,0.98,1
11/29/2020,80268,25945342,9227324602,"1,968.27",75.03,3.96,1
11/30/2020,83565,25191288,8867694495,"1,997.05",28.78,1.46,1
12/1/2020,67355,18576708,7404154007,"2,000.40",3.35,0.17,1
12/2/2020,61636,15564427,7463482972,"2,071.02",70.62,3.53,1
12/3/2020,64426,15889560,8026023798,"2,055.45",-15.57,-0.75,0
12/6/2020,61858,15490078,7209180213,"1,932.11",-123.34,-6,0
12/7/2020,60053,11920780,6667932066,"2,004.39",72.28,3.74,1
12/8/2020,48798,12566876,5719382709,"1,995.35",-9.04,-0.45,0
12/9/2020,46474,10821958,4745640570,"1,955.75",-39.6,-1.98,0
12/10/2020,39410,9883197,4146321050,"1,964.02",8.27,0.42,1
12/13/2020,43582,9049820,4899359821,"2,010.45",46.43,2.36,1
12/14/2020,57087,12888066,7204136923,"2,067.17",56.72,2.82,1
12/15/2020,47768,9755531,6069321719,"2,061.41",-5.76,-0.28,0
12/16/2020,49158,10558379,5144668102,"2,055.22",-6.19,-0.3,0
12/17/2020,61604,14114460,6769890815,"2,032.51",-22.71,-1.1,0
12/20/2020,79967,14509533,9047927547,"1,935.63",-96.88,-4.77,0
12/21/2020,64936,12382416,6698834628,"1,965.96",30.33,1.57,1
12/22/2020,55720,12717120,6740728572,"2,061.41",95.45,4.86,1
12/23/2020,51300,11558971,6862433125,"2,068.45",7.04,0.34,1
12/24/2020,47976,9860536,5369046322,"2,038.63",-29.82,-1.44,0
12/27/2020,42841,8254698,4669357558,"1,998.65",-39.98,-1.96,0
12/28/2020,36244,7497358,3850303873,"2,007.29",8.64,0.43,1
12/29/2020,37914,8001278,4092205582,"2,012.89",5.6,0.28,1
12/30/2020,39930,9909945,4446183904,"2,062.06",49.17,2.44,1
12/31/2020,50380,11464135,5703424594,"2,087.27",25.21,1.22,1
1/3/2021,54692,14026502,6343750513,"2,175.39",88.12,4.22,1
1/4/2021,46001,11643429,5961733122,"2,169.04",-6.35,-0.29,0
1/5/2021,42514,10809625,4566381178,"2,165.49",-3.55,-0.16,0
1/6/2021,40367,10535216,4425472339,"2,178.57",13.08,0.6,1
1/7/2021,50931,11767458,5874683995,"2,194.48",15.91,0.73,1
1/10/2021,57169,15030740,6326579940,"2,235.72",41.24,1.88,1
1/11/2021,48050,13560533,5524659993,"2,239.42",3.7,0.17,1
1/12/2021,45569,13531227,4982391897,"2,267.73",28.31,1.26,1
1/13/2021,50950,13289849,5914389261,"2,286.54",18.81,0.83,1
1/17/2021,50606,15035211,6374260732,"2,315.00",28.46,1.24,1
1/18/2021,51810,15496448,6314479769,"2,332.31",17.31,0.75,1
1/19/2021,57977,16304985,7467333717,"2,326.90",-5.41,-0.23,0
1/20/2021,53332,15981777,6210911751,"2,342.76",15.86,0.68,1
1/21/2021,69331,18105586,7798468468,"2,374.64",31.88,1.36,1
1/24/2021,79498,19379042,9376053220,"2,424.84",50.2,2.11,1
1/25/2021,72773,19285504,8903538731,"2,440.87",16.03,0.66,1
1/26/2021,63817,19606545,8279694747,"2,423.09",-17.78,-0.73,0
1/27/2021,59150,15289249,8006231560,"2,441.85",18.76,0.77,1
1/28/2021,82349,22153881,9898385428,"2,425.29",-16.56,-0.68,0
1/31/2021,96155,16277225,8973192590,"2,370.54",-54.75,-2.26,0
2/1/2021,65773,13311653,6972737060,"2,408.24",37.7,1.59,1
2/2/2021,74715,15325623,8593472987,"2,473.73",65.49,2.72,1
2/3/2021,91558,22040500,9531705376,"2,466.92",-6.81,-0.28,0
2/4/2021,72166,18719317,7615021793,"2,475.26",8.34,0.34,1
2/7/2021,87670,17736734,10441951304,"2,524.00",48.74,1.97,1
2/8/2021,92079,20011555,10619163869,"2,561.47",37.47,1.48,1
2/9/2021,71112,15985198,8146269193,"2,534.37",-27.1,-1.06,0
2/10/2021,62010,14905782,7649204683,"2,543.03",8.66,0.34,1
2/11/2021,72735,16058308,8411629003,"2,526.92",-16.11,-0.63,0
2/14/2021,58306,14851350,6927504581,"2,493.59",-33.33,-1.32,0
2/15/2021,68318,22447057,10384131169,"2,586.01",92.42,3.71,1
2/16/2021,76487,17732453,10035250907,"2,601.51",15.5,0.6,1
2/17/2021,76629,17688261,8035503494,"2,611.45",9.94,0.38,1
2/18/2021,90189,19645859,8761648948,"2,636.68",25.23,0.97,1
2/21/2021,93033,24304916,8834495497,"2,640.34",3.66,0.14,1
2/22/2021,78854,21614242,8406162121,"2,607.67",-32.67,-1.24,0
2/23/2021,83357,17714912,8561539426,"2,586.51",-21.16,-0.81,0
2/24/2021,69992,16726322,6701879089,"2,599.07",12.56,0.49,1
2/25/2021,83402,15855731,6097874556,"2,554.13",-44.94,-1.73,0
2/28/2021,96151,16017322,8355289814,"2,474.39",-79.74,-3.12,0
3/1/2021,70339,11838488,5692316831,"2,515.03",40.64,1.64,1
3/2/2021,64787,13106738,6119638669,"2,455.33",-59.7,-2.37,0
3/3/2021,63669,11391998,6254711089,"2,416.00",-39.33,-1.6,0
3/4/2021,65173,16622658,6058028822,"2,506.68",90.68,3.75,1
3/7/2021,53970,11778820,5005466480,"2,485.09",-21.59,-0.86,0
3/9/2021,52591,12482428,4752708147,"2,461.88",-23.21,-0.93,0
3/10/2021,46948,7816874,4100406337,"2,458.48",-3.4,-0.14,0
3/14/2021,60971,9903697,4952717162,"2,407.25",-51.23,-2.08,0
3/15/2021,52309,9604529,4248424066,"2,389.19",-18.06,-0.75,0
3/16/2021,46539,9012843,3375692089,"2,391.74",2.55,0.11,1
3/17/2021,44697,8626667,3374552178,"2,432.14",40.4,1.69,1
3/18/2021,57741,11657965,4661784937,"2,475.09",42.95,1.77,1
3/21/2021,80984,12429973,5919803950,"2,538.46",63.37,2.56,1
3/22/2021,61487,10931313,5351337290,"2,514.39",-24.07,-0.95,0
3/23/2021,61422,10276710,5141897169,"2,528.95",14.56,0.58,1
3/24/2021,72957,16934893,6674423941,"2,570.25",41.3,1.63,1
3/25/2021,74658,12548146,6500806040,"2,548.97",-21.28,-0.83,0
3/29/2021,64515,9138935,4410345030,"2,543.52",-5.45,-0.21,0
3/30/2021,68644,12209926,6185658498,"2,575.67",32.15,1.26,1
3/31/2021,67151,11281766,6166900816,"2,619.03",43.36,1.68,1
4/1/2021,74205,14390104,7250678824,"2,631.89",12.86,0.49,1
4/4/2021,89860,18173378,9006858558,"2,657.61",25.72,0.98,1
4/5/2021,73598,15853993,7296760156,"2,658.74",1.13,0.04,1
4/6/2021,81751,16108409,7477730488,"2,674.46",15.72,0.59,1
4/7/2021,76591,16593501,7266972570,"2,671.61",-2.85,-0.11,0
4/8/2021,71241,13376000,6556616680,"2,674.35",2.74,0.1,1
4/12/2021,80959,13821573,7610828050,"2,691.55",17.2,0.64,1
4/13/2021,76092,14691604,7143122725,"2,714.79",23.24,0.86,1
4/15/2021,95735,19020471,8636626396,"2,735.46",20.67,0.76,1
4/18/2021,93568,19528656,8801803215,"2,699.51",-35.95,-1.31,0
4/19/2021,73582,14200768,6766801224,"2,661.93",-37.58,-1.39,0
4/20/2021,65793,12369501,5538617640,"2,664.61",2.68,0.1,1
4/21/2021,66480,13787218,5772251203,"2,632.20",-32.41,-1.22,0
4/22/2021,75108,13032823,5915139888,"2,648.00",15.8,0.6,1
4/25/2021,104040,14690720,7284194901,"2,572.22",-75.78,-2.86,0
4/26/2021,86092,12911721,6590928202,"2,506.61",-65.61,-2.55,0
4/27/2021,63558,10202219,5109096957,"2,599.07",92.46,3.69,1
4/28/2021,46959,8965588,3990431236,"2,585.28",-13.79,-0.53,0
4/29/2021,50673,9818046,4357019249,"2,611.10",25.82,1,1
5/2/2021,83403,15832393,7360793120,"2,665.11",54.01,2.07,1
5/3/2021,88482,15908489,7529283086,"2,652.75",-12.36,-0.46,0
5/4/2021,68319,13015183,6052236811,"2,654.69",1.94,0.07,1
5/5/2021,78770,14867985,6216806933,"2,649.60",-5.09,-0.19,0
5/6/2021,80141,15980815,6810091453,"2,637.13",-12.47,-0.47,0
5/9/2021,75046,12728125,6148966772,"2,618.56",-18.57,-0.7,0
5/10/2021,51234,7578991,4203823849,"2,645.85",27.29,1.04,1
5/11/2021,62659,10819535,5810673071,"2,673.32",27.47,1.04,1
5/12/2021,62972,14854422,5326052801,"2,673.88",0.56,0.02,1
5/13/2021,86296,21955943,7126885280,"2,684.01",10.13,0.38,1
5/16/2021,113068,21328880,10403877510,"2,738.29",54.28,2.02,1
5/17/2021,101918,19056236,9576361139,"2,759.21",20.92,0.76,1
5/18/2021,115961,23131615,11359360092,"2,793.89",34.68,1.26,1
5/19/2021,132369,25121554,11958097411,"2,780.81",-13.08,-0.47,0
5/20/2021,106399,20133602,9305222004,"2,787.18",6.37,0.23,1
5/23/2021,126124,25163660,11695034728,"2,820.00",32.82,1.18,1
5/24/2021,136499,27140202,13175353188,"2,823.06",3.06,0.11,1
5/25/2021,112148,23465675,11133398108,"2,816.56",-6.5,-0.23,0
5/27/2021,147492,41813944,14768721042,"2,815.39",-1.17,-0.04,0
5/30/2021,173537,42636348,17028432245,"2,827.93",12.54,0.45,1
5/31/2021,148714,30888685,13909105701,"2,782.68",-45.25,-1.6,0
6/1/2021,98607,19783354,8598160117,"2,771.15",-11.53,-0.41,0
6/2/2021,114216,22613029,11351815356,"2,827.12",55.97,2.02,1
6/3/2021,155654,34691302,16907012846,"2,856.67",29.55,1.05,1
6/6/2021,171060,37455189,17271787525,"2,906.89",50.22,1.76,1
6/7/2021,151942,35474414,15818659063,"2,906.70",-0.19,-0.01,0
6/8/2021,149708,35700374,16951299040,"2,960.14",53.44,1.84,1
6/9/2021,155239,31354022,16997092703,"2,946.58",-13.56,-0.46,0
6/10/2021,155689,30606634,16100404996,"2,944.78",-1.8,-0.06,0
6/13/2021,182430,37076439,19550166636,"2,983.10",38.32,1.3,1
6/14/2021,175410,35027323,18884001199,"3,025.82",42.72,1.43,1
6/15/2021,164787,30948807,16528715731,"3,022.10",-3.72,-0.12,0
6/16/2021,167938,28289128,15484479319,"2,969.69",-52.41,-1.73,0
6/17/2021,124560,20365681,10904946011,"2,968.43",-1.26,-0.04,0
6/20/2021,128281,27344511,11819428289,"2,905.14",-63.29,-2.13,0
6/21/2021,127837,22522491,11619035674,"2,834.40",-70.74,-2.43,0
6/22/2021,112048,19770590,10286234821,"2,913.84",79.44,2.8,1
6/23/2021,91072,19417494,8362643585,"2,862.18",-51.66,-1.77,0
6/24/2021,78980,13210339,7033581930,"2,843.00",-19.18,-0.67,0
6/27/2021,82053,20974343,7167409044,"2,870.38",27.38,0.96,1
6/28/2021,81300,19282815,7725512716,"2,875.49",5.11,0.18,1
6/29/2021,75880,14044381,6726361869,"2,828.00",-47.49,-1.65,0
6/30/2021,68192,16248100,5838551435,"2,823.87",-4.13,-0.15,0
7/1/2021,70197,32838953,6707748284,"2,843.00",19.13,0.68,1
7/4/2021,60175,10842221,5053538257,"2,834.51",-8.49,-0.3,0
7/5/2021,52846,10063636,4582212579,"2,822.73",-11.78,-0.42,0
7/6/2021,46310,10135209,4224018255,"2,818.10",-4.63,-0.16,0
7/7/2021,46183,11664207,4585861976,"2,801.13",-16.97,-0.6,0
7/8/2021,51867,13143234,4815516292,"2,825.10",23.97,0.86,1
7/11/2021,82048,31588847,8061380495,"2,899.82",74.72,2.64,1
7/12/2021,92191,26021093,9980018937,"2,854.76",-45.06,-1.55,0
7/13/2021,53139,12348389,5546356224,"2,871.03",16.27,0.57,1
7/14/2021,50588,44736366,5654464281,"2,872.05",1.02,0.04,1
7/15/2021,73270,58502074,8143590782,"2,883.38",11.33,0.39,1
7/18/2021,116293,28863083,11638119639,"2,980.61",97.23,3.37,1
7/19/2021,107796,37571344,11813747617,"2,994.58",13.97,0.47,1
7/20/2021,84468,31608193,7897594269,"2,985.57",-9.01,-0.3,0
7/22/2021,114770,55964014,11114087275,"3,004.31",18.74,0.63,1
7/25/2021,139338,43939190,14232401350,"3,058.63",54.32,1.81,1
7/26/2021,137242,37061447,14139785431,"3,050.42",-8.21,-0.27,0
7/27/2021,141650,32355200,15170606739,"3,079.67",29.25,0.96,1
7/28/2021,128779,28170166,13291950035,"3,094.94",15.27,0.5,1
7/29/2021,106681,26040013,10905822514,"3,079.83",-15.11,-0.49,0
8/1/2021,117484,30342078,12103674172,"3,081.05",1.22,0.04,1
8/2/2021,105579,21894209,10983599094,"3,085.07",4.02,0.13,1
8/3/2021,106620,21129088,11529217775,"3,111.09",26.02,0.84,1
8/4/2021,144885,28813711,15595704179,"3,123.24",12.15,0.39,1
8/5/2021,135042,28845431,14316249965,"3,107.45",-15.79,-0.51,0
8/8/2021,126924,26996313,14308136887,"3,108.12",0.67,0.02,1
8/9/2021,128959,25393699,14137338881,"3,109.66",1.54,0.05,1
8/10/2021,163967,33535095,17846060333,"3,161.44",51.78,1.67,1
8/11/2021,139218,27298624,15455941754,"3,162.59",1.15,0.04,1
8/12/2021,154654,36608160,17513058233,"3,179.00",16.41,0.52,1
8/15/2021,189735,35550644,21647569503,"3,154.03",-24.97,-0.79,0
8/16/2021,159090,28617785,15930884038,"3,160.05",6.02,0.19,1
8/17/2021,161720,30613422,18204927607,"3,160.31",0.26,0.01,1
8/18/2021,188454,36509751,21313489269,"3,198.60",38.29,1.21,1
8/19/2021,188017,30912697,20499210766,"3,180.78",-17.82,-0.56,0
8/24/2021,156913,25316805,16124468060,"3,124.87",-55.91,-1.76,0
8/25/2021,118969,19599042,12092071869,"3,076.45",-48.42,-1.55,0
8/26/2021,130937,21690575,13421968092,"3,094.05",17.6,0.57,1
8/29/2021,159137,24888313,15651244506,"3,044.86",-49.19,-1.59,0
8/31/2021,130774,23109713,13259696108,"2,975.84",-69.02,-2.27,0
9/1/2021,104342,17182871,9351799655,"2,977.02",1.18,0.04,1
9/2/2021,105775,18109967,9505970822,"2,926.89",-50.13,-1.68,0
9/5/2021,129142,23079832,11240391045,"2,818.72",-108.17,-3.7,0
9/6/2021,109182,17922588,9826222807,"2,980.78",162.06,5.75,1
9/7/2021,86508,15082081,7495812161,"2,936.60",-44.18,-1.48,0
9/8/2021,74890,16148652,6646623427,"2,876.59",-60.01,-2.04,0
9/9/2021,72858,14474855,7050770070,"2,875.97",-0.62,-0.02,0
9/12/2021,96590,17100313,9440021704,"2,947.42",71.45,2.48,1
9/13/2021,93218,15681184,9290554155,"2,947.69",0.27,0.01,1
9/14/2021,59854,10639826,5195295443,"2,929.28",-18.41,-0.62,0
9/15/2021,75892,10557746,5358016211,"2,889.03",-40.25,-1.37,0
9/16/2021,113805,16468448,9033860973,"2,812.38",-76.65,-2.65,0
9/20/2021,107595,17330478,8493362009,"2,698.24",-114.14,-4.06,0
9/21/2021,95646,15306061,7364798652,"2,712.07",13.83,0.51,1
9/22/2021,72714,12122298,6179300158,"2,816.95",104.88,3.87,1
9/23/2021,87810,15714266,7726371029,"2,819.65",2.7,0.1,1
9/26/2021,73692,14494248,6500109920,"2,758.48",-61.17,-2.17,0
9/27/2021,67586,10478052,5120962616,"2,685.41",-73.07,-2.65,0
9/28/2021,75374,13034828,5745488179,"2,615.40",-70.01,-2.61,0
9/29/2021,63916,9894478,5028555092,"2,665.93",50.53,1.93,1
9/30/2021,49835,7321014,3700029507,"2,633.42",-32.51,-1.22,0
10/3/2021,52389,8948833,4113746126,"2,577.49",-55.93,-2.12,0
10/4/2021,48236,7653220,3627799935,"2,570.81",-6.68,-0.26,0
10/5/2021,41050,5842125,2996813003,"2,612.65",41.84,1.63,1
10/6/2021,55384,8189869,4500644114,"2,681.10",68.45,2.62,1
10/10/2021,54123,7251744,4498043581,"2,662.58",-18.52,-0.69,0
10/11/2021,44462,9314780,3639468093,"2,639.37",-23.21,-0.87,0
10/17/2021,21328,4760295,1497375371,"2,656.96",17.59,0.67,1
10/18/2021,40401,8776337,2966899791,"2,587.45",-69.51,-2.62,0
10/19/2021,54452,9575601,3783422995,"2,510.73",-76.72,-2.97,0
10/20/2021,34644,6101414,2679028155,"2,571.66",60.93,2.43,1
10/21/2021,36762,6106452,2635390460,"2,556.95",-14.71,-0.57,0
10/24/2021,38147,5818025,2773420135,"2,584.52",27.57,1.08,1
10/25/2021,53792,8395864,4308895575,"2,672.25",87.73,3.39,1
10/26/2021,72973,11486123,6318340932,"2,751.07",78.82,2.95,1
10/27/2021,75608,11591943,6612460740,"2,769.13",18.06,0.66,1
10/28/2021,59134,9236097,5394945882,"2,782.16",13.03,0.47,1
10/31/2021,81933,13899302,7823214413,"2,837.61",55.45,1.99,1
11/1/2021,80351,13403312,7777510778,"2,819.86",-17.75,-0.63,0
11/2/2021,59879,9977459,6073702718,"2,843.62",23.76,0.84,1
11/3/2021,61745,9995522,6553059153,"2,848.84",5.22,0.18,1
11/8/2021,49530,7207396,4420719103,"2,829.64",-19.2,-0.67,0
11/9/2021,100666,11917077,6527729547,"2,749.85",-79.79,-2.82,0
11/11/2021,73328,9475936,5119602540,"2,690.29",-59.56,-2.17,0
11/14/2021,61405,7434537,4096219525,"2,688.92",-1.37,-0.05,0
11/15/2021,59316,8636636,4734651444,"2,715.35",26.43,0.98,1
11/16/2021,69200,10093221,5521650857,"2,784.58",69.23,2.55,1
11/17/2021,77518,11943858,7379446820,"2,801.52",16.94,0.61,1
11/18/2021,70037,9862940,6271867230,"2,769.13",-32.39,-1.16,0
11/21/2021,54664,7894468,4357309319,"2,757.53",-11.6,-0.42,0
11/22/2021,51525,7565504,3929258158,"2,765.43",7.9,0.29,1
11/23/2021,53767,7448366,4165896578,"2,733.12",-32.31,-1.17,0
11/24/2021,54702,7445223,4217413024,"2,735.00",1.88,0.07,1
11/25/2021,47112,7484631,3788562371,"2,731.78",-3.22,-0.12,0
11/28/2021,70842,11903202,5835135055,"2,651.49",-80.29,-2.94,0
11/29/2021,51138,8225822,4008937133,"2,629.97",-21.52,-0.81,0
11/30/2021,41585,6447449,3089041991,"2,628.37",-1.6,-0.06,0
12/1/2021,37585,5310215,2742085704,"2,633.65",5.28,0.2,1
12/2/2021,47864,7932731,3413589126,"2,586.19",-47.46,-1.8,0
12/5/2021,60088,8920894,4090765325,"2,513.87",-72.32,-2.8,0
12/6/2021,69888,9471311,4542345271,"2,546.08",32.21,1.28,1
12/7/2021,49741,8330093,3128341700,"2,508.90",-37.18,-1.46,0
12/8/2021,42946,6560947,2663909620,"2,455.80",-53.1,-2.12,0
12/9/2021,41389,6223721,2673308792,"2,449.97",-5.83,-0.24,0
12/12/2021,51844,7460874,3382509520,"2,361.27",-88.7,-3.62,0
12/13/2021,62809,9679072,3995604178,"2,281.67",-79.6,-3.37,0
12/14/2021,29064,4085956,1842647144,"2,418.85",137.18,6.01,1
12/15/2021,71229,9879109,4588390678,"2,414.62",-4.23,-0.17,0
12/16/2021,37236,5379860,2301751968,"2,376.74",-37.88,-1.57,0
12/20/2021,37367,5439087,2464689863,"2,358.81",-17.93,-0.75,0
12/21/2021,34216,4972309,2382097335,"2,415.55",56.74,2.41,1
12/22/2021,55997,8104319,4523338143,"2,507.70",92.15,3.81,1
12/23/2021,59008,8323923,4490266410,"2,520.23",12.53,0.5,1
12/26/2021,62021,8601956,5173200503,"2,591.42",71.19,2.82,1
12/27/2021,67760,10292226,5607439671,"2,521.65",-69.77,-2.69,0
12/28/2021,42058,5828783,3125575632,"2,518.99",-2.66,-0.11,0
12/29/2021,42512,5638279,3623480292,"2,524.50",5.51,0.22,1
1/2/2022,53122,7160983,4126980068,"2,584.91",60.41,2.39,1
1/3/2022,54505,8205052,4533017179,"2,616.94",32.03,1.24,1
1/4/2022,55378,9110758,4320269828,"2,679.95",63.01,2.41,1
1/5/2022,58572,9559429,4621598583,"2,649.18",-30.77,-1.15,0
1/6/2022,48161,7336334,3676846349,"2,692.47",43.29,1.63,1
1/9/2022,82113,15058621,7101831591,"2,765.51",73.04,2.71,1
1/10/2022,77182,14288120,7123417936,"2,784.95",19.44,0.7,1
1/11/2022,77015,11970215,6724526198,"2,834.13",49.18,1.77,1
1/12/2022,90590,16147390,8033212742,"2,803.62",-30.51,-1.08,0
1/13/2022,77668,11834216,6669748568,"2,857.75",54.13,1.93,1
1/16/2022,101589,18254425,9676317059,"2,926.74",68.99,2.41,1
1/17/2022,96408,14474713,7901890668,"2,947.43",20.69,0.71,1
1/18/2022,115958,16004530,8443419562,"2,936.66",-10.77,-0.37,0
1/19/2022,84233,11837215,6021311881,"2,898.31",-38.35,-1.31,0
1/20/2022,75582,15989744,5773120409,"2,931.34",33.03,1.14,1
1/23/2022,87478,14704277,7030508263,"2,920.51",-10.83,-0.37,0
1/24/2022,113205,17063833,8888513178,"2,820.65",-99.86,-3.42,0
1/25/2022,72401,9784651,5395672627,"2,815.06",-5.59,-0.2,0
1/26/2022,61004,9358700,4313154042,"2,776.65",-38.41,-1.36,0
1/27/2022,50964,6675216,3343404684,"2,779.98",3.33,0.12,1
1/30/2022,81706,12155432,6324274039,"2,885.53",105.55,3.8,1
1/31/2022,69770,10105669,5154177598,"2,872.05",-13.48,-0.47,0
2/1/2022,80829,12167605,6574842418,"2,891.33",19.28,0.67,1
2/3/2022,108365,15780713,8612174162,"2,876.74",-14.59,-0.5,0
2/6/2022,73192,10651754,5836414510,"2,836.17",-40.57,-1.41,0
2/7/2022,66113,9512580,5022017181,"2,851.88",15.71,0.55,1
2/8/2022,71340,12053751,6287217985,"2,835.58",-16.3,-0.57,0
2/9/2022,45112,6520628,3471109182,"2,813.52",-22.06,-0.78,0
2/10/2022,49005,6950838,3829533350,"2,801.56",-11.96,-0.43,0
2/13/2022,81837,11661639,5977214731,"2,700.89",-100.67,-3.59,0
2/14/2022,49882,7549779,3684009915,"2,700.98",0.09,0,1
2/15/2022,43519,6343228,3233318614,"2,754.29",53.31,1.97,1
2/16/2022,39668,5652182,3026330784,"2,734.44",-19.85,-0.72,0
2/17/2022,34346,4017429,2278173660,"2,732.51",-1.93,-0.07,0
2/20/2022,57004,7122299,4086474828,"2,693.10",-39.41,-1.44,0
2/21/2022,40869,4992879,2997681072,"2,718.51",25.41,0.94,1
2/22/2022,48195,6081602,3212887822,"2,735.93",17.42,0.64,1
2/23/2022,48911,6247774,3131210282,"2,720.43",-15.5,-0.57,0
2/24/2022,65011,8490689,4293864192,"2,661.44",-58.99,-2.17,0
2/27/2022,49670,7040563,3273065910,"2,653.70",-7.74,-0.29,0
2/28/2022,54121,7834915,3660189868,"2,610.58",-43.12,-1.62,0
3/2/2022,55212,7652204,3621143979,"2,547.04",-63.54,-2.43,0
3/6/2022,45622,5139239,2493241273,"2,543.39",-3.65,-0.14,0
3/7/2022,40130,5315292,2600930403,"2,544.94",1.55,0.06,1
3/9/2022,39788,4959919,2352317142,"2,514.58",-30.36,-1.19,0
3/10/2022,43536,5593345,2787136606,"2,566.90",52.32,2.08,1
3/13/2022,64635,9022890,4870715387,"2,667.97",101.07,3.94,1
3/14/2022,18597,2349010,1342232839,"2,668.11",0.14,0.01,1
3/15/2022,46287,6529026,3364229175,"2,650.97",-17.14,-0.64,0
3/16/2022,37032,4967471,2570401188,"2,631.25",-19.72,-0.74,0
3/20/2022,35212,4287569,2274626191,"2,616.59",-14.66,-0.56,0
3/21/2022,37939,5189083,2592718131,"2,634.66",18.07,0.69,1
3/22/2022,36772,5329993,2518894178,"2,650.70",16.04,0.61,1
3/23/2022,29678,3985574,2046352547,"2,630.36",-20.34,-0.77,0
3/24/2022,45076,5298543,3248943825,"2,613.67",-16.69,-0.63,0
3/27/2022,62164,8923014,4989514416,"2,572.26",-41.41,-1.58,0
3/28/2022,42712,4958914,2545321814,"2,541.84",-30.42,-1.18,0
3/29/2022,31431,3890131,1750628199,"2,527.58",-14.26,-0.56,0
3/30/2022,36811,4502511,2250117296,"2,568.26",40.68,1.61,1
3/31/2022,37428,3787034,1890158086,"2,544.31",-23.95,-0.93,0
4/3/2022,28113,3253816,1460773729,"2,513.42",-30.89,-1.21,0
4/4/2022,31567,3429917,1584671562,"2,498.53",-14.89,-0.59,0
4/5/2022,45894,5841998,2671232388,"2,452.07",-46.46,-1.86,0
4/6/2022,38262,4379042,1995964384,"2,428.66",-23.41,-0.95,0
4/7/2022,42506,5444738,2121511280,"2,464.36",35.7,1.47,1
4/11/2022,40507,5095834,2260786628,"2,419.80",-44.56,-1.81,0
4/12/2022,31576,3783024,1524364418,"2,385.01",-34.79,-1.44,0
4/13/2022,28945,3398643,1476318104,"2,415.25",30.24,1.27,1
4/17/2022,29039,3357237,1398188182,"2,385.65",-29.6,-1.23,0
4/18/2022,31825,3876302,1530692956,"2,343.87",-41.78,-1.75,0
4/19/2022,27841,3213195,1326865932,"2,357.25",13.38,0.57,1
4/20/2022,32505,3570003,1458731286,"2,320.52",-36.73,-1.56,0
4/21/2022,36190,3991051,1629168848,"2,325.45",4.93,0.21,1
4/24/2022,43449,6639494,2531269595,"2,420.97",95.52,4.11,1
4/25/2022,46401,5047769,2042253182,"2,386.02",-34.95,-1.44,0
4/26/2022,25765,3419218,1046004617,"2,370.99",-15.03,-0.63,0
4/27/2022,23534,2885039,1089992036,"2,376.17",5.18,0.22,1
4/28/2022,28912,4574520,1496246808,"2,356.17",-20,-0.84,0
5/2/2022,31404,3978079,1423498292,"2,307.44",-48.73,-2.07,0
5/4/2022,27565,3602748,1269142521,"2,275.69",-31.75,-1.38,0
5/5/2022,34258,4674920,1654549715,"2,238.62",-37.07,-1.63,0
5/8/2022,27226,3341190,1326407843,"2,256.58",17.96,0.8,1
5/9/2022,28675,3324822,1390607702,"2,268.85",12.27,0.54,1
5/10/2022,26565,3330150,1356687469,"2,313.00",44.15,1.95,1
5/11/2022,37770,5333109,2163990743,"2,369.06",56.06,2.42,1
5/12/2022,40023,5227359,2328434273,"2,350.42",-18.64,-0.79,0
5/17/2022,33611,3595748,1644096193,"2,265.52",-84.9,-3.61,0
5/18/2022,27057,3156913,1326320346,"2,274.42",8.9,0.39,1
5/19/2022,23569,3798263,1300981996,"2,250.91",-23.51,-1.03,0
5/20/2022,19109,2524268,932206084.3,"2,235.09",-15.82,-0.7,0
5/23/2022,28506,3917655,1369513192,"2,200.88",-34.21,-1.53,0
5/24/2022,21708,3100726,1088831190,"2,217.19",16.31,0.74,1
5/25/2022,22031,2694429,1044626939,"2,231.57",14.38,0.65,1
5/26/2022,18808,2324665,889834908.6,"2,239.60",8.03,0.36,1
5/27/2022,21904,4140665,1298905590,"2,223.78",-15.82,-0.71,0
5/30/2022,26949,3456529,1338856282,"2,173.44",-50.34,-2.26,0
5/31/2022,27519,3769812,1317699090,"2,137.92",-35.52,-1.63,0
6/1/2022,23133,3020063,1078481822,"2,130.73",-7.19,-0.34,0
6/2/2022,21833,3566819,1161514169,"2,112.47",-18.26,-0.86,0
6/3/2022,26693,3848508,1307359541,"2,078.71",-33.76,-1.6,0
6/6/2022,25908,4409691,1273385277,"2,065.82",-12.89,-0.62,0
6/7/2022,28959,3887748,1312806563,"2,020.23",-45.59,-2.21,0
6/8/2022,30684,5005814,1640356608,"2,080.45",60.22,2.98,1
6/9/2022,30761,4156084,1472679030,"2,062.81",-17.64,-0.85,0
6/10/2022,18616,3045638,894078314.1,"2,048.16",-14.65,-0.71,0
6/13/2022,20774,2920705,998674262.4,"2,032.34",-15.82,-0.77,0
6/14/2022,31806,4147255,1185546179,"1,996.26",-36.08,-1.78,0
6/15/2022,30602,4182369,1491758817,"1,966.37",-29.89,-1.5,0
6/16/2022,25585,3594594,1187145519,"1,978.94",12.57,0.64,1
6/17/2022,15163,2355001,736312158,"1,971.38",-7.56,-0.38,0
6/19/2022,27006,3666891,1134091212,"1,934.11",-37.27,-1.89,0
6/20/2022,36464,6186941,1750600171,"1,884.81",-49.3,-2.55,0
6/21/2022,25364,3765516,1253757715,"1,924.74",39.93,2.12,1
6/22/2022,20420,3034483,843773459,"1,893.53",-31.21,-1.62,0
6/23/2022,33459,5008761,1499703988,"1,848.28",-45.25,-2.39,0
6/24/2022,22874,3541537,1151208031,"1,862.06",13.78,0.75,1
6/26/2022,44341,6363590,2196141849,"1,956.98",94.92,5.1,1
6/27/2022,43122,5641540,2044831948,"1,933.13",-23.85,-1.22,0
6/28/2022,23133,3037680,1058263522,"1,921.31",-11.82,-0.61,0
6/30/2022,47392,7254070,2458619495,"2,037.64",74.93,3.82,1
7/1/2022,28866,3663220,1459312015,"2,028.77",-8.87,-0.44,0
7/3/2022,45120,6227692,2480473999,"2,086.42",57.65,2.84,1
7/4/2022,75790,10981591,4349273593,"2,076.67",-9.75,-0.47,0
7/5/2022,49416,8613489,2968485224,"2,030.59",-46.08,-2.22,0
7/6/2022,38008,6263310,2178655701,"2,043.92",13.33,0.66,1
7/7/2022,31276,4711025,1806204765,"2,027.32",-16.6,-0.81,0
7/8/2022,20122,3063476,1168451395,"1,992.62",-34.7,-1.71,0
7/11/2022,45196,6313641,2325641022,"1,915.61",-77.01,-3.86,0
7/12/2022,30693,4967293,1707604640,"1,927.28",11.67,0.61,1
7/13/2022,32776,5786546,2044137627,"1,986.82",59.54,3.09,1
7/14/2022,39167,6210888,2411824833,"2,001.53",14.71,0.74,1
7/15/2022,21615,4051771,1456259833,"2,009.46",7.93,0.4,1
7/17/2022,25924,3045889,1232488083,"2,011.40",1.94,0.1,1
7/18/2022,23383,3142402,1312962960,"2,029.43",18.03,0.9,1
7/19/2022,37972,5713248,2299316326,"2,045.70",16.27,0.8,1
7/20/2022,29086,4133709,1731832270,"2,050.59",4.89,0.24,1
7/21/2022,27521,3908385,1642643607,"2,044.72",-5.87,-0.29,0
7/22/2022,23868,3320512,1443432770,"2,017.46",0,0,1
7/22/2022,23868,3320512,1443432770,"2,017.46",-27.26,-1.33,0
7/24/2022,42931,6423156,2730937197,"2,078.51",61.05,3.03,1
7/25/2022,64231,9944048,4106818941,"2,132.96",54.45,2.62,1
7/26/2022,60517,8740551,3704998398,"2,088.16",-44.8,-2.1,0
7/27/2022,50296,7508176,3161449285,"2,111.99",23.83,1.14,1
7/28/2022,72450,11955076,4976433105,"2,127.47",15.48,0.73,1
7/29/2022,34944,5110700,2191395788,"2,140.52",13.05,0.61,1
7/31/2022,67739,11339466,4609961217,"2,195.10",54.58,2.55,1
8/1/2022,67205,10518712,4670798756,"2,196.25",1.15,0.05,1
8/2/2022,50364,7813052,3293209706,"2,193.48",-2.77,-0.13,0
8/3/2022,57423,9542606,4029921240,"2,186.77",-6.71,-0.31,0
8/4/2022,56819,8569005,3768079173,"2,148.16",-38.61,-1.77,0
8/5/2022,40424,6416629,2626154948,"2,113.55",-34.61,-1.61,0
8/7/2022,44240,6106521,2673338232,"2,123.82",10.27,0.49,1
8/8/2022,44553,6527414,2857072961,"2,106.15",-17.67,-0.83,0
8/9/2022,46289,6646036,2815144598,"2,062.80",-43.35,-2.06,0
8/10/2022,36134,4640844,1935520147,"2,056.88",-5.92,-0.29,0
8/11/2022,36264,6298638,1761023039,"2,037.92",-18.96,-0.92,0
8/14/2022,38418,4559022,1873281897,"2,010.01",-27.91,-1.37,0
8/15/2022,42897,6026192,2432984612,"2,065.89",55.88,2.78,1
8/16/2022,43392,6406738,2734853058,"2,041.06",-24.83,-1.2,0
8/17/2022,26199,3497881,1405974256,"2,040.70",-0.36,-0.02,0
8/18/2022,41571,5101290,2057980057,"2,068.26",27.56,1.35,1
8/22/2022,31795,5230763,1726287430,"2,053.13",-7.42,-0.36,0
8/23/2022,27197,4030735,1333417885,"2,054.98",1.85,0.09,1
8/24/2022,33657,3678705,1526186218,"2,057.84",2.86,0.14,1
8/25/2022,32945,4234127,1717464920,"2,039.54",-18.3,-0.89,0
8/26/2022,27120,3588833,1294832820,"2,022.62",-16.92,-0.83,0
8/28/2022,43977,6148341,2059737103,"1,989.26",-33.36,-1.65,0
8/29/2022,26046,3440900,1266619150,"1,993.02",3.76,0.19,1
8/30/2022,20858,2914505,1019516696,"1,995.34",2.32,0.12,1
8/31/2022,29584,2992873,1126217862,"1,973.38",-21.96,-1.1,0
9/1/2022,29162,3955886,1383462162,"1,972.29",-1.09,-0.06,0
9/2/2022,13309,1801273,698805950.9,"1,970.62",-1.67,-0.08,0
9/4/2022,25037,2876288,1071615922,"1,977.30",6.68,0.34,1
9/5/2022,21471,2444344,909904751,"1,973.01",-4.29,-0.22,0
9/6/2022,24622,3209983,1190765613,"1,951.84",-21.17,-1.07,0
9/7/2022,20452,2943769,826230582.9,"1,939.88",-11.96,-0.61,0
9/8/2022,22176,3401762,1044440647,"1,937.74",-2.14,-0.11,0
9/11/2022,20124,2524224,747226625.4,"1,926.28",-11.46,-0.59,0
9/12/2022,20558,2613540,831603650.6,"1,912.74",-13.54,-0.7,0
9/13/2022,20520,3146996,922574409.7,"1,934.04",21.3,1.11,1
9/14/2022,31023,4618516,1453824650,"1,981.48",47.44,2.45,1
9/15/2022,35537,6940596,2125655787,"1,924.48",-57,-2.88,0
9/16/2022,18531,2916271,908186488,"1,910.38",-14.1,-0.73,0
9/18/2022,27790,6296445,1601822955,"1,876.41",-33.97,-1.78,0
9/20/2022,30135,3856538,1229669722,"1,837.60",-38.81,-2.07,0
9/21/2022,19879,2531370,721259884.7,"1,848.80",11.2,0.61,1
9/22/2022,17964,2542899,655705169.4,"1,838.96",-9.84,-0.53,0
9/25/2022,22683,4014419,1072480097,"1,815.13",-23.83,-1.3,0
9/27/2022,16817,2107597,662875160.5,"1,831.05",15.92,0.88,1
9/28/2022,11917,1369542,485368324.8,"1,837.46",6.41,0.35,1
9/29/2022,14255,1782680,632331442.7,"1,853.76",16.3,0.89,1
10/9/2022,14965,2530193,836846918.8,"1,898.38",44.62,2.41,1
10/10/2022,17860,3153885,971743566.4,"1,871.22",-27.16,-1.43,0
10/11/2022,12269,1763678,552630715.1,"1,855.16",-16.06,-0.86,0
10/12/2022,14168,2084064,691556378,"1,866.48",11.32,0.61,1
10/13/2022,17130,2697092,829595517.9,"1,870.63",4.15,0.22,1
10/16/2022,16751,2567365,803374816.2,"1,860.94",-9.69,-0.52,0
10/17/2022,13598,1629793,515776994.8,"1,858.33",-2.61,-0.14,0
10/19/2022,20257,2149724,643489675.8,"1,845.52",-12.81,-0.69,0
10/20/2022,17285,1543472,507627347,"1,844.14",-1.38,-0.07,0
10/23/2022,13067,1536205,516770816.5,"1,858.49",14.35,0.78,1
10/31/2022,17735,2572800,697245905.3,"1,874.88",16.39,0.88,1
11/1/2022,27923,3970544,1290619342,"1,930.99",56.11,2.99,1
11/2/2022,29023,4343433,1467737341,"1,938.30",7.31,0.38,1
11/3/2022,18889,2768264,898889105,"1,922.16",-16.14,-0.83,0
11/6/2022,28511.1,3914193.1,1547939559,"1,965.36",43.2,2.25,1
11/7/2022,35852.1,4944744.1,2109107629,"1,958.94",-6.42,-0.33,0
11/8/2022,19231,2774367,1053036132,"1,956.36",-2.58,-0.13,0
11/9/2022,24388,3697723,1407395437,"1,917.22",-39.14,-2,0
11/10/2022,23145.4,3115364.4,1119405231,"1,893.70",-23.52,-1.23,0
11/13/2022,18792,2029058,774881744.2,"1,883.16",-10.54,-0.56,0
11/14/2022,18512,2452794,946059642.2,"1,904.45",21.29,1.13,1
11/15/2022,23515,2745806,1023572570,"1,897.86",-6.59,-0.35,0
11/16/2022,18455,2496317,859430458.3,"1,911.26",13.4,0.71,1
11/22/2022,24994,3764563,1352867005,"1,929.70",-7.13,-0.37,0
11/23/2022,18624.1,2839990.1,1022191844,"1,921.99",-7.71,-0.4,0
11/24/2022,18495,2569229,925174380.5,"1,933.55",11.56,0.6,1
11/27/2022,31843,4224532,2025421167,"1,965.98",32.43,1.68,1
11/28/2022,25745.1,3761630.1,1494020537,"1,950.37",-15.61,-0.79,0
11/29/2022,18843,2590589,956879361,"1,953.35",2.98,0.15,1
11/30/2022,16503.7,2356556.7,842610933.5,"1,949.85",-3.5,-0.18,0
12/1/2022,21186,3865961,1322972186,"1,961.06",11.21,0.57,1
12/4/2022,26961,3694529,1561397145,"1,963.22",2.16,0.11,1
12/5/2022,27308,4128095,1670434210,"1,938.76",-24.46,-1.25,0
12/6/2022,19121,2581425,965210899.1,"1,933.88",-4.88,-0.25,0
12/7/2022,20031,8092719,1654662551,"1,917.28",-16.6,-0.86,0
12/11/2022,24644,3512834,1103404045,"1,885.31",-31.97,-1.67,0
12/12/2022,22993,4470625,1366010464,"1,902.27",16.96,0.9,1
12/13/2022,16320,2058510,777089165.2,"1,899.70",-2.57,-0.14,0
12/14/2022,16677,2087876,727877897.4,"1,897.08",-2.62,-0.14,0
12/15/2022,22374,4804279,1192616188,"1,882.60",-14.48,-0.76,0
12/18/2022,26661,3778951,1157155099,"1,855.06",-27.54,-1.46,0
12/19/2022,30545,2699331,886098568.4,"1,858.89",3.83,0.21,1
12/20/2022,24143.1,3022778.1,930779486.1,"1,873.11",14.22,0.76,1
12/21/2022,21249,2440504,863306786.1,"1,867.22",-5.89,-0.31,0
12/22/2022,23888,3112611,1119748981,"1,867.21",-0.01,0,1
12/26/2022,39392,5653773,2096946591,"1,924.09",56.88,3.05,1
12/27/2022,63896,12030408,3884376273,"1,983.95",59.86,3.11,1
12/28/2022,40488,6531175,2153489178,"1,972.15",-11.8,-0.59,0
12/29/2022,46772,8025339,2860304332,"2,029.03",56.88,2.88,1
1/1/2023,63374,10881434,4048635558,"2,046.26",17.23,0.85,1
1/2/2023,49345,8272027,2960779926,"2,063.83",17.57,0.86,1
1/3/2023,54143,8223518,3457963363,"2,061.06",-2.77,-0.13,0
1/4/2023,58146,8734232,3501018137,"2,125.84",64.78,3.14,1
1/5/2023,72638,12582732,5040679137,"2,143.93",18.09,0.85,1
1/8/2023,76260,14101593,5459768952,"2,164.61",20.68,0.96,1
1/9/2023,75366,14676933,5314226214,"2,211.76",47.15,2.18,1
1/10/2023,110825.3,20844777.3,7658793672,"2,190.42",-21.34,-0.96,0
1/12/2023,84001,14483666,5477462239,"2,149.39",-41.03,-1.87,0
1/17/2023,63430,11883287,3724794588,"2,182.11",32.72,1.52,1
1/18/2023,69637,13304140,4928714603,"2,173.10",-9.01,-0.41,0
1/19/2023,58665,8247646,3044529330,"2,178.81",5.71,0.26,1
1/23/2023,65194,10759579,3864008974,"2,165.10",-13.71,-0.63,0
1/24/2023,52460,8300187,3003230039,"2,173.25",8.15,0.38,1
1/25/2023,54377,9532867,3466508339,"2,183.62",10.37,0.48,1
1/26/2023,47909,7764153,2860082839,"2,183.21",-0.41,-0.02,0
1/29/2023,51973,8276751,3017063956,"2,168.53",-14.68,-0.67,0
1/30/2023,57126,8836488,3302201826,"2,127.37",-41.16,-1.9,0
1/31/2023,54751.2,7554099.2,2824531675,"2,111.68",-15.69,-0.74,0
2/1/2023,36879,5024381,1767051916,"2,116.65",4.97,0.24,1
2/2/2023,39642,5898903,2096419162,"2,094.54",-22.11,-1.04,0
2/5/2023,39187,5206370,1931719104,"2,096.08",1.54,0.07,1
2/6/2023,29846,3922216,1474161646,"2,100.70",4.62,0.22,1
2/7/2023,59927,9333788,3362267079,"2,177.34",76.64,3.65,1
2/8/2023,55602,10502649,3691972817,"2,170.18",-7.16,-0.33,0
2/9/2023,35450,5648212,2062058749,"2,182.63",12.45,0.57,1
2/12/2023,51226,8139840,3047739813,"2,121.86",-60.77,-2.78,0
2/14/2023,36880,4685809,1787016373,"2,105.46",-16.4,-0.77,0
2/15/2023,34261,4815692,1732403242,"2,091.56",-13.9,-0.66,0
2/16/2023,35858,4748232,1684848411,"2,070.41",-21.15,-1.01,0
2/20/2023,39185.1,6092038.1,1947554426,"2,046.81",-23.6,-1.14,0
2/22/2023,40739.5,4780426.5,1803192014,"2,080.38",33.57,1.64,1
2/23/2023,48853,6326815,2522683194,"2,022.64",-57.74,-2.78,0
2/26/2023,51276,6516573,2525053171,"2,027.19",4.55,0.22,1
2/27/2023,38082.5,5121584.5,1893699101,"2,023.54",-3.65,-0.18,0
2/28/2023,29443.4,3946745.4,1387835100,"2,019.93",-3.61,-0.18,0
3/1/2023,27206,3730621,1288280832,"1,995.49",-24.44,-1.21,0
3/2/2023,29243.1,3657873.1,1336315387,"1,969.02",-26.47,-1.33,0
3/5/2023,31647.1,3833179.1,1392336291,"1,938.25",-30.77,-1.56,0
3/7/2023,24373,4059149,1204409412,"1,952.66",14.41,0.74,1
3/9/2023,38908.8,4566749.8,1565501923,"2,002.70",50.04,2.56,1
3/12/2023,37074,4772705,1666743911,"1,975.90",-26.8,-1.34,0
3/13/2023,27648,3369811,1162403640,"1,951.21",-24.69,-1.25,0
3/14/2023,27271,3318783,1135825483,"1,953.06",1.85,0.09,1
3/15/2023,25491,3716684,1202141883,"1,938.62",-14.44,-0.74,0
3/16/2023,27173,3403027,1141423178,"1,933.31",-5.31,-0.27,0
3/19/2023,31574,3164164,1069784850,"1,926.40",-6.91,-0.36,0
3/20/2023,30071,5255851,1298564263,"1,949.06",22.66,1.18,1
3/22/2023,31282,3778100,1333640900,"1,933.29",-15.77,-0.81,0
3/23/2023,30468,4341029,1413153228,"1,915.14",-18.15,-0.94,0
3/26/2023,32969,3755054,1289304566,"1,888.30",-26.84,-1.4,0
3/27/2023,37780,4309364,1382700249,"1,906.00",17.7,0.94,1
3/28/2023,36728.5,4078522.5,1443666056,"1,918.41",12.41,0.65,1
3/29/2023,26211,2539808,816187094.8,"1,919.42",1.01,0.05,1
3/30/2023,27217,2751414,899512564.4,"1,908.55",-10.87,-0.57,0
4/2/2023,33210,3787890,1207004400,"1,888.55",-20,-1.05,0
4/3/2023,28239.9,2830111.9,920167185,"1,871.88",-16.67,-0.88,0
4/4/2023,23944.1,2972697.1,917590943.5,"1,866.68",-5.2,-0.28,0
4/5/2023,22275.5,2603679.5,816008202.5,"1,875.07",8.39,0.45,1
4/6/2023,24156.1,2871515.1,920628411.8,"1,866.79",-8.28,-0.44,0
4/9/2023,30011,3844461,1159429112,"1,838.49",-28.3,-1.52,0
4/10/2023,36322,2961612,911956724.1,"1,844.02",5.53,0.3,1
4/11/2023,36012,3316471,945229804.4,"1,871.34",27.32,1.48,1
4/12/2023,47285,6107425,1976076732,"1,963.55",92.21,4.93,1
4/13/2023,45540,4914256,1653101006,"1,934.47",-29.08,-1.48,0
4/16/2023,33952,3057531,974558404,"1,931.68",-2.79,-0.14,0
4/17/2023,28247,3145335,920038071.1,"1,908.05",-23.63,-1.22,0
4/18/2023,25253,2976672,870386601.9,"1,904.98",-3.07,-0.16,0
4/19/2023,24298.1,2580072.1,872100963.6,"1,920.12",15.14,0.79,1
4/20/2023,24064.1,3209989.1,983347333.5,"1,904.40",-15.72,-0.82,0
4/23/2023,32213.1,2735032.1,828474106.3,"1,885.60",-18.8,-0.99,0
4/24/2023,34012.1,2261598.1,751310416.2,"1,888.32",2.72,0.14,1
4/25/2023,28549.2,2701329.2,885558690.8,"1,905.68",17.36,0.92,1
4/26/2023,24226,2571952,846988272.9,"1,892.00",-13.68,-0.72,0
4/27/2023,22651,2175599,739553815,"1,889.73",-2.27,-0.12,0
4/30/2023,27602,3207203,954282102.9,"1,870.65",-19.08,-1.01,0
5/2/2023,22457,2337380,692227260.2,"1,866.40",-4.25,-0.23,0
5/3/2023,19685,2156371,620245791.9,"1,857.23",-9.17,-0.49,0
5/4/2023,21463,2534445,732625900.9,"1,869.73",12.5,0.67,1
5/7/2023,23860,2016744,608114869.1,"1,850.61",-19.12,-1.02,0
5/8/2023,26395,2811362,824156574.4,"1,833.69",-16.92,-0.91,0
5/9/2023,21579,2836869,774700347.1,"1,844.36",10.67,0.58,1
5/10/2023,16902,1943366,589047814.6,"1,841.93",-2.43,-0.13,0
5/11/2023,17008,2106437,578821493.5,"1,838.59",-3.34,-0.18,0
5/14/2023,23529,2789470,900443226.3,"1,821.64",-16.95,-0.92,0
5/15/2023,20962.1,2342020.1,724949877.9,"1,818.31",-3.33,-0.18,0
5/16/2023,19680,2064412,640021030.5,"1,821.62",3.31,0.18,1
5/17/2023,25634,2577210,857624318.5,"1,845.01",23.39,1.28,1
5/18/2023,32579,4422186,1474765388,"1,877.32",32.31,1.75,1
5/21/2023,35123,4829521,1600453029,"1,883.20",5.88,0.31,1
5/22/2023,26539,3496522,1278684875,"1,891.31",8.11,0.43,1
5/23/2023,39589,6068187,2199992186,"1,942.63",51.32,2.71,1
5/24/2023,35629,4866120,1872899639,"1,959.12",16.49,0.85,1
5/28/2023,48446,7050289,2639352090,"1,941.74",-17.38,-0.89,0
5/30/2023,41452.9,7075031.9,2341741475,"1,888.61",-53.13,-2.74,0
5/31/2023,37690,8736858,2315113492,"1,849.79",-38.82,-2.06,0
6/1/2023,30713.1,6129326.1,1654577136,"1,866.34",16.55,0.89,1
6/4/2023,31252,4557169,1656340392,"1,919.38",53.04,2.84,1
6/5/2023,37359.1,5621076.1,1973411700,"1,901.99",-17.39,-0.91,0
6/6/2023,36916,5542628,1980972869,"1,927.66",25.67,1.35,1
6/7/2023,42410,6542111,2368754113,"1,932.33",4.67,0.24,1
6/8/2023,43933,5962753,2305767407,"1,939.61",7.28,0.38,1
6/11/2023,62257,9528990,3454283889,"1,980.09",40.48,2.09,1
6/12/2023,50767,7454812,2886492946,"1,987.87",7.78,0.39,1
6/13/2023,70759,10801693,4126695944,"2,020.64",32.77,1.65,1
6/14/2023,79461,12561440,5017807683,"2,037.06",16.42,0.81,1
6/15/2023,53621.1,7897228.1,3162762301,"2,042.07",5.01,0.25,1
6/18/2023,71456,12096751,4869163791,"2,094.33",52.26,2.56,1
6/19/2023,69168,12975168,4740608880,"2,091.39",-2.94,-0.14,0
6/20/2023,64760,10793543,4110598854,"2,064.83",-26.56,-1.27,0
6/21/2023,60632,8651923,3496771138,"2,050.78",-14.05,-0.68,0
6/22/2023,57375,8008993,3444800927,"2,055.53",4.75,0.23,1
6/25/2023,91070.1,14752044.1,6490397780,"2,117.73",62.2,3.03,1
6/26/2023,74811.4,11904455.4,5312347137,"2,129.42",11.69,0.55,1
6/27/2023,81225,13107817,5476208713,"2,186.36",56.94,2.67,1
6/28/2023,83190,13343803,5972265706,"2,150.99",-35.37,-1.62,0
7/2/2023,75262,11323905,5081894079,"2,097.29",-53.7,-2.5,0
7/3/2023,65687.4,9419684.4,4051004472,"2,075.97",-21.32,-1.02,0
7/4/2023,47569.6,6451550.6,2575948209,"2,088.70",12.73,0.61,1
7/5/2023,53954,8093647,3073839104,"2,049.44",-39.26,-1.88,0
7/6/2023,70517,9752723,3077390565,"2,049.38",-0.06,0,1
7/9/2023,74320,8353031,3042171386,"2,077.76",28.38,1.38,1
7/10/2023,66213.5,11183222.5,3797977618,"2,076.96",-0.8,-0.04,0
7/11/2023,55853,7989872,2859467740,"2,072.24",-4.72,-0.23,0
7/12/2023,60459,8504612,3187068324,"2,097.55",25.31,1.22,1
7/13/2023,58640,9383370,3390592691,"2,084.93",-12.62,-0.6,0
7/16/2023,40024,7184654,2375837613,"2,097.09",12.16,0.58,1
7/17/2023,50299,7634190,2560191289,"2,144.16",47.07,2.24,1
7/18/2023,56476,8676438,3548829029,"2,154.07",9.91,0.46,1
7/19/2023,51445,8674109,3348679900,"2,165.24",11.17,0.52,1
7/20/2023,54954,8424108,3052410660,"2,163.92",-1.32,-0.06,0
7/23/2023,75086,12002308,4375196233,"2,227.16",63.24,2.92,1
7/24/2023,74161,20979887,4737608810,"2,200.50",-26.66,-1.2,0
7/25/2023,53570,7716277,2910732419,"2,164.31",-36.19,-1.64,0
7/26/2023,42714,7399474,2432508770,"2,156.20",-8.11,-0.37,0
7/27/2023,44672,6271777,2425780564,"2,126.48",-29.72,-1.38,0
7/30/2023,46327,6860042,2502886528,"2,100.34",-26.14,-1.23,0
7/31/2023,40303,5531737,1858002176,"2,106.18",5.84,0.28,1
8/1/2023,40837,6015067,1924434900,"2,077.58",-28.6,-1.36,0
8/2/2023,35835,9361786,1812473856,"2,086.84",9.26,0.45,1
8/3/2023,40774,5130520,1781941702,"2,089.84",3,0.14,1
8/6/2023,61917,8007361,2687148235,"2,051.47",-38.37,-1.84,0
8/7/2023,101236,6647143,2333573298,"2,048.26",-3.21,-0.16,0
8/8/2023,74257,4860741,1737014500,"2,019.85",-28.41,-1.39,0
8/9/2023,77501,5010716,1888326470,"2,060.91",41.06,2.03,1
8/10/2023,57789,5503021,2156583946,"2,066.05",5.14,0.25,1
8/13/2023,95965,9718754,3018460512,"2,080.86",14.81,0.72,1
8/14/2023,68842,5417928,2091390638,"2,077.24",-3.62,-0.17,0
8/15/2023,61341,5603179,2157312370,"2,045.44",-31.8,-1.53,0
8/16/2023,45167,4838106,1679980623,"2,025.12",-20.32,-0.99,0
8/17/2023,43591,4009263,1541367399,"2,033.13",8.01,0.4,1
8/20/2023,43346,4459459,1447408943,"2,011.22",-21.91,-1.08,0
8/21/2023,40404,4164827,1408957127,"1,998.28",-12.94,-0.64,0
8/22/2023,34508,6031356,1332564770,"2,015.98",17.7,0.89,1
8/23/2023,44340,4237069,1510488985,"2,045.45",29.47,1.46,1
8/24/2023,40800,4657137,1550582685,"2,013.93",-31.52,-1.54,0
8/27/2023,39615.4,3895836.4,1262422493,"1,993.38",-20.55,-1.02,0
8/28/2023,31599,3670731,988628562.2,"1,998.48",5.1,0.26,1
8/29/2023,29640,4006739,865120452.4,"1,993.42",-5.06,-0.25,0
8/30/2023,32298,3803244,1130008041,"1,990.59",-2.83,-0.14,0
9/3/2023,37041,4053368,1186618411,"1,960.78",-29.81,-1.5,0
9/4/2023,32533,3432267,1099139697,"1,967.83",7.05,0.36,1
9/5/2023,25227,2480929,796870408.1,"1,961.37",-6.46,-0.33,0
9/7/2023,32139,3769033,1150920608,"1,932.45",-28.92,-1.47,0
9/10/2023,33064,4314417,1072212419,"1,942.68",10.23,0.53,1
9/11/2023,37799,4742511,1518343397,"1,986.99",44.31,2.28,1
9/12/2023,26302,3916161,1135057516,"1,967.57",-19.42,-0.98,0
9/13/2023,36045,5144724,1495521906,"2,007.06",39.49,2.01,1
9/17/2023,72477,5659458,2028465611,"1,964.91",-42.15,-2.1,0
9/18/2023,42024,2874275,870444156.8,"1,969.18",4.27,0.22,1
9/19/2023,50296,4336583,1176680758,"1,985.43",16.25,0.83,1
9/21/2023,119359,11264309,3293921368,"2,029.78",44.35,2.23,1
9/24/2023,81010,9003941,2326895207,"2,010.35",-19.43,-0.96,0
9/25/2023,78421,6516006,1565573472,"2,004.45",-5.9,-0.29,0
9/26/2023,78616,8704477,2093809519,"2,022.91",18.46,0.92,1
9/27/2023,58367,7061404,1814359022,"2,004.30",-18.61,-0.92,0
10/1/2023,82800,6723400,1830486743,"1,971.10",-33.2,-1.66,0
10/2/2023,85591,5776896,1737314092,"1,976.29",5.19,0.26,1
10/3/2023,55096,3965917,1199101325,"1,958.72",-17.57,-0.89,0
10/4/2023,58741,4323021,1189931385,"1,967.97",9.25,0.47,1
10/5/2023,50069,3562624,1106519418,"1,956.92",-11.05,-0.56,0
10/8/2023,60026.4,5815877.4,1801612337,"1,921.24",-35.68,-1.82,0
10/9/2023,48444,4327179,1170172722,"1,908.66",-12.58,-0.65,0
10/10/2023,44861,4287863,1282875677,"1,889.59",-19.07,-1,0
10/11/2023,56006,3734164,1088406520,"1,894.76",5.17,0.27,1
10/12/2023,62853.1,7559157.1,1699966713,"1,874.60",-20.16,-1.06,0
10/16/2023,70630.1,4838568.1,1253184797,"1,851.43",-23.17,-1.24,0
10/17/2023,46261,3813918,1008336961,"1,864.62",13.19,0.71,1
10/18/2023,32595.1,3772750.1,934825487.2,"1,907.89",43.27,2.32,1
10/19/2023,26356.5,3766837.5,970480419.5,"1,903.84",-4.05,-0.21,0
10/29/2023,34928,2712803,742786907.6,"1,875.65",-28.19,-1.48,0
10/30/2023,31073,2824697,694095992.4,"1,878.70",3.05,0.16,1
10/31/2023,26463,2258927,571399376.5,"1,864.40",-14.3,-0.76,0
11/1/2023,78706,3364776,811988608.8,"1,858.56",-5.84,-0.31,0
11/2/2023,46600,3750569,964287936.4,"1,847.70",-10.86,-0.58,0
11/5/2023,40158,3559294,972283378.9,"1,826.23",-21.47,-1.16,0
11/6/2023,47231,3555670,938929040.6,"1,847.54",21.31,1.17,1
11/7/2023,40600,4331229,996586291.9,"1,858.76",11.22,0.61,1
11/8/2023,31189,3157864,782722569.9,"1,863.94",5.18,0.28,1
11/9/2023,28657.2,2834519.2,835985351.1,"1,852.08",-11.86,-0.64,0
11/20/2023,45540.2,3320324.2,1099277392,"1,853.48",1.4,0.08,1
11/21/2023,38453.1,3675905.1,950442312.9,"1,829.65",-23.83,-1.29,0
11/22/2023,44442.9,4214063.9,1087027152,"1,850.33",20.68,1.13,1
11/23/2023,49338.7,4421339.7,1348326288,"1,860.20",9.87,0.53,1
11/26/2023,67354,6531433,2011721409,"1,907.95",47.75,2.57,1
11/27/2023,52480,6017397,1754750756,"1,896.67",-11.28,-0.59,0
11/28/2023,48164,4728676,1280178917,"1,894.53",-2.14,-0.11,0
11/29/2023,35570.1,4901672.1,1236601110,"1,876.60",-17.93,-0.95,0
11/30/2023,37856.2,4596354.2,1323498727,"1,858.53",-18.07,-0.96,0
12/3/2023,37802,3419826,963948426.3,"1,851.23",-7.3,-0.39,0
12/4/2023,44253.5,3897016.5,1197175264,"1,847.81",-3.42,-0.18,0
12/5/2023,39398,4699472,1544915088,"1,837.71",-10.1,-0.55,0
12/6/2023,35794.3,3755910.3,1141779246,"1,841.04",3.33,0.18,1
12/7/2023,53978,9506325,2799045928,"1,852.77",11.73,0.64,1
12/10/2023,7014,1367615,482482239.2,"1,963.98",111.21,6,1
12/11/2023,110781.7,14699252.7,4842659184,"1,948.57",-15.41,-0.78,0
12/12/2023,96285.3,12463996.3,4308997889,"1,985.44",36.87,1.89,1
12/13/2023,82315,12096299,3909103218,"1,988.04",2.6,0.13,1
12/14/2023,67855,9636377,3149882523,"1,994.60",6.56,0.33,1
12/17/2023,101128,17166465,5157846979,"2,022.35",27.75,1.39,1
12/18/2023,115603,21499179,6867844671,"2,060.49",38.14,1.89,1
12/19/2023,100548,16457895,5984560099,"2,106.48",45.99,2.23,1
12/20/2023,113600,19965218,7009323519,"2,141.87",35.39,1.68,1
12/21/2023,113869.7,17173666.7,6273965143,"2,109.10",-32.77,-1.53,0
12/24/2023,129332.2,18590260.2,7111635120,"2,088.07",-21.03,-1,0
12/27/2023,118453.1,14338663.1,5248728933,"2,070.84",-17.23,-0.83,0
12/28/2023,102482,11659040,4290883345,"2,068.90",-1.94,-0.09,0
1/1/2024,102905,11892559,4483982461,"2,060.15",-8.75,-0.42,0
1/2/2024,87294.9,11187524.9,4044613310,"2,030.10",-30.05,-1.46,0
1/3/2024,98065,10502102,4048665928,"2,058.00",27.9,1.37,1
1/4/2024,109256,16052658,5580836875,"2,049.28",-8.72,-0.42,0
1/7/2024,100445.3,15270044.3,5241253163,"2,022.92",-26.36,-1.29,0
1/8/2024,101330.2,13710932.2,4675090296,"2,059.49",36.57,1.81,1
1/9/2024,106422,17951155,6118119033,"2,080.12",20.63,1,1
1/10/2024,93494.5,13478814.5,5134826477,"2,089.62",9.5,0.46,1
1/11/2024,79389,22132768,4307763277,"2,088.99",-0.63,-0.03,0
1/14/2024,96376.9,16606928.9,5450275520,"2,120.62",31.63,1.51,1
1/16/2024,133946.8,23370694.8,8023639707,"2,175.17",54.55,2.57,1
1/17/2024,211432,33526082,9768433161,"2,163.06",-12.11,-0.56,0
1/18/2024,304989,20986309,8038903310,"2,155.82",-7.24,-0.33,0
1/21/2024,166983,22820279,7677740058,"2,130.18",-25.64,-1.19,0
1/22/2024,150543,18043244,6366070003,"2,098.69",-31.49,-1.48,0
1/23/2024,117566,11801360,4294566752,"2,098.29",-0.4,-0.02,0
1/24/2024,91160,10951263,3798962729,"2,088.04",-10.25,-0.49,0
1/25/2024,92314,11690882.1,3764481655,"2,084.09",-3.95,-0.19,0
1/28/2024,100782,10751164,3833776581,"2,094.46",10.37,0.5,1
1/29/2024,104967.5,12324411.5,4566416019,"2,104.72",10.26,0.49,1
1/30/2024,118880,15180093,5544128593,"2,119.61",14.89,0.71,1
1/31/2024,96517,14777795,5295426904,"2,097.93",-21.68,-1.02,0
2/1/2024,81880,11516050,4180291854,"2,067.01",-30.92,-1.47,0
2/4/2024,71685,9273629,3216682407,"2,061.70",-5.31,-0.26,0
2/5/2024,57671,7492117,2437980414,"2,076.27",14.57,0.71,1
2/6/2024,68444.7,7626125.7,2591406465,"2,085.71",9.44,0.45,1
2/7/2024,67329,7734028,2842481162,"2,090.64",4.93,0.24,1
2/8/2024,68161,9172550,3212239004,"2,096.32",5.68,0.27,1
2/11/2024,84766,10572011,4085607042,"2,085.82",-10.5,-0.5,0
2/12/2024,75995,10108940,3586917346,"2,101.16",15.34,0.74,1
2/13/2024,83789,12165995,4667090104,"2,070.59",-30.57,-1.45,0
2/14/2024,76542.1,12364798.1,4252629455,"2,076.50",5.91,0.29,1
2/15/2024,81949,11408084,3869051692,"2,062.03",-14.47,-0.7,0
2/18/2024,97999,10773210,3775266011,"2,034.82",-27.21,-1.32,0
2/20/2024,77705,9343386,3113498443,"2,033.06",-1.76,-0.09,0
2/21/2024,59271,6342059,2241939074,"2,026.59",-6.47,-0.32,0
2/22/2024,78731,9518925,3206122173,"2,005.83",-20.76,-1.02,0
2/25/2024,73749.2,8548646.2,3086806323,"1,979.02",-26.81,-1.34,0
2/26/2024,50839,5989544,2017671131,"1,992.30",13.28,0.67,1
2/27/2024,41854,5240271,1869768326,"2,001.64",9.34,0.47,1
2/28/2024,42597,5116528,2038055402,"2,000.77",-0.87,-0.04,0
2/29/2024,49247,7447817,2598669629,"1,972.09",-28.68,-1.43,0
3/3/2024,47329.6,5575888.6,2082583132,"1,960.30",-11.79,-0.6,0
3/4/2024,3863,934919,375209978.3,"2,078.00",117.7,6,1
3/5/2024,70108,11468427,4113609383,"2,007.69",-70.31,-3.38,0
3/6/2024,59839,9138892,3450689527,"2,017.03",9.34,0.47,1
3/7/2024,49583.2,8930983.2,3199154205,"2,030.55",13.52,0.67,1
3/10/2024,58625.1,7045246.1,2922662932,"2,052.65",22.1,1.09,1
3/12/2024,83647,10610345,4551487451,"2,111.21",58.56,2.85,1
3/13/2024,75409,10891442,4248430282,"2,108.72",-2.49,-0.12,0
3/14/2024,68025.9,11485054.9,3943137886,"2,080.87",-27.85,-1.32,0
3/17/2024,64924,8407895,3387887059,"2,070.25",-10.62,-0.51,0
3/18/2024,54157,7459894,2885232026,"2,073.53",3.28,0.16,1
3/19/2024,64708,9479720,3633822455,"2,067.29",-6.24,-0.3,0
3/20/2024,60937,9446247,3495938286,"2,063.95",-3.34,-0.16,0
3/21/2024,54239,18554127,4312512489,"2,048.57",-15.38,-0.75,0
3/25/2024,45167.3,7061861.3,2489040077,"2,031.55",-17.02,-0.83,0
3/26/2024,51429,6844165,2354208866,"2,041.70",10.15,0.5,1
3/27/2024,46164,6048836,2235387177,"2,030.86",-10.84,-0.53,0
3/28/2024,55557.2,6616140.2,2653102139,"2,035.64",4.78,0.24,1
3/31/2024,69011,7911724,3157465242,"2,018.33",-17.31,-0.85,0
4/1/2024,65025,7284576,2866912873,"2,012.07",-6.26,-0.31,0
4/2/2024,48223.2,6133518.2,2291551330,"2,010.21",-1.86,-0.09,0
4/3/2024,53034,6482755,2536185962,"2,006.78",-3.43,-0.17,0
4/4/2024,57274,6964264,3037219605,"2,004.05",-2.73,-0.14,0
4/7/2024,64221,11210102,4256676334,"2,026.81",22.76,1.14,1
4/9/2024,74254.4,9791223.4,4143594957,"2,036.01",9.2,0.45,1
4/10/2024,63396,8698822,3485587350,"2,025.30",-10.71,-0.53,0
4/14/2024,61032.2,7796775.2,3063530239,"2,023.35",-1.95,-0.1,0
4/15/2024,52542,7225422,2797191533,"2,006.52",-16.83,-0.83,0
4/16/2024,40462.5,5471910.5,2102870367,"1,991.71",-14.81,-0.74,0
4/18/2024,42940.2,5346495.2,2093459598,"1,972.14",-19.57,-0.98,0
4/21/2024,48102,6394019,2259742492,"1,984.43",12.29,0.62,1
4/22/2024,40591.1,5658146.1,2058121615,"1,969.02",-15.41,-0.78,0
4/24/2024,38525,7285922,2536022424,"1,969.17",0.15,0.01,1
4/25/2024,43006,6313328,2366758044,"1,965.93",-3.24,-0.16,0
4/28/2024,49136.8,6878968.8,2682442323,"1,980.27",14.34,0.73,1
4/29/2024,47485.1,7341936.1,2959232992,"1,980.34",0.07,0,1
4/30/2024,77287.5,11840040.5,4799911874,"2,006.28",25.94,1.31,1
5/2/2024,65162,9499260,4133343106,"1,998.96",-7.32,-0.36,0
5/5/2024,61502,9763688,3795650162,"1,974.37",-24.59,-1.23,0
5/6/2024,50736.1,6980180.1,2891143000,"1,958.75",-15.62,-0.79,0
5/7/2024,39195.5,5064995.5,2140478084,"1,960.81",2.06,0.11,1
5/8/2024,41137,5874967,2547030826,"1,960.60",-0.21,-0.01,0
5/9/2024,51369.4,7060122.4,3120967693,"1,966.23",5.63,0.29,1
5/12/2024,50747.7,7857966.7,3155092933,"1,974.50",8.27,0.42,1
5/13/2024,46855,9491689,3356290889,"1,998.89",24.39,1.24,1
5/14/2024,60915,9856320,4088827190,"2,027.51",28.62,1.43,1
5/15/2024,57906,8492568,3708218573,"2,017.97",-9.54,-0.47,0
5/16/2024,58206,8283368,4233638086,"2,018.76",0.79,0.04,1
5/19/2024,77070,12242442,5250571793,"2,064.45",45.69,2.26,1
5/20/2024,81973,14371340,5854005551,"2,092.00",27.55,1.33,1
5/21/2024,74648.1,13241953.1,5205961752,"2,115.94",23.94,1.14,1
5/22/2024,79039,14420431,5687601793,"2,131.49",15.55,0.73,1
5/26/2024,71565.5,11045340.5,4441409988,"2,109.34",-22.15,-1.04,0
5/27/2024,59457,9331245,3893738794,"2,113.27",3.93,0.19,1
5/29/2024,63080,10738169,4575063274,"2,089.42",-23.85,-1.13,0
5/30/2024,62053,9865415,4217445121,"2,069.53",-19.89,-0.95,0
6/2/2024,67715.2,9699094.2,4310832993,"2,083.04",13.51,0.65,1
6/3/2024,61323.5,8822082.5,4003994955,"2,079.07",-3.97,-0.19,0
6/4/2024,54976,8306715,4084666975,"2,085.30",6.23,0.3,1
6/5/2024,50785.1,8043795.1,3992950190,"2,079.71",-5.59,-0.27,0
6/6/2024,60623.1,8814323.1,4388254393,"2,077.78",-1.93,-0.09,0
6/9/2024,69219,10452128,5189079522,"2,073.19",-4.59,-0.22,0
6/10/2024,72926.6,11635563.6,5490575372,"2,082.09",8.9,0.43,1
6/11/2024,75871.2,12666074.2,5555107248,"2,115.24",33.15,1.59,1
6/12/2024,76886.5,12952387.5,5894038533,"2,121.62",6.38,0.3,1
6/13/2024,78469,14295772,6443018518,"2,112.29",-9.33,-0.44,0
6/16/2024,72977.3,13224816.3,5472204487,"2,095.25",-17.04,-0.81,0
6/18/2024,60165.2,9546709.2,4055661954,"2,076.49",-18.76,-0.9,0
6/19/2024,48706,7209757,3404372633,"2,078.76",2.27,0.11,1
6/20/2024,54077,8664661,3870638653,"2,068.31",-10.45,-0.5,0
6/23/2024,63575.2,9563726.2,4374530672,"2,062.94",-5.37,-0.26,0
6/24/2024,68559.3,10709658.3,5076987054,"2,066.16",3.22,0.16,1
6/25/2024,62923,9436749,4186934357,"2,071.77",5.61,0.27,1
6/26/2024,56885,8728349,4057030223,"2,060.16",-11.61,-0.56,0
6/27/2024,53486,8903352,3714766323,"2,051.92",-8.24,-0.4,0
6/30/2024,54134.6,9180943.6,3605930728,"2,037.09",-14.83,-0.72,0
7/1/2024,46452.2,7166381.2,2998013798,"2,053.38",16.29,0.8,1
7/2/2024,62845,11647968,4576765015,"2,100.43",47.05,2.29,1
7/3/2024,63312,17136147,5083476110,"2,104.22",3.79,0.18,1
7/4/2024,86233.7,22169641.7,6482390774,"2,119.70",15.48,0.74,1
7/7/2024,82952,14016302,6002435085,"2,140.97",21.27,1,1
7/8/2024,62081,10476571,4569018914,"2,136.35",-4.62,-0.22,0
7/9/2024,68869.5,11563104.5,5415767468,"2,152.14",15.79,0.74,1
7/10/2024,74865,15298774,5743947434,"2,175.40",23.26,1.08,1
7/11/2024,89268,20237866,7078229459,"2,204.61",29.21,1.34,1
7/14/2024,98419.2,22049127.2,7620121355,"2,257.59",52.98,2.4,1
7/15/2024,104524,25071172,8719659102,"2,240.41",-17.18,-0.76,0
7/16/2024,121118,25837471,9137725829,"2,310.59",70.18,3.13,1
7/17/2024,150631,32096748,12059127156,"2,364.63",54.04,2.34,1
7/18/2024,185649,39938985,15548612072,"2,424.32",59.69,2.52,1
7/21/2024,178616,41196463,15238010487,"2,485.94",61.62,2.54,1
7/22/2024,172675,39756240,13914921144,"2,488.09",2.15,0.09,1
7/23/2024,172535,39791864,14116129921,"2,563.43",75.34,3.03,1
7/24/2024,188865,40747226,16208577315,"2,536.11",-27.32,-1.07,0
7/25/2024,161886,35596775,14137669764,"2,568.11",32,1.26,1
7/28/2024,165883.3,40316307.3,15810288243,"2,681.56",113.45,4.42,1
7/29/2024,223628,47791757,19609128656,"2,661.09",-20.47,-0.76,0
7/30/2024,208765,40373596,17266073173,"2,696.65",35.56,1.34,1
7/31/2024,239233,50968616,21911207711,"2,760.90",64.25,2.38,1
8/1/2024,231920,51322118,21711785926,"2,755.62",-5.28,-0.19,0
8/5/2024,240190,49775550,21864674927,"2,796.38",40.76,1.48,1
8/6/2024,273689,53845825,23716171661,"2,651.32",-145.06,-5.19,0
8/7/2024,214805,38043136,17950650294,"2,759.67",108.35,4.09,1
8/8/2024,210955,50947133,20069736299,"2,766.38",6.71,0.24,1
8/11/2024,276219,60271545,25726778537,"2,860.91",94.53,3.42,1
8/12/2024,285184,64878282,27241955909,"2,931.65",70.74,2.47,1
8/13/2024,243793,52766636,21514657618,"2,923.46",-8.19,-0.28,0
8/14/2024,246137.1,51232255.1,23430361526,"2,957.75",34.29,1.17,1
8/15/2024,312520,68981211,29958395790,"3,000.81",43.06,1.46,1
8/18/2024,303045,65477230,28836719370,"2,966.33",-34.48,-1.15,0
8/21/2024,215315,41454631,18905395702,"2,968.44",2.11,0.07,1
8/22/2024,219679.1,40954525.1,19160213093,"2,974.46",6.02,0.2,1
8/25/2024,221754,42689405,19740146706,"2,894.57",-79.89,-2.69,0
8/27/2024,237567,43871982,18649317781,"2,782.60",-111.97,-3.87,0
8/28/2024,171373,35010007,13727122979,"2,786.40",3.8,0.14,1
8/29/2024,147201,28347171,12243526466,"2,749.57",-36.83,-1.32,0
9/1/2024,132784,26248000,10517056125,"2,695.93",-53.64,-1.95,0
9/2/2024,162763,31431164,13103505579,"2,823.25",127.32,4.72,1
9/3/2024,145199.1,30600770.1,13576978584,"2,830.16",6.91,0.24,1
9/4/2024,138310,26585242,12925573515,"2,739.46",-90.7,-3.2,0
9/5/2024,114845.2,20155971.2,9651327942,"2,727.36",-12.1,-0.44,0
9/8/2024,114453,22264878,10122194739,"2,701.90",-25.46,-0.93,0
9/9/2024,115244.2,21040973.2,9427561967,"2,646.03",-55.87,-2.07,0
9/10/2024,96701,19080654,7245380935,"2,632.94",-13.09,-0.49,0
9/11/2024,89139.2,15430558.2,6850891959,"2,610.21",-22.73,-0.86,0
9/12/2024,104462.9,19433779.9,8168881350,"2,688.53",78.32,3,1
9/15/2024,121880.1,24848421.1,10338701426,"2,637.79",-50.74,-1.89,0
9/16/2024,93833,17062772,7361932369,"2,580.76",-57.03,-2.16,0
9/18/2024,82560.8,13954009.8,5668860024,"2,576.76",-4,-0.15,0
9/22/2024,75141,12487819,5092836521,"2,588.35",11.59,0.45,1
9/23/2024,79322,13537538,5659738144,"2,529.33",-59.02,-2.28,0
9/24/2024,79436,15507029,5689481557,"2,470.39",-58.94,-2.33,0
9/25/2024,71590,12501041,4813088729,"2,519.57",49.18,1.99,1
9/26/2024,68509.1,13694727.1,4841275218,"2,486.76",-32.81,-1.3,0
9/29/2024,59420,10312871,4050622362,"2,464.40",-22.36,-0.9,0
9/30/2024,51701,9718490,3714845915,"2,508.86",44.46,1.8,1
10/1/2024,100176.7,17510731.7,7616414764,"2,623.56",114.7,4.57,1
10/2/2024,85259,15201870,6778115656,"2,597.49",-26.07,-0.99,0
10/6/2024,70879,15047482,6137944816,"2,653.58",56.09,2.16,1
10/7/2024,75228,15847437,7095823477,"2,690.72",37.14,1.4,1
10/8/2024,46900,10331508,4593701494,"2,663.32",-27.4,-1.02,0
10/9/2024,40131,8312685,3761512707,"2,668.17",4.85,0.18,1
10/15/2024,36677,6418223,3062260549,"2,699.66",31.49,1.18,1
10/16/2024,69185,13227036,5659574643,"2,742.88",43.22,1.6,1
10/17/2024,81629,18808427,7192688767,"2,745.36",2.48,0.09,1
10/20/2024,89741.1,20869851.1,8180159520,"2,697.91",-47.45,-1.73,0
10/21/2024,73452,13864214,5900520999,"2,639.92",-57.99,-2.15,0
10/22/2024,55853.5,10964324.5,4171525465,"2,665.81",25.89,0.98,1
10/23/2024,67261.5,15744347.5,6278595181,"2,645.39",-20.42,-0.77,0
10/24/2024,63941,12285731,5419050257,"2,627.14",-18.25,-0.69,0
10/27/2024,57671,11134854,4732118873,"2,617.95",-9.19,-0.35,0
10/28/2024,60734,10420959,5344633255,"2,645.36",27.41,1.05,1
10/29/2024,70784,13375301,6127869010,"2,692.05",46.69,1.76,1
10/30/2024,59698,12069878,5953950788,"2,677.62",-14.43,-0.54,0
11/5/2024,49683.1,9715810.1,4205405475,"2,677.40",-0.22,-0.01,0
11/6/2024,58532.5,11603789.5,5222079688,"2,675.51",-1.89,-0.07,0
11/10/2024,103986.6,22477268.6,9770737699,"2,738.06",62.55,2.34,1
11/11/2024,114996,24558095,11315108402,"2,760.21",22.15,0.81,1
11/12/2024,84691.8,16789008.8,7859687507,"2,748.96",-11.25,-0.41,0
11/13/2024,80001.5,15364296.5,7911918676,"2,734.83",-14.13,-0.51,0
11/14/2024,104906,21662865,10319056681,"2,748.78",13.95,0.51,1
11/17/2024,115480.7,24428796.7,11726406181,"2,753.76",4.98,0.18,1
11/19/2024,105827,22588247,10468320522,"2,702.65",-51.11,-1.86,0
11/20/2024,76448,15466679,7092858131,"2,711.75",9.1,0.34,1
11/21/2024,85889.1,18474983.1,8257566409,"2,680.44",-31.31,-1.15,0
11/24/2024,77588.7,15271343.7,7728831983,"2,667.40",-13.04,-0.49,0
11/25/2024,68090.3,12265973.3,6345724258,"2,683.24",15.84,0.59,1
11/26/2024,76606,14293752,7449873138,"2,716.66",33.42,1.25,1
11/27/2024,91166.5,17185924.5,9312829078,"2,756.36",39.7,1.46,1
11/28/2024,84166,16664319,8545446409,"2,748.05",-8.31,-0.3,0
12/1/2024,85881.1,16768753.1,8830942490,"2,738.06",-9.99,-0.36,0
12/2/2024,105651,23013311,10541505964,"2,758.04",19.98,0.73,1
12/3/2024,90939.4,18162623.4,8521030215,"2,775.85",17.81,0.65,1
12/4/2024,98816.1,20334133.1,9132389779,"2,750.87",-24.98,-0.9,0
12/5/2024,88506.3,16798719.3,8369646156,"2,734.93",-15.94,-0.58,0
12/8/2024,82439,17393241,7460263575,"2,689.00",-45.93,-1.68,0
12/9/2024,66063.1,11525772.1,5629368787,"2,676.15",-12.85,-0.48,0
12/10/2024,52705,8768566,4413320291,"2,669.82",-6.33,-0.24,0
12/11/2024,57390,11387870,5050628450,"2,715.71",45.89,1.72,1
12/12/2024,68254,12372410,6144026334,"2,682.29",-33.42,-1.23,0
12/16/2024,68686,12746738,5935521697,"2,630.91",-51.38,-1.92,0
12/17/2024,56104.7,8941400.7,4343126994,"2,633.87",2.96,0.11,1
12/18/2024,52704.1,8150486.1,4269950278,"2,628.26",-5.61,-0.21,0
12/19/2024,58172.1,9833728.1,4759408074,"2,596.82",-31.44,-1.2,0
12/22/2024,61143,9183197,4517469607,"2,583.29",-13.53,-0.52,0
12/23/2024,58126.5,8910140.5,4429028402,"2,612.20",28.91,1.12,1
12/24/2024,68253.4,12749499.4,5201985022,"2,626.31",14.11,0.54,1
12/26/2024,62901,20979993,5329221555,"2,630.71",4.4,0.17,1
12/29/2024,68968,11101189,5474596375,"2,609.58",-21.13,-0.8,0
12/31/2024,71056,13175464,5674629466,"2,576.50",-33.08,-1.27,0
1/1/2025,45906,9436120,3597369859,"2,581.60",5.1,0.2,1
1/2/2025,52644.8,10088548.8,4602869021,"2,586.23",4.63,0.18,1
1/5/2025,64594.9,9388822.9,4858709539,"2,591.56",5.33,0.21,1
1/6/2025,77768.5,15462942.5,6304791509,"2,640.68",49.12,1.9,1
1/7/2025,67678,12082577,5384582796,"2,646.84",6.16,0.23,1
1/8/2025,74351.3,15504810.3,6407793899,"2,653.23",6.39,0.24,1
1/9/2025,75531,15725534,7305263727,"2,635.09",-18.14,-0.68,0
1/12/2025,47663,8022656,3997883099,"2,609.67",-25.42,-0.96,0
1/13/2025,66464.1,13872294.1,6650368749,"2,594.13",-15.54,-0.6,0
1/15/2025,64518,10746072,5824323880,"2,595.96",1.83,0.07,1
1/16/2025,71667,11750725,5933701345,"2,588.62",-7.34,-0.28,0
1/19/2025,73561,12983154,6256734214,"2,601.21",12.59,0.49,1
1/20/2025,75417,13678926,6570401384,"2,607.99",6.78,0.26,1
1/21/2025,70856,11626850,6189944196,"2,613.08",5.09,0.2,1
1/22/2025,94010,17651079,9151345593,"2,665.45",52.37,2,1
1/23/2025,86164.6,15106090.6,7857679238,"2,654.35",-11.1,-0.42,0
1/26/2025,96974,15722252,9128357470,"2,643.93",-10.42,-0.39,0
1/27/2025,89719.5,17255592.5,8923902911,"2,633.27",-10.66,-0.4,0
1/28/2025,98384,19683176,9402337774,"2,657.77",24.5,0.93,1
2/2/2025,131928,24848766,12955415432,"2,727.58",69.81,2.63,1
2/3/2025,115180.1,23773400.1,11875738476,"2,730.00",2.42,0.09,1
2/4/2025,93457,16920870,8919443397,"2,715.91",-14.09,-0.52,0
2/5/2025,92880.5,19183333.5,8957782053,"2,711.45",-4.46,-0.16,0
2/6/2025,94444,18682463,9247322326,"2,699.81",-11.64,-0.43,0
2/9/2025,85323,15856581,8398582879,"2,688.31",-11.5,-0.43,0
2/10/2025,75906.5,14444711.5,6960188223,"2,677.32",-10.99,-0.41,0
2/11/2025,72094,13968258,7246221260,"2,683.86",6.54,0.24,1
2/12/2025,85114.9,15522795.9,8717812758,"2,685.73",1.87,0.07,1
2/13/2025,81040,15877233,7921165410,"2,678.47",-7.26,-0.27,0
2/16/2025,98483.6,20986586.6,9470240127,"2,698.03",19.56,0.73,1
2/17/2025,104049,18082351,10049645308,"2,727.91",29.88,1.11,1
2/18/2025,102941,18233310,10436598540,"2,740.59",12.68,0.46,1
2/20/2025,87263,15637973,8627609525,"2,743.74",3.15,0.11,1
2/23/2025,111150.5,21207735.5,11547722284,"2,755.40",11.66,0.42,1
2/24/2025,105407,21112537,11085220271,"2,758.75",3.35,0.12,1
2/25/2025,98675,17866763,9909324508,"2,765.88",7.13,0.26,1
2/27/2025,114180.3,26201803.3,11392262873,"2,815.04",49.16,1.78,1
3/2/2025,140632.4,29167642.4,14250420154,"2,890.28",75.24,2.67,1
3/3/2025,140589.5,31242268.5,14284484733,"2,876.66",-13.62,-0.47,0
3/4/2025,124488,26391842,12946252089,"2,846.30",-30.36,-1.06,0
3/5/2025,102622.5,23344123.5,10972552273,"2,821.13",-25.17,-0.88,0
3/6/2025,93895,19041514,10101817682,"2,818.43",-2.7,-0.1,0
3/9/2025,115685,22729421,10093427178,"2,772.10",-46.33,-1.64,0
3/10/2025,89283.5,15096821.5,8377815295,"2,751.42",-20.68,-0.75,0
3/11/2025,94314,15561893,8391062355,"2,719.20",-32.22,-1.17,0
3/12/2025,81357.5,22943341.5,8235110619,"2,736.48",17.28,0.64,1
3/16/2025,82313.5,13977611.5,6836501898,"2,714.85",-21.63,-0.79,0
3/17/2025,60863.6,9939088.6,5408239890,"2,704.70",-10.15,-0.37,0
3/18/2025,53031.2,8240006.2,4346522154,"2,697.04",-7.66,-0.28,0
3/19/2025,57932.5,9586813.5,5143625184,"2,682.15",-14.89,-0.55,0
3/20/2025,58850,9602415,4560952333,"2,669.31",-12.84,-0.48,0
3/23/2025,74431.1,12373372.1,6320083756,"2,614.68",-54.63,-2.05,0
3/24/2025,60437.2,9741819.2,4483453170,"2,640.78",26.1,1,1
3/25/2025,64224.1,11158037.44,5180571537,"2,582.73",-58.05,-2.2,0
3/26/2025,50992,9145107,4204351545,"2,621.86",39.13,1.52,1
3/27/2025,58760,9775461,5222994736,"2,663.30",41.44,1.58,1
3/30/2025,78570.6,15575018.6,7568138756,"2,693.12",29.82,1.12,1
4/1/2025,59765.3,10673575.4,5797471083,"2,676.17",-16.95,-0.63,0
4/2/2025,55930.1,10444656.1,5444359524,"2,700.04",23.87,0.89,1
4/3/2025,71244.5,15505057.5,7844536787,"2,703.39",3.35,0.12,1
4/7/2025,59050.2,10018165.1,5658901291,"2,670.06",-33.33,-1.23,0
4/8/2025,56747,10646358.1,5309164023,"2,666.61",-3.45,-0.13,0
4/9/2025,48346,10076777,4484290467,"2,676.28",9.67,0.36,1
4/10/2025,52887,11387860.7,5637872340,"2,670.70",-5.58,-0.21,0
4/13/2025,57564,13192162,6279897181,"2,662.08",-8.62,-0.32,0
4/15/2025,72587.2,21843932.2,8543998054,"2,689.22",27.14,1.02,1
4/16/2025,66583,16613624.9,7264969640,"2,696.23",7.01,0.26,1
4/17/2025,93802,23771576,10790841341,"2,722.73",26.5,0.98,1
4/20/2025,77314.2,21326807.1,8433118683,"2,706.04",-16.69,-0.61,0
4/21/2025,82055,21201824.68,8769515323,"2,698.28",-7.76,-0.29,0
4/22/2025,74046.6,22557989.6,8321188801,"2,688.32",-9.96,-0.37,0
4/23/2025,66385.3,18479536.34,7575047776,"2,655.94",-32.38,-1.2,0
4/24/2025,74003,19756431,7878124567,"2,658.02",2.08,0.08,1
4/27/2025,91438.2,28440567.2,10875854320,"2,661.60",3.58,0.13,1
4/28/2025,80402.1,23692118.1,8912439846,"2,647.07",-14.53,-0.55,0
4/29/2025,68536,18493941,7574881716,"2,631.98",-15.09,-0.57,0
4/30/2025,80847.2,24642283.4,9374067979,"2,623.83",-8.15,-0.31,0
5/4/2025,85258,21908331,9245295198,"2,620.39",-3.44,-0.13,0
5/5/2025,69142.1,18440948.8,7633908533,"2,610.40",-9.99,-0.38,0
5/6/2025,84462.3,20546185.96,8746553419,"2,611.43",1.03,0.04,1
5/7/2025,101550.7,27247632.7,10518321164,"2,673.69",62.26,2.38,1
5/8/2025,105516,30801189.26,11649904349,"2,661.64",-12.05,-0.45,0
5/11/2025,89974,24012009,10202675869,"2,649.11",-12.53,-0.47,0
5/13/2025,103578.1,21829344,9634781982,"2,634.23",-14.88,-0.56,0
5/14/2025,114839,18498273.4,8736400352,"2,620.27",-13.96,-0.53,0
5/15/2025,79510,17424888,7083271816,"2,611.85",-8.42,-0.32,0
5/18/2025,81031.9,16908797.1,8509127746,"2,609.05",-2.8,-0.11,0
5/19/2025,73470,16207468,7358564985,"2,628.36",19.31,0.74,1
5/20/2025,75223.6,16890481.6,7312634031,"2,677.45",49.09,1.87,1
5/21/2025,90293.7,23028210.7,10698410433,"2,669.51",-7.94,-0.3,0
5/22/2025,90053,22359057.5,9777609738,"2,688.55",19.04,0.71,1
5/25/2025,75012.1,18509940.2,7609279450,"2,679.98",-8.57,-0.32,0
5/26/2025,74044.1,17164412.1,7584337152,"2,674.76",-5.22,-0.19,0
5/27/2025,63019,14302694.1,6527784074,"2,675.62",0.86,0.03,1
5/28/2025,80654,20762819.9,8585910256,"2,693.06",17.44,0.65,1
6/2/2025,84173.1,22032896.1,9226176006,"2,694.66",1.6,0.06,1
6/3/2025,78848,15541736.3,6679452602,"2,658.93",-35.73,-1.33,0
6/4/2025,61352.3,13784517.88,5163135484,"2,646.95",-11.98,-0.45,0
6/5/2025,79841.5,17110725.5,7970594686,"2,640.96",-5.99,-0.23,0
6/8/2025,87762,19992898,9136953259,"2,629.89",-11.07,-0.42,0
6/9/2025,82158.1,17504997.1,8689218411,"2,653.09",23.2,0.88,1
6/10/2025,82788.5,23698147.5,10160928506,"2,678.17",25.08,0.95,1
6/11/2025,82756.2,22076774.2,9906952870,"2,664.47",-13.7,-0.51,0
6/12/2025,105073.1,28609787.1,12515222979,"2,655.38",-9.09,-0.34,0
6/15/2025,97443.4,25395709.35,11443136487,"2,655.85",0.47,0.02,1
6/16/2025,108826.1,33641009.7,13186762794,"2,658.66",2.81,0.11,1
6/17/2025,72304.9,16402966.9,7653207642,"2,654.75",-3.91,-0.15,0
6/18/2025,80185.2,23449088.2,9085849765,"2,653.68",-1.07,-0.04,0
6/19/2025,124774.1,29418463.1,11231302625,"2,628.91",-24.77,-0.93,0
6/22/2025,89517,21549031,9145590320,"2,595.97",-32.94,-1.25,0
6/23/2025,75220.1,17590732.1,6471188087,"2,600.76",4.79,0.18,1
6/24/2025,67144.1,13822804.1,5767725582,"2,600.53",-0.23,-0.01,0
6/25/2025,63906.3,13761614.3,5942773696,"2,600.20",-0.33,-0.01,0
6/26/2025,78622,19654237,7779836845,"2,595.74",-4.46,-0.17,0
6/29/2025,77988.9,16646063.9,7121409803,"2,622.28",26.54,1.02,1
6/30/2025,65456,14174472,6387049126,"2,631.48",9.2,0.35,1
7/1/2025,73495.6,15767178.6,7032933463,"2,660.39",28.91,1.1,1
7/2/2025,91553.6,30184378.6,9744791236,"2,694.82",34.43,1.29,1
7/3/2025,97468,24977375,9645497136,"2,703.96",9.14,0.34,1
7/6/2025,90651.1,27135272.1,9499672610,"2,706.36",2.4,0.09,1
7/7/2025,73531,19417751,8377152888,"2,684.01",-22.35,-0.83,0
